student_id,course_id,date
S01449,C001,2024-02-25
S05743,C025,2025-09-22
S06619,C046,2025-05-18
S07329,C018,2025-07-27
S02771,C020,2024-07-17
S09904,C030,2024-01-04
S09338,C007,2025-04-04
S06307,C033,2025-08-22
S00082,C028,2025-05-05
S01595,C019,2024-08-07
S01936,C012,2025-11-26
S04280,C012,2024-07-05
S01968,C015,2025-01-31
S02912,C003,2024-04-25
S06261,C003,2025-11-11
S03597,C015,2024-01-29
S08413,C034,2024-06-12
S00966,C034,2024-06-22
S04289,C006,2024-03-22
S06986,C026,2025-01-08
S06067,C031,2023-12-08
S01010,C009,2025-06-26
S03268,C043,2024-05-26
S00159,C025,2024-08-17
S08719,C015,2024-11-29
S01951,C013,2025-07-12
S04569,C031,2024-10-31
S09569,C009,2025-01-15
S08595,C004,2024-03-27
S04613,C030,2024-08-09
S09058,C038,2024-05-21
S08785,C044,2025-08-09
S04516,C021,2025-11-01
S08072,C022,2024-09-28
S07921,C015,2025-09-26
S00164,C047,2024-03-08
S04055,C021,2025-05-30
S02599,C003,2024-04-19
S03572,C006,2025-04-27
S06936,C008,2025-03-23
S00524,C008,2025-01-06
S09741,C045,2024-04-27
S02984,C044,2024-01-05
S03459,C045,2025-09-02
S05328,C049,2024-02-14
S03351,C015,2025-07-18
S05458,C004,2025-11-24
S02647,C050,2025-09-24
S02854,C016,2025-02-25
S06534,C019,2025-04-27
S07636,C041,2025-03-24
S07266,C036,2024-10-31
S00270,C048,2024-10-07
S01315,C034,2024-06-28
S01842,C014,2025-08-31
S03476,C031,2024-06-26
S02777,C035,2024-12-03
S08867,C039,2025-03-23
S04391,C024,2024-12-15
S07611,C005,2023-12-22
S00808,C001,2025-02-15
S09691,C030,2024-06-29
S09655,C012,2025-05-14
S02962,C018,2024-09-22
S08133,C035,2024-04-15
S07048,C009,2024-03-04
S02947,C019,2025-08-16
S08379,C006,2024-01-03
S07386,C021,2024-07-06
S07985,C035,2024-02-12
S09580,C028,2024-10-14
S08360,C043,2024-03-22
S09967,C006,2025-07-09
S06798,C034,2025-03-14
S07305,C006,2025-02-17
S06632,C042,2024-06-10
S08741,C044,2025-01-13
S07809,C012,2024-05-07
S06966,C017,2024-10-31
S09728,C037,2025-09-29
S06715,C027,2024-12-09
S01096,C017,2025-05-09
S02461,C029,2024-02-05
S03774,C009,2025-10-03
S01822,C035,2024-05-31
S05517,C009,2025-01-06
S04892,C041,2025-02-02
S08442,C036,2024-05-07
S02779,C040,2025-10-17
S03483,C047,2024-03-26
S09305,C021,2024-12-07
S08797,C023,2024-10-05
S03489,C027,2025-07-27
S07449,C039,2024-04-05
S09504,C024,2025-01-07
S03921,C001,2024-04-27
S08458,C018,2024-07-16
S02825,C021,2025-10-17
S03095,C017,2025-01-22
S09937,C001,2025-08-26
S04533,C047,2024-01-14
S06575,C004,2024-02-16
S09175,C035,2025-01-02
S03617,C008,2024-11-03
S06805,C024,2025-10-05
S05174,C011,2024-07-11
S03540,C004,2025-11-25
S03561,C009,2025-06-30
S04580,C018,2025-01-31
S06741,C044,2025-02-10
S00173,C040,2024-02-12
S07197,C050,2024-01-17
S01824,C021,2024-11-18
S03669,C008,2024-11-16
S05108,C022,2024-02-03
S07751,C027,2025-01-08
S09675,C012,2025-05-29
S07552,C049,2025-12-04
S08025,C022,2024-03-18
S04317,C006,2025-10-04
S06357,C017,2024-05-24
S01224,C041,2024-01-01
S05388,C029,2024-02-08
S02887,C008,2023-12-18
S09512,C027,2025-07-17
S01702,C029,2024-01-06
S07560,C043,2024-09-09
S07310,C036,2024-09-29
S07408,C006,2025-01-14
S03906,C014,2024-05-15
S05918,C014,2024-08-10
S02647,C002,2024-11-23
S09108,C039,2024-11-09
S06792,C004,2025-02-09
S09031,C050,2023-12-16
S07402,C032,2024-05-05
S03183,C032,2025-02-20
S05415,C037,2025-08-27
S00908,C040,2024-06-19
S07650,C039,2024-01-26
S04218,C026,2025-04-12
S02183,C045,2024-07-07
S02010,C014,2024-10-30
S07152,C031,2024-01-30
S00161,C007,2024-08-15
S09929,C027,2025-08-17
S05702,C046,2025-11-28
S05652,C007,2025-06-14
S04213,C024,2024-05-09
S01216,C045,2025-06-09
S02171,C040,2024-02-18
S03882,C047,2023-12-21
S01972,C046,2025-07-14
S01919,C024,2025-06-18
S04892,C022,2024-08-15
S05357,C021,2025-09-11
S04391,C039,2025-08-20
S06725,C023,2025-05-28
S02369,C002,2025-10-25
S03108,C019,2024-12-29
S01232,C007,2024-10-22
S07946,C016,2024-08-07
S03469,C032,2024-07-18
S01036,C026,2024-07-04
S01758,C046,2024-01-01
S01400,C043,2025-08-03
S00053,C023,2025-01-14
S08570,C018,2024-11-27
S01953,C048,2025-02-08
S07254,C013,2025-07-22
S08668,C041,2024-08-12
S07528,C040,2024-03-31
S07582,C033,2025-08-10
S01365,C042,2025-08-22
S09106,C035,2025-09-19
S01875,C043,2025-06-23
S06287,C016,2025-09-23
S06068,C037,2024-05-06
S07159,C024,2024-07-12
S06897,C005,2025-01-13
S05579,C018,2024-06-23
S01917,C006,2024-01-19
S09220,C026,2024-08-19
S01740,C045,2025-03-06
S07467,C021,2025-05-30
S00323,C011,2024-02-16
S09036,C015,2024-03-22
S08680,C043,2024-11-28
S04219,C024,2023-12-27
S04848,C001,2024-11-16
S01514,C048,2024-08-04
S05335,C034,2025-07-05
S06677,C011,2024-06-10
S07874,C047,2025-01-16
S06108,C047,2024-11-12
S07537,C043,2024-07-31
S05512,C039,2025-06-19
S04286,C014,2024-12-08
S07136,C013,2025-10-24
S01368,C043,2024-03-06
S04361,C012,2024-09-26
S06176,C027,2025-10-15
S05505,C020,2025-06-11
S07480,C035,2023-12-10
S08519,C031,2024-09-04
S00986,C023,2024-08-07
S08694,C013,2025-07-03
S02573,C014,2024-01-20
S09186,C023,2024-01-17
S06399,C014,2024-06-10
S04764,C011,2024-01-26
S07862,C032,2025-10-06
S01196,C005,2025-10-03
S01814,C005,2025-09-01
S02390,C005,2024-02-13
S06773,C001,2025-10-05
S08326,C040,2025-08-27
S07650,C009,2024-06-22
S04745,C016,2023-12-29
S05974,C015,2024-11-02
S07334,C049,2024-02-10
S08312,C044,2024-12-28
S06088,C016,2024-07-22
S01197,C035,2024-03-16
S04460,C039,2024-10-08
S08659,C013,2024-01-19
S08457,C041,2024-05-24
S09254,C014,2025-09-02
S07382,C025,2025-11-13
S01199,C012,2023-12-14
S04214,C014,2025-11-12
S04897,C034,2025-10-30
S03754,C046,2024-04-07
S06234,C006,2024-09-14
S09543,C009,2025-03-14
S06729,C002,2025-10-06
S08677,C016,2024-04-17
S02665,C049,2025-05-23
S07190,C047,2025-07-18
S04631,C013,2024-02-06
S04183,C048,2024-01-16
S04228,C019,2025-03-18
S03229,C016,2025-10-13
S08039,C037,2025-05-26
S00448,C042,2024-03-23
S08409,C040,2025-01-22
S06676,C043,2025-07-26
S09721,C017,2025-06-23
S08537,C049,2025-06-08
S02599,C010,2024-09-14
S01411,C032,2024-10-02
S05463,C003,2025-04-28
S07946,C015,2024-03-15
S02622,C046,2024-07-09
S05469,C034,2024-04-18
S00069,C038,2025-03-08
S04387,C029,2024-02-08
S09089,C007,2024-01-18
S00819,C049,2024-06-25
S02823,C003,2024-02-16
S05206,C002,2025-09-24
S09678,C049,2025-03-06
S01227,C002,2025-08-17
S04760,C031,2024-12-11
S06124,C026,2025-01-26
S09048,C030,2024-10-24
S04292,C044,2025-02-10
S05697,C042,2025-11-18
S00461,C035,2024-12-02
S01349,C043,2025-07-15
S09535,C004,2025-04-16
S01748,C010,2025-01-08
S04085,C049,2024-11-17
S06800,C003,2024-08-20
S06957,C024,2025-07-23
S07547,C004,2025-04-06
S08557,C009,2025-11-11
S04840,C023,2024-07-10
S06366,C003,2024-08-19
S00743,C035,2025-01-18
S08228,C029,2024-03-08
S05719,C038,2025-02-01
S03073,C017,2024-12-18
S05566,C006,2025-04-08
S08018,C005,2024-11-16
S08552,C003,2023-12-30
S01022,C023,2025-02-20
S04570,C033,2024-10-20
S02333,C026,2024-06-09
S02953,C040,2024-05-02
S07525,C002,2025-03-09
S04844,C026,2024-11-21
S06277,C004,2024-11-27
S09212,C036,2025-05-30
S07650,C047,2024-12-07
S08255,C014,2025-11-22
S00801,C043,2024-08-27
S03998,C029,2024-11-18
S01139,C023,2024-02-26
S05786,C024,2024-11-19
S09192,C011,2025-03-06
S08400,C002,2024-03-08
S08003,C037,2025-07-05
S02080,C005,2024-08-11
S05855,C038,2024-12-08
S02309,C048,2024-02-04
S05465,C005,2025-09-19
S02362,C029,2025-08-16
S08820,C012,2025-05-22
S05770,C036,2024-03-07
S01383,C005,2024-04-02
S04600,C047,2024-09-15
S05230,C026,2025-08-16
S07672,C006,2024-09-21
S03059,C019,2025-01-04
S05608,C010,2024-10-30
S00768,C030,2025-10-20
S03756,C029,2024-04-06
S02853,C025,2024-06-23
S05075,C010,2024-12-08
S04303,C032,2023-12-14
S04002,C003,2024-02-16
S09040,C039,2024-10-16
S08975,C037,2025-05-15
S03007,C012,2023-12-13
S02157,C022,2025-10-10
S09290,C002,2025-07-11
S02612,C039,2024-11-04
S01801,C036,2025-10-23
S04488,C040,2024-03-23
S00161,C033,2025-03-30
S01382,C044,2025-11-02
S05468,C011,2025-06-26
S02296,C010,2025-11-09
S00233,C045,2024-04-16
S03569,C046,2024-06-11
S02384,C028,2024-03-12
S07942,C007,2024-08-31
S06050,C034,2025-02-10
S09001,C042,2024-05-22
S01079,C028,2024-09-10
S06348,C012,2024-09-12
S03552,C008,2025-11-02
S01838,C026,2025-10-07
S01910,C023,2025-04-14
S00970,C006,2024-12-14
S06896,C017,2024-12-05
S08478,C028,2025-02-23
S08468,C023,2024-05-14
S05723,C034,2024-11-03
S09025,C045,2023-12-19
S09566,C049,2024-05-27
S01828,C032,2024-07-03
S09401,C048,2025-01-07
S08097,C027,2025-04-30
S09831,C039,2025-10-06
S00141,C028,2024-12-27
S07732,C038,2023-12-16
S08621,C036,2024-03-28
S06881,C008,2025-10-15
S08788,C049,2025-02-27
S02107,C045,2024-11-07
S00464,C013,2025-01-07
S06450,C050,2024-04-13
S05506,C024,2025-02-06
S07946,C050,2025-10-06
S06633,C018,2025-11-06
S04222,C050,2024-09-11
S07281,C050,2024-10-26
S09658,C013,2024-09-05
S03152,C023,2024-03-06
S01857,C014,2024-05-26
S04002,C003,2024-04-13
S02680,C002,2024-06-22
S04040,C004,2025-02-06
S02613,C001,2024-12-02
S09728,C035,2025-08-31
S05128,C029,2025-01-07
S06702,C044,2025-09-17
S02470,C050,2024-09-06
S02920,C008,2024-07-01
S01673,C003,2025-06-30
S01703,C046,2025-08-27
S09484,C039,2025-03-12
S09554,C025,2024-02-27
S05299,C014,2024-08-18
S09996,C050,2023-12-07
S06806,C029,2024-04-14
S08633,C039,2024-04-05
S02360,C008,2025-06-02
S05230,C029,2025-07-03
S03516,C041,2025-07-19
S09606,C030,2025-10-05
S00136,C031,2025-06-06
S05873,C047,2024-03-02
S00632,C016,2024-03-14
S03020,C010,2024-06-09
S08503,C023,2025-05-28
S02329,C032,2024-03-24
S00597,C022,2024-11-20
S09557,C040,2025-04-14
S09247,C030,2025-03-10
S05878,C037,2025-06-06
S08400,C006,2024-05-29
S06233,C039,2025-02-07
S02562,C044,2024-10-30
S00676,C025,2024-04-25
S08026,C033,2025-05-26
S07447,C042,2025-10-08
S00733,C009,2024-09-07
S04719,C029,2024-12-03
S06058,C004,2024-02-25
S07724,C046,2024-12-11
S05886,C027,2025-03-05
S08646,C040,2025-04-07
S04401,C041,2025-04-15
S05807,C046,2024-05-28
S08800,C007,2025-07-10
S09195,C039,2025-07-07
S06269,C013,2024-04-06
S08961,C016,2024-09-19
S00825,C044,2023-12-10
S00855,C045,2024-08-16
S04964,C008,2024-11-14
S02680,C006,2025-01-05
S07017,C015,2024-11-13
S05021,C018,2024-08-08
S08131,C030,2025-05-02
S03534,C028,2025-07-13
S05818,C024,2024-02-13
S08130,C047,2025-01-29
S02350,C001,2024-10-19
S08134,C028,2024-09-24
S07973,C050,2025-07-12
S06234,C017,2025-08-15
S09612,C016,2024-02-01
S04582,C043,2025-01-14
S09577,C003,2024-08-15
S03648,C047,2024-01-01
S08396,C033,2025-04-20
S00344,C013,2024-09-04
S03394,C010,2024-04-06
S00630,C042,2024-07-07
S06966,C001,2024-10-12
S02790,C048,2024-01-16
S04424,C049,2025-02-09
S05800,C024,2024-01-25
S09876,C021,2024-09-17
S07763,C046,2025-04-25
S03459,C045,2025-01-30
S07906,C013,2024-04-10
S03284,C030,2025-07-07
S05599,C004,2024-10-26
S08888,C030,2024-05-25
S05932,C012,2024-11-23
S03628,C008,2024-12-16
S03817,C009,2025-08-26
S01525,C029,2024-12-15
S06383,C001,2025-10-11
S07484,C032,2025-09-03
S01765,C050,2024-01-25
S04861,C009,2025-01-28
S06359,C031,2024-03-29
S07667,C022,2024-10-28
S06698,C049,2023-12-20
S08046,C022,2025-10-11
S06299,C021,2024-07-10
S04613,C042,2025-11-18
S02603,C005,2024-03-07
S04647,C009,2025-06-04
S03886,C024,2025-04-27
S04787,C008,2024-02-07
S06133,C017,2025-10-27
S04946,C032,2024-03-30
S08587,C012,2025-04-02
S01935,C041,2025-06-10
S08250,C012,2025-07-23
S01599,C041,2024-12-29
S00328,C004,2024-05-11
S00849,C028,2025-08-09
S05916,C024,2024-05-18
S08898,C014,2024-10-27
S08683,C007,2025-05-31
S02587,C034,2025-10-17
S05548,C001,2025-04-07
S01866,C041,2024-03-27
S04706,C038,2025-11-12
S07334,C044,2024-06-29
S05857,C024,2024-07-30
S00008,C035,2025-09-30
S07849,C026,2024-07-08
S06486,C007,2024-06-13
S01397,C035,2025-07-15
S09841,C026,2024-11-12
S02403,C020,2025-06-03
S04610,C036,2025-08-05
S04222,C031,2024-08-25
S02144,C006,2025-07-23
S08765,C015,2024-09-03
S08535,C030,2024-11-15
S01384,C028,2023-12-28
S08164,C037,2024-02-08
S01269,C007,2024-06-27
S04406,C005,2025-02-13
S03306,C009,2025-11-20
S05704,C025,2024-04-21
S09713,C014,2024-03-12
S02084,C048,2024-06-13
S06748,C019,2024-03-21
S08882,C004,2025-11-21
S04380,C035,2024-01-02
S06081,C035,2025-03-11
S09368,C050,2025-04-29
S04347,C040,2025-03-13
S03748,C033,2025-10-25
S06353,C009,2024-07-15
S07483,C004,2024-02-27
S03468,C004,2025-01-28
S04064,C038,2025-10-19
S05041,C014,2024-01-30
S08795,C016,2024-07-17
S06400,C004,2025-10-04
S09254,C039,2025-11-05
S04606,C041,2025-02-03
S03962,C016,2024-06-24
S07760,C016,2024-12-14
S07157,C015,2024-10-19
S07253,C018,2025-05-29
S02300,C025,2024-08-23
S00145,C030,2025-10-28
S07509,C009,2024-03-24
S05611,C018,2023-12-28
S05029,C017,2025-04-06
S01292,C023,2025-07-03
S04659,C019,2024-10-29
S07011,C002,2024-12-28
S03356,C005,2025-07-23
S04179,C004,2024-09-22
S04927,C006,2024-02-12
S00826,C032,2025-02-01
S08983,C031,2025-11-28
S05263,C036,2025-03-27
S08251,C035,2024-06-30
S05166,C016,2025-05-09
S04459,C022,2024-10-04
S00958,C021,2024-10-05
S07938,C021,2024-03-27
S05613,C048,2023-12-12
S02379,C015,2024-03-11
S06833,C005,2024-12-03
S03393,C044,2024-03-14
S07128,C027,2024-12-04
S09213,C048,2025-07-09
S05978,C022,2025-11-09
S04120,C035,2024-06-22
S06181,C047,2024-10-07
S06292,C007,2024-11-12
S05473,C048,2024-07-31
S08074,C012,2025-09-10
S03791,C024,2025-02-27
S06695,C010,2024-02-15
S02515,C021,2024-02-25
S04609,C004,2025-02-05
S03719,C024,2024-06-29
S04088,C046,2024-06-24
S02678,C050,2024-10-15
S08481,C046,2025-11-24
S08670,C010,2025-02-21
S05590,C025,2025-03-04
S01233,C046,2025-05-25
S02176,C024,2025-05-21
S08886,C025,2025-08-07
S09881,C014,2025-09-12
S02361,C047,2024-07-07
S09015,C003,2024-04-14
S01424,C022,2024-04-10
S06390,C013,2024-06-22
S02714,C003,2025-06-02
S09014,C047,2024-01-30
S05341,C015,2025-01-03
S06843,C038,2024-09-24
S06315,C025,2024-11-03
S04566,C046,2025-01-08
S04437,C047,2024-07-10
S03259,C046,2025-04-27
S09535,C019,2025-06-13
S01302,C029,2025-01-07
S05509,C011,2025-01-21
S07674,C047,2025-03-25
S07051,C009,2023-12-12
S02586,C028,2025-05-17
S00817,C031,2024-05-19
S01839,C025,2024-01-04
S01187,C021,2025-01-30
S04402,C015,2025-02-20
S04402,C008,2025-08-05
S04838,C022,2024-01-31
S05698,C031,2024-10-17
S01327,C022,2024-11-29
S04790,C038,2024-02-05
S07071,C032,2024-10-08
S06781,C003,2025-07-31
S03743,C042,2025-08-31
S09262,C007,2024-02-16
S01505,C043,2025-11-16
S08635,C048,2025-07-12
S07865,C013,2024-11-03
S02654,C008,2024-06-29
S00622,C027,2025-07-02
S01806,C015,2023-12-13
S02148,C045,2025-05-23
S03480,C050,2025-09-14
S03383,C016,2025-06-16
S06392,C045,2024-12-27
S05830,C049,2025-09-09
S08920,C032,2024-05-17
S09067,C006,2025-05-31
S01996,C009,2025-02-18
S08693,C017,2025-07-12
S09766,C007,2025-11-25
S02880,C036,2024-09-28
S02582,C011,2025-05-07
S04792,C048,2024-02-16
S01622,C033,2024-01-13
S06589,C005,2025-05-13
S03912,C011,2024-04-04
S00388,C035,2024-06-16
S09922,C023,2024-11-07
S03914,C022,2025-01-08
S01170,C037,2024-10-09
S07958,C050,2025-12-03
S09906,C038,2025-09-06
S06530,C040,2024-03-28
S03969,C005,2024-12-22
S04684,C022,2025-09-20
S04684,C006,2024-12-22
S04561,C045,2024-12-15
S00174,C026,2024-10-21
S09952,C045,2024-04-19
S06110,C030,2024-03-07
S07495,C010,2024-11-12
S01391,C019,2025-07-08
S03036,C041,2025-09-18
S03498,C003,2025-11-07
S00867,C035,2025-01-06
S04017,C048,2024-03-10
S09301,C022,2025-03-18
S04877,C020,2024-04-15
S01470,C032,2024-07-22
S04212,C024,2025-11-07
S00607,C040,2024-10-05
S01025,C005,2025-08-23
S08943,C023,2024-03-02
S07203,C036,2025-02-26
S00325,C029,2025-06-05
S09778,C048,2024-04-11
S08151,C004,2025-02-04
S00445,C006,2024-03-24
S05822,C009,2025-03-22
S08987,C023,2025-05-06
S06912,C011,2024-08-10
S00070,C016,2025-04-27
S00579,C046,2025-04-28
S09797,C032,2025-06-20
S05080,C023,2025-09-23
S04961,C027,2024-08-29
S01105,C014,2024-05-29
S04970,C039,2025-08-03
S02607,C025,2025-03-02
S08890,C025,2025-03-04
S06465,C039,2024-12-06
S08906,C009,2025-04-16
S00150,C038,2024-07-21
S01814,C011,2024-04-21
S03283,C002,2024-02-12
S08966,C018,2024-03-19
S00625,C031,2025-07-25
S08357,C002,2025-08-31
S05422,C016,2024-03-31
S07153,C002,2024-03-02
S02273,C009,2025-06-09
S05485,C027,2025-06-08
S01308,C001,2024-08-04
S08173,C046,2024-09-16
S01787,C050,2025-06-05
S02365,C043,2025-02-16
S09975,C025,2025-09-19
S00383,C044,2025-06-16
S02696,C025,2025-03-24
S05746,C011,2025-07-16
S00534,C041,2024-05-25
S08091,C042,2024-04-07
S01692,C047,2025-10-28
S04863,C047,2024-09-22
S04731,C041,2023-12-19
S03383,C022,2025-02-16
S06463,C034,2024-10-14
S05575,C030,2024-08-24
S09392,C050,2025-06-04
S07243,C024,2024-06-27
S01146,C040,2025-07-07
S07928,C012,2025-06-20
S08406,C048,2025-09-14
S01778,C046,2024-10-28
S00093,C038,2025-01-21
S07783,C030,2024-02-11
S08510,C030,2025-10-15
S00724,C020,2024-03-31
S00497,C032,2024-01-20
S09417,C038,2024-03-02
S04645,C024,2025-05-27
S01000,C025,2024-12-23
S08677,C044,2024-12-01
S08414,C045,2024-12-13
S01077,C044,2024-08-24
S04663,C042,2025-01-09
S02463,C015,2023-12-18
S02691,C047,2025-05-06
S08778,C026,2025-08-27
S05275,C038,2025-04-17
S00243,C005,2024-08-17
S01893,C009,2025-11-24
S04372,C043,2025-04-16
S02038,C012,2024-12-08
S02817,C039,2025-10-03
S08235,C010,2024-12-02
S03515,C050,2025-01-28
S06694,C035,2024-12-20
S06158,C027,2024-07-10
S04911,C015,2025-10-05
S00102,C024,2024-08-11
S04151,C038,2025-01-25
S03922,C031,2024-01-13
S08842,C029,2024-06-28
S04999,C014,2024-02-19
S08628,C012,2025-07-12
S04427,C041,2024-12-18
S04539,C002,2024-02-01
S07876,C026,2024-03-12
S01120,C028,2025-11-05
S09391,C038,2024-07-21
S03897,C019,2025-04-22
S03518,C007,2025-06-28
S05837,C025,2024-05-03
S05793,C002,2024-10-13
S03287,C006,2025-11-06
S02473,C001,2025-08-22
S01071,C048,2024-02-09
S06176,C050,2025-01-05
S08903,C029,2024-08-16
S03208,C032,2025-07-15
S02841,C047,2025-03-04
S00600,C013,2025-04-09
S09253,C022,2024-06-10
S09175,C013,2025-11-08
S04978,C016,2025-10-19
S05577,C036,2024-04-26
S03080,C040,2024-09-02
S02329,C037,2025-10-31
S08158,C016,2024-08-12
S09369,C012,2024-08-23
S05682,C002,2024-11-09
S06303,C048,2024-07-20
S03364,C032,2024-04-26
S06808,C033,2024-10-02
S00018,C037,2025-01-12
S04320,C037,2024-11-17
S05485,C004,2025-04-08
S07852,C043,2025-04-11
S09977,C048,2024-07-14
S05401,C016,2023-12-28
S05789,C048,2024-02-19
S07247,C038,2024-03-10
S05417,C048,2024-04-28
S07634,C004,2024-06-15
S02188,C040,2025-02-08
S04497,C003,2024-06-17
S04780,C032,2025-08-02
S06189,C003,2024-06-05
S02885,C018,2024-08-22
S02637,C012,2025-06-06
S03995,C020,2024-08-26
S06602,C017,2025-01-13
S03471,C022,2025-08-17
S09334,C016,2024-05-08
S00650,C024,2025-09-14
S07472,C033,2024-01-18
S04102,C027,2025-05-09
S03509,C031,2024-10-08
S02708,C004,2025-08-18
S08910,C042,2024-01-23
S04707,C021,2025-05-24
S05483,C031,2025-08-28
S06762,C046,2025-05-07
S03392,C033,2024-10-02
S00288,C020,2024-02-21
S00891,C036,2024-08-02
S06564,C015,2024-07-27
S02356,C020,2024-12-31
S02941,C038,2024-11-04
S01895,C006,2024-12-24
S07712,C036,2025-05-27
S07932,C029,2024-08-14
S01164,C013,2023-12-30
S02056,C032,2024-03-18
S03905,C012,2024-10-09
S00412,C014,2025-08-11
S06582,C020,2025-05-23
S01411,C021,2024-01-27
S02445,C036,2025-11-17
S04800,C032,2024-07-27
S06388,C045,2024-06-30
S01869,C018,2024-01-19
S02980,C002,2025-09-27
S03673,C021,2025-09-24
S05898,C026,2025-03-25
S03965,C002,2025-09-21
S04156,C002,2024-10-02
S09934,C009,2025-10-31
S04942,C036,2024-02-05
S06789,C040,2024-12-04
S06467,C030,2024-07-13
S07657,C042,2024-02-27
S07147,C024,2024-12-08
S04827,C029,2025-05-07
S03970,C010,2024-03-03
S09152,C026,2025-10-11
S09054,C048,2025-06-21
S02755,C011,2024-08-09
S05279,C049,2024-05-27
S00001,C020,2024-12-19
S01511,C047,2025-11-04
S07875,C045,2024-12-05
S02341,C001,2025-04-04
S04180,C009,2024-03-31
S09782,C042,2024-05-06
S06609,C039,2024-08-29
S01481,C037,2025-04-06
S05520,C025,2023-12-12
S05018,C021,2024-02-19
S09929,C026,2025-09-08
S05202,C038,2023-12-21
S08749,C019,2025-05-24
S09133,C035,2024-01-01
S04311,C012,2025-04-04
S03902,C018,2025-03-06
S06670,C002,2024-04-20
S00199,C025,2025-08-30
S05912,C046,2024-04-23
S04289,C003,2024-07-01
S04709,C045,2024-01-16
S08307,C039,2023-12-28
S02593,C022,2025-08-12
S04449,C019,2025-08-24
S00716,C023,2024-02-28
S05717,C019,2025-10-14
S03671,C040,2025-05-21
S02249,C012,2025-05-21
S05527,C036,2024-02-25
S07325,C027,2024-04-28
S07007,C040,2025-03-29
S08011,C047,2024-12-08
S09561,C050,2024-10-03
S03932,C044,2025-03-20
S02270,C013,2025-04-18
S07877,C033,2025-08-04
S03598,C026,2024-12-18
S02491,C006,2024-11-04
S09560,C027,2025-06-30
S07139,C043,2024-10-20
S00198,C050,2023-12-27
S00856,C013,2025-03-06
S09035,C039,2025-10-10
S05054,C018,2024-09-13
S09723,C029,2025-07-25
S05002,C013,2024-08-15
S02831,C026,2025-09-15
S05422,C029,2025-11-02
S05988,C046,2025-04-30
S00179,C013,2025-08-06
S02128,C020,2025-06-06
S07916,C019,2024-04-21
S02990,C050,2024-09-29
S02911,C009,2025-05-03
S08803,C048,2023-12-17
S01494,C010,2024-08-31
S00173,C036,2024-01-13
S02576,C034,2025-05-04
S07124,C050,2024-05-13
S05144,C024,2025-07-31
S06677,C033,2024-06-24
S06484,C030,2025-01-30
S07586,C005,2024-11-22
S05523,C003,2024-12-29
S05392,C007,2024-05-06
S07166,C003,2025-02-09
S05502,C012,2024-04-01
S04743,C043,2024-01-16
S05220,C012,2025-10-16
S05891,C038,2025-10-21
S03123,C050,2024-05-06
S04319,C014,2025-10-24
S09744,C006,2025-02-17
S01183,C049,2024-02-12
S00596,C005,2025-10-06
S08934,C020,2025-11-07
S05577,C034,2024-01-21
S09158,C003,2024-12-06
S05670,C034,2024-02-03
S04729,C032,2025-11-24
S01864,C001,2025-05-08
S01572,C013,2025-03-07
S04564,C042,2024-03-12
S02819,C011,2024-03-12
S01682,C013,2025-11-29
S01682,C025,2025-03-23
S06366,C050,2025-10-03
S00189,C040,2024-05-31
S06733,C017,2025-11-11
S07336,C040,2024-10-26
S08807,C038,2023-12-06
S08928,C005,2024-08-29
S09540,C009,2024-04-15
S02233,C016,2023-12-31
S07606,C034,2024-01-21
S01775,C047,2023-12-17
S07513,C041,2024-12-11
S04534,C049,2025-01-31
S08627,C014,2025-05-15
S09606,C043,2025-10-10
S07247,C007,2025-09-11
S07539,C031,2024-02-06
S03998,C035,2025-11-18
S07027,C035,2024-06-12
S03625,C032,2024-07-06
S02007,C013,2023-12-28
S08067,C018,2025-08-17
S02656,C040,2024-01-09
S03810,C014,2025-06-07
S01059,C039,2023-12-18
S06302,C049,2024-11-03
S03157,C011,2025-01-19
S03679,C042,2024-12-10
S01330,C024,2024-05-06
S05601,C012,2024-04-13
S03897,C035,2024-11-25
S01100,C047,2024-06-07
S06253,C010,2025-07-16
S00538,C049,2025-06-13
S07780,C037,2025-01-24
S07904,C023,2025-08-03
S06041,C038,2024-11-27
S02038,C019,2025-07-17
S04334,C009,2025-09-17
S01295,C028,2025-10-31
S02865,C047,2025-09-08
S00725,C045,2025-05-23
S06290,C019,2024-06-17
S00658,C035,2025-10-05
S08949,C035,2024-03-17
S09282,C022,2024-11-19
S04110,C009,2024-05-07
S02113,C011,2023-12-25
S06618,C009,2025-02-19
S03855,C029,2024-02-16
S06211,C009,2024-03-26
S02679,C026,2025-06-23
S04056,C025,2025-01-21
S00573,C025,2024-05-17
S08161,C013,2024-04-06
S05145,C031,2025-10-01
S00678,C029,2025-08-31
S07760,C023,2024-03-03
S03261,C013,2024-01-03
S07675,C029,2024-11-25
S08788,C008,2025-06-14
S05460,C034,2024-06-07
S07295,C029,2024-12-15
S09454,C003,2024-03-24
S02867,C019,2024-02-07
S03443,C023,2024-11-29
S08472,C035,2025-11-09
S08605,C019,2024-10-20
S04598,C035,2025-06-16
S00724,C047,2024-12-05
S02056,C001,2024-12-02
S06041,C017,2025-05-16
S01003,C043,2025-07-30
S04834,C006,2024-12-30
S02730,C038,2025-04-20
S03291,C030,2024-04-30
S03362,C048,2025-02-20
S02146,C033,2024-06-03
S01936,C027,2024-07-30
S09491,C044,2025-07-31
S05271,C016,2023-12-30
S06797,C043,2024-12-25
S03134,C045,2024-10-03
S07930,C011,2025-02-21
S00769,C019,2025-11-13
S03369,C015,2024-12-10
S09564,C036,2024-10-26
S09860,C048,2024-10-15
S09905,C001,2025-08-19
S01594,C012,2025-07-19
S06745,C040,2025-08-11
S01212,C031,2025-07-28
S04405,C012,2024-01-11
S02981,C008,2024-10-12
S03998,C033,2024-03-24
S06257,C026,2024-07-13
S03018,C034,2024-10-17
S09300,C015,2025-01-30
S08959,C033,2024-02-23
S00247,C014,2024-10-12
S02649,C033,2025-04-10
S08364,C046,2024-03-26
S04723,C007,2025-10-23
S04412,C039,2024-03-10
S06698,C028,2025-09-25
S01852,C033,2024-10-01
S07937,C043,2023-12-27
S04014,C029,2025-01-03
S05912,C043,2025-06-20
S05832,C002,2024-06-19
S00701,C040,2024-04-04
S01980,C006,2024-12-11
S05059,C024,2024-04-08
S06575,C012,2025-07-14
S05548,C031,2025-10-01
S03019,C019,2025-07-30
S04587,C018,2024-05-05
S05093,C030,2025-10-30
S09604,C035,2024-12-09
S03129,C007,2025-06-16
S05605,C040,2024-01-27
S08608,C048,2025-07-27
S06139,C018,2024-10-31
S01770,C040,2025-07-30
S08007,C021,2025-11-04
S09794,C043,2025-05-25
S05855,C046,2025-06-04
S09169,C017,2024-08-04
S00368,C042,2024-07-07
S02264,C001,2025-03-20
S08247,C023,2024-03-19
S01645,C015,2024-03-11
S08093,C018,2025-11-24
S04712,C049,2024-02-07
S05024,C042,2024-11-29
S08938,C047,2024-10-28
S01546,C012,2024-05-20
S06060,C047,2025-05-11
S03400,C009,2024-07-04
S06131,C040,2024-05-29
S09585,C010,2024-10-28
S06944,C046,2025-03-15
S03486,C018,2025-10-27
S05004,C013,2024-03-31
S02508,C008,2024-11-13
S08828,C002,2024-09-21
S08658,C035,2025-09-08
S00651,C010,2025-03-04
S01032,C045,2025-11-22
S06439,C038,2025-05-20
S04621,C043,2024-12-11
S00790,C029,2024-03-20
S02276,C014,2025-09-14
S03349,C044,2024-02-27
S08684,C016,2023-12-28
S03855,C002,2024-06-01
S06808,C016,2024-01-11
S00253,C022,2024-05-11
S07417,C035,2024-07-05
S08372,C012,2025-05-05
S09208,C037,2024-04-24
S01438,C045,2025-10-10
S08939,C029,2025-09-10
S09796,C027,2024-11-14
S04244,C026,2024-12-22
S08633,C026,2024-11-02
S05024,C014,2025-07-08
S06062,C021,2024-05-22
S08692,C013,2023-12-31
S06669,C018,2024-01-27
S07770,C043,2025-02-04
S09189,C010,2024-12-14
S04839,C050,2024-10-13
S02682,C024,2024-12-10
S02513,C014,2024-01-27
S04307,C041,2025-02-18
S08161,C016,2024-12-22
S08561,C044,2025-08-16
S06123,C025,2024-12-25
S03757,C008,2024-05-29
S00349,C041,2025-06-27
S00785,C047,2024-02-12
S01212,C033,2025-04-18
S08097,C005,2025-07-20
S03335,C032,2025-07-10
S01481,C035,2025-10-05
S06653,C018,2025-11-23
S08163,C014,2024-07-22
S01402,C002,2024-06-16
S05286,C042,2025-09-04
S02579,C046,2025-07-05
S05535,C031,2024-05-18
S07808,C025,2025-01-22
S06126,C022,2025-04-19
S01800,C017,2024-11-12
S05948,C015,2024-04-03
S08126,C005,2025-02-09
S09186,C011,2024-11-01
S03585,C004,2025-02-11
S04504,C002,2024-06-25
S07296,C015,2024-04-02
S04326,C032,2024-05-06
S07918,C028,2025-04-02
S03723,C019,2024-06-12
S07022,C033,2024-02-14
S05333,C017,2024-07-13
S04489,C042,2024-07-30
S01137,C009,2024-12-09
S08200,C022,2025-11-15
S06044,C006,2025-08-24
S08687,C006,2025-11-24
S00130,C001,2024-12-22
S00927,C005,2024-06-03
S08801,C012,2025-04-27
S08457,C012,2025-01-13
S07716,C032,2025-08-14
S01216,C001,2025-05-26
S09548,C021,2025-02-01
S09396,C047,2024-11-05
S09637,C042,2023-12-15
S03529,C035,2024-12-28
S02193,C023,2024-01-13
S06042,C049,2024-07-19
S08031,C047,2024-06-14
S02963,C036,2025-11-07
S04129,C039,2024-04-11
S03911,C050,2025-01-14
S01713,C005,2024-04-03
S04322,C032,2024-05-17
S06421,C039,2025-01-23
S07480,C025,2024-04-19
S01404,C049,2024-11-14
S05957,C049,2024-06-26
S05284,C004,2025-05-22
S09582,C005,2024-07-12
S05948,C019,2023-12-24
S06025,C050,2025-09-04
S08531,C019,2025-07-19
S03405,C027,2024-12-31
S05988,C011,2024-05-14
S01053,C030,2024-04-20
S02656,C016,2025-03-06
S03151,C017,2023-12-24
S02934,C041,2025-07-10
S01653,C019,2025-04-21
S06338,C041,2025-11-03
S02404,C019,2024-11-30
S08766,C005,2024-11-19
S05727,C020,2025-01-20
S03303,C010,2024-03-10
S01182,C011,2024-05-26
S08327,C013,2024-03-12
S05669,C004,2024-12-12
S07915,C018,2024-04-20
S04379,C008,2025-01-24
S06850,C036,2024-05-20
S03526,C023,2024-09-16
S04971,C009,2024-11-28
S02590,C013,2025-12-02
S01378,C002,2025-07-29
S04922,C043,2023-12-26
S07895,C004,2024-03-11
S07605,C030,2023-12-26
S06774,C050,2024-03-05
S00336,C014,2025-07-17
S09352,C011,2025-11-04
S07532,C009,2025-01-14
S01510,C021,2024-04-30
S05755,C041,2025-10-15
S01058,C036,2024-07-02
S05310,C007,2025-07-08
S05388,C032,2024-09-04
S06369,C015,2024-06-16
S03684,C016,2024-12-11
S01094,C048,2025-07-23
S07842,C033,2025-03-29
S05309,C043,2024-04-17
S02932,C008,2025-03-12
S04179,C007,2024-04-14
S07442,C003,2024-03-21
S03522,C019,2024-12-25
S08804,C025,2023-12-20
S04954,C042,2025-09-26
S00070,C010,2024-10-31
S06728,C005,2024-01-24
S03063,C015,2023-12-09
S08255,C015,2024-11-15
S05329,C029,2024-10-09
S08127,C049,2024-04-23
S03242,C047,2023-12-18
S09550,C027,2025-08-07
S03762,C012,2025-03-17
S05927,C002,2025-06-06
S08407,C014,2024-02-22
S08763,C025,2025-03-20
S08243,C049,2024-11-11
S03424,C010,2025-06-04
S01574,C018,2025-09-05
S02697,C008,2025-01-28
S07925,C018,2024-05-08
S05864,C014,2025-07-15
S07589,C015,2025-09-24
S06187,C003,2025-09-05
S00306,C024,2025-03-14
S01842,C048,2025-02-23
S05426,C018,2024-03-25
S03585,C036,2025-04-25
S09747,C046,2025-02-03
S03953,C038,2024-02-11
S05881,C029,2025-08-08
S02056,C042,2025-07-16
S00417,C042,2025-08-05
S06755,C034,2025-03-12
S02468,C007,2025-09-11
S08658,C005,2025-10-01
S02929,C036,2024-07-04
S08329,C010,2024-01-09
S00420,C026,2025-04-19
S00398,C041,2024-04-01
S09569,C021,2025-09-25
S07829,C036,2023-12-16
S02203,C040,2024-01-29
S00970,C026,2025-01-28
S02512,C007,2025-01-27
S05425,C014,2025-03-09
S04771,C036,2024-07-29
S04427,C011,2024-02-17
S04628,C007,2024-11-23
S06011,C029,2025-01-14
S01325,C021,2025-12-04
S03182,C022,2025-11-11
S02322,C001,2024-12-30
S04271,C011,2024-10-29
S00310,C045,2023-12-20
S03620,C048,2024-12-30
S00103,C043,2024-12-02
S01374,C044,2025-01-08
S06702,C016,2025-02-17
S07870,C004,2024-01-26
S06542,C027,2024-04-19
S07891,C013,2024-04-26
S03009,C045,2024-12-08
S03133,C034,2024-06-23
S08982,C003,2025-01-05
S01487,C049,2025-07-27
S00628,C027,2024-11-22
S02772,C007,2023-12-05
S07014,C013,2025-01-28
S03866,C002,2025-07-14
S04552,C028,2025-11-10
S03518,C047,2024-07-29
S02258,C007,2024-03-21
S04761,C007,2024-11-25
S05395,C041,2025-01-31
S05879,C008,2025-03-13
S04000,C014,2024-09-01
S00064,C004,2024-06-22
S09683,C049,2024-05-29
S00357,C023,2025-08-21
S06172,C021,2024-09-04
S00542,C004,2025-01-16
S00130,C040,2023-12-21
S00737,C046,2024-08-15
S06066,C033,2024-09-24
S02448,C033,2025-08-23
S00186,C001,2025-05-26
S05028,C029,2024-12-09
S05050,C032,2025-05-09
S05324,C009,2024-08-23
S04049,C010,2024-05-09
S01553,C036,2024-12-17
S03874,C018,2024-07-16
S04657,C022,2025-07-08
S00768,C025,2025-03-08
S06327,C009,2024-08-23
S09854,C024,2025-03-20
S00472,C046,2024-04-26
S01947,C036,2024-04-28
S02675,C003,2024-11-07
S08842,C022,2025-07-12
S08181,C036,2025-08-04
S05443,C045,2024-04-05
S05689,C031,2024-03-20
S02215,C016,2025-08-30
S03107,C003,2025-07-24
S01732,C017,2024-04-17
S06409,C048,2025-04-25
S06458,C049,2024-02-09
S00613,C020,2024-10-21
S09683,C012,2025-04-29
S04461,C005,2025-03-22
S05071,C048,2024-01-08
S02121,C037,2024-03-27
S09998,C008,2025-03-14
S04084,C047,2024-05-08
S06116,C046,2024-08-06
S08783,C004,2024-09-22
S06147,C019,2025-10-06
S05044,C022,2025-11-20
S08297,C022,2024-08-04
S03242,C033,2024-07-24
S06126,C014,2024-05-31
S05151,C024,2025-05-19
S06325,C017,2024-05-01
S08556,C047,2025-11-14
S04266,C043,2024-10-03
S05320,C042,2025-11-28
S05462,C016,2025-03-02
S09964,C019,2024-04-12
S03700,C037,2025-07-06
S03828,C022,2025-07-13
S00704,C032,2024-02-22
S03285,C028,2025-01-30
S03278,C044,2025-03-27
S02764,C047,2025-03-27
S09341,C037,2025-03-12
S07527,C005,2025-07-19
S07560,C011,2024-06-10
S00428,C011,2025-07-29
S06732,C014,2025-09-21
S00469,C035,2025-07-08
S05858,C018,2024-06-15
S05945,C018,2024-01-10
S06313,C030,2025-03-10
S08819,C014,2025-06-22
S06553,C031,2024-06-03
S00237,C031,2024-06-18
S06478,C037,2024-04-05
S09405,C020,2025-05-03
S04322,C025,2024-08-23
S04672,C027,2025-05-15
S01982,C038,2025-04-07
S02969,C020,2024-12-01
S01361,C027,2024-03-30
S01324,C005,2024-01-12
S01219,C004,2025-09-08
S05401,C046,2025-08-19
S06660,C002,2024-06-26
S00187,C029,2024-02-25
S02505,C035,2024-09-13
S01797,C045,2025-01-12
S06776,C005,2025-07-31
S02317,C050,2025-09-22
S04553,C005,2024-11-13
S00074,C009,2025-05-16
S07817,C043,2025-08-17
S06648,C014,2025-09-28
S06189,C048,2025-09-18
S06664,C026,2025-03-06
S04953,C024,2025-08-26
S08320,C013,2023-12-27
S06257,C031,2024-03-23
S08483,C050,2025-10-11
S04852,C027,2024-11-09
S00432,C015,2024-07-24
S08832,C037,2024-11-25
S04988,C041,2025-04-19
S00299,C029,2025-02-18
S09848,C041,2024-08-09
S05908,C046,2023-12-29
S08211,C001,2024-09-27
S06536,C031,2024-04-17
S00161,C003,2024-05-20
S05601,C010,2025-08-24
S01202,C007,2025-05-25
S02243,C017,2025-04-15
S08811,C012,2024-01-18
S02393,C028,2025-06-23
S07267,C033,2024-12-31
S08536,C050,2025-10-04
S08836,C002,2023-12-31
S08127,C012,2024-12-31
S07392,C039,2025-03-25
S01868,C023,2024-02-19
S01537,C015,2025-07-25
S03390,C035,2024-03-09
S04644,C050,2024-10-05
S08232,C017,2024-02-24
S09885,C015,2024-04-01
S04870,C038,2023-12-07
S03077,C038,2024-06-12
S01414,C019,2024-03-29
S08563,C039,2024-09-30
S08938,C003,2025-07-16
S04800,C024,2025-05-15
S04500,C001,2024-02-05
S00980,C011,2024-04-21
S07982,C036,2024-10-14
S00181,C022,2025-10-05
S01464,C046,2024-07-10
S05362,C015,2023-12-21
S00611,C042,2025-05-28
S03972,C036,2024-08-21
S06045,C048,2025-01-10
S07798,C033,2024-11-27
S01826,C004,2025-05-10
S06480,C041,2025-08-28
S06817,C050,2024-11-10
S08558,C025,2025-11-22
S09737,C010,2024-06-04
S02142,C023,2025-05-24
S04435,C003,2025-05-13
S06093,C015,2025-08-13
S06962,C015,2024-06-20
S04565,C036,2024-04-11
S00633,C048,2025-04-24
S01409,C034,2025-08-16
S02423,C029,2024-02-04
S07434,C026,2024-05-01
S02188,C042,2024-05-25
S02757,C009,2025-11-02
S08803,C044,2025-01-05
S08527,C035,2025-10-07
S07234,C038,2025-09-09
S07746,C040,2025-08-16
S03408,C048,2025-07-26
S00434,C038,2025-09-23
S04237,C037,2023-12-18
S04679,C001,2023-12-14
S05676,C017,2025-05-18
S01883,C048,2024-04-20
S09072,C036,2024-07-21
S01933,C028,2024-04-10
S01006,C030,2024-01-31
S04093,C030,2024-04-15
S05908,C029,2025-11-07
S01135,C012,2025-04-04
S07576,C047,2025-08-16
S06619,C041,2025-03-31
S06271,C017,2025-06-21
S07389,C024,2025-01-25
S03481,C045,2024-05-12
S09759,C007,2025-04-24
S07367,C003,2024-11-24
S06596,C023,2024-12-14
S03549,C010,2025-11-02
S09245,C047,2025-01-29
S05260,C047,2024-10-18
S04379,C003,2025-02-01
S02942,C024,2024-08-12
S03877,C012,2024-12-07
S01151,C048,2025-06-09
S00744,C029,2024-01-24
S03599,C018,2024-10-05
S05105,C049,2024-12-23
S07131,C007,2024-10-26
S09291,C048,2024-10-25
S02575,C028,2024-03-31
S05060,C043,2025-06-15
S02166,C032,2024-01-30
S06269,C003,2023-12-21
S06027,C003,2024-11-12
S02470,C041,2024-10-10
S03140,C050,2024-03-17
S00806,C042,2023-12-15
S00351,C039,2025-11-12
S06260,C035,2025-03-20
S06734,C025,2024-07-12
S09171,C043,2025-06-14
S06756,C048,2024-03-16
S03920,C011,2024-07-24
S09814,C005,2024-03-31
S03628,C046,2025-05-27
S06047,C048,2025-10-17
S02599,C007,2024-04-11
S07912,C045,2025-02-09
S07784,C013,2024-10-30
S02380,C019,2025-11-20
S00877,C033,2024-04-15
S03427,C040,2024-09-05
S04812,C049,2024-01-01
S09030,C006,2024-01-27
S06395,C015,2025-01-24
S08311,C008,2024-06-05
S03256,C041,2024-12-30
S06149,C035,2025-05-07
S08465,C046,2025-01-28
S09878,C039,2023-12-28
S09451,C022,2024-12-15
S00896,C049,2025-08-19
S01628,C042,2025-08-20
S08586,C009,2025-09-15
S03850,C041,2025-05-28
S00782,C019,2024-03-10
S08811,C004,2025-04-29
S07001,C019,2024-03-21
S05413,C004,2025-11-20
S01387,C029,2024-12-11
S09193,C020,2024-01-02
S09826,C040,2025-07-07
S01612,C033,2025-05-09
S08596,C049,2025-10-26
S07239,C017,2024-10-20
S09501,C017,2025-11-15
S02624,C042,2024-12-28
S08923,C008,2025-01-15
S04620,C003,2024-09-19
S06240,C036,2025-08-07
S06365,C011,2025-07-15
S08793,C028,2024-07-13
S08256,C023,2024-04-17
S08400,C003,2025-07-08
S08839,C029,2025-11-18
S07006,C014,2024-03-12
S01637,C003,2025-09-23
S02606,C007,2025-01-18
S03502,C037,2025-08-24
S03348,C029,2025-05-03
S07627,C018,2023-12-23
S04343,C027,2025-03-08
S08415,C042,2024-04-25
S07158,C006,2024-06-10
S04110,C023,2024-09-11
S06261,C048,2025-02-14
S07818,C016,2025-01-13
S00313,C023,2025-08-26
S07879,C028,2023-12-15
S00694,C014,2025-07-31
S09987,C012,2025-07-02
S01293,C049,2025-09-21
S06683,C045,2024-05-11
S08796,C044,2024-12-19
S03133,C017,2025-12-04
S03467,C029,2024-06-18
S06861,C016,2025-05-18
S09672,C033,2024-08-13
S06151,C028,2024-05-27
S00321,C046,2024-04-21
S02370,C032,2025-10-03
S03265,C040,2025-02-15
S09218,C046,2025-09-17
S00842,C033,2024-03-13
S09995,C040,2025-05-20
S07780,C018,2024-11-25
S03213,C041,2024-01-17
S07566,C028,2024-11-18
S09200,C045,2025-09-19
S09615,C003,2025-10-24
S07035,C031,2024-10-13
S05781,C001,2025-05-04
S02799,C033,2024-11-26
S08438,C027,2024-05-26
S00464,C013,2024-08-31
S08314,C018,2025-03-23
S03643,C019,2024-03-30
S05459,C046,2024-01-26
S08187,C042,2025-07-25
S03715,C031,2024-06-15
S07904,C017,2025-01-25
S01765,C017,2025-05-08
S09080,C018,2024-08-18
S07611,C023,2025-09-02
S00855,C032,2024-05-30
S06961,C003,2025-10-16
S05574,C040,2024-12-13
S05919,C010,2025-05-31
S08599,C001,2024-01-09
S02570,C032,2025-09-03
S07745,C032,2024-09-19
S02722,C004,2024-01-23
S02092,C024,2024-10-25
S09155,C038,2024-08-22
S06089,C044,2024-04-17
S01819,C042,2025-11-18
S01882,C012,2025-02-05
S03362,C046,2025-08-26
S04746,C018,2024-09-30
S00001,C042,2025-01-01
S03386,C040,2024-12-12
S03323,C049,2024-07-05
S06950,C039,2025-07-26
S08927,C007,2023-12-26
S08744,C014,2024-11-02
S04334,C044,2025-08-06
S07064,C002,2025-05-07
S09577,C004,2024-08-01
S09472,C012,2024-04-24
S04376,C007,2024-06-18
S06229,C032,2025-05-06
S08995,C042,2024-01-01
S06499,C050,2024-11-15
S06142,C012,2024-01-01
S02449,C020,2025-03-06
S09276,C035,2024-09-02
S02009,C032,2025-11-21
S09158,C036,2024-06-27
S05644,C035,2025-04-26
S05073,C039,2024-11-25
S04704,C021,2024-08-20
S01050,C013,2025-10-26
S00495,C021,2025-09-28
S04125,C048,2024-12-04
S08842,C024,2024-09-12
S05772,C037,2025-02-09
S06834,C042,2024-06-24
S05920,C044,2025-11-07
S06610,C050,2024-11-16
S04774,C008,2025-02-10
S05977,C030,2025-02-17
S05462,C043,2025-07-15
S05295,C020,2025-10-03
S03054,C011,2025-02-16
S00017,C006,2025-01-01
S03885,C019,2024-02-26
S06746,C021,2025-03-24
S09440,C035,2024-02-17
S05988,C006,2025-10-27
S08433,C039,2025-11-08
S07464,C039,2025-08-04
S00783,C002,2025-09-08
S07371,C011,2024-03-06
S04503,C006,2024-08-11
S08115,C013,2025-10-26
S07623,C004,2024-01-20
S04085,C010,2025-03-24
S00582,C016,2025-10-11
S06645,C015,2024-07-30
S03524,C004,2025-09-23
S07816,C038,2024-06-23
S03176,C018,2025-10-05
S00794,C003,2024-09-12
S08886,C039,2025-06-25
S07213,C016,2025-06-26
S01283,C038,2025-09-10
S07441,C020,2025-03-08
S03469,C018,2024-03-31
S02727,C003,2025-02-22
S09390,C011,2024-09-06
S09581,C040,2025-02-05
S02824,C046,2024-06-25
S00606,C003,2025-11-13
S03733,C045,2025-06-12
S02728,C025,2025-05-21
S02963,C047,2025-07-11
S04648,C027,2025-11-12
S09902,C013,2025-05-10
S08711,C021,2025-04-17
S04187,C041,2025-06-18
S03245,C013,2025-05-25
S09942,C007,2024-03-11
S05826,C021,2024-06-28
S09418,C037,2025-05-12
S02825,C033,2024-11-17
S05559,C025,2024-07-22
S08193,C007,2025-07-06
S04740,C037,2025-07-22
S06380,C032,2024-05-06
S01263,C013,2025-01-23
S06219,C039,2025-05-07
S00104,C038,2025-02-10
S06172,C032,2024-05-20
S05727,C001,2025-07-02
S09693,C013,2024-12-29
S00952,C046,2024-11-17
S09028,C011,2025-10-21
S02338,C007,2024-04-04
S01508,C001,2024-06-28
S00256,C032,2024-03-10
S02171,C004,2024-06-16
S01339,C044,2025-03-19
S01957,C028,2025-07-14
S00529,C035,2024-04-07
S00828,C044,2024-02-03
S03851,C032,2024-01-11
S06552,C022,2024-09-18
S02039,C027,2025-10-11
S08237,C008,2025-05-20
S01295,C021,2025-11-04
S05977,C018,2025-07-06
S01330,C035,2024-06-20
S09572,C034,2025-09-20
S01001,C028,2025-03-24
S08196,C030,2024-06-08
S03948,C020,2024-02-29
S06966,C034,2025-06-28
S02338,C020,2024-12-01
S06866,C026,2025-01-25
S04223,C015,2024-06-28
S08685,C047,2025-03-15
S06699,C040,2024-03-02
S08080,C012,2025-06-05
S01593,C041,2025-03-04
S03562,C050,2025-07-15
S07453,C004,2024-02-14
S08334,C041,2025-06-19
S00666,C050,2025-10-14
S01291,C035,2025-09-18
S05419,C025,2025-06-25
S06105,C023,2024-07-04
S00151,C038,2025-03-04
S02757,C005,2024-11-01
S04235,C039,2024-02-02
S08245,C006,2024-05-30
S05067,C022,2024-02-10
S06898,C039,2023-12-25
S00451,C033,2025-02-10
S04315,C025,2024-09-07
S00684,C022,2025-05-30
S06818,C049,2024-03-23
S06830,C048,2024-07-17
S01970,C037,2025-11-18
S03732,C025,2024-03-24
S04235,C042,2024-03-21
S08726,C025,2024-01-03
S02889,C021,2025-08-04
S04323,C007,2025-05-02
S06105,C034,2025-10-09
S07547,C010,2024-07-14
S07717,C049,2025-09-20
S02737,C021,2025-07-25
S04138,C010,2024-02-05
S05896,C024,2025-07-22
S09804,C037,2025-04-20
S03716,C025,2025-02-26
S00155,C028,2024-01-02
S08323,C034,2025-04-23
S08197,C029,2024-10-18
S02118,C002,2023-12-11
S01345,C025,2025-05-17
S09141,C033,2025-03-25
S09897,C049,2024-03-07
S00845,C009,2025-05-24
S05613,C012,2024-05-05
S08347,C036,2024-07-20
S08986,C046,2025-06-08
S05047,C001,2025-10-07
S07147,C022,2024-01-29
S06566,C030,2024-10-19
S01322,C003,2024-12-09
S03853,C014,2025-06-21
S08926,C037,2024-08-13
S05639,C016,2024-12-08
S01486,C035,2024-02-26
S09335,C038,2025-07-24
S00575,C024,2025-03-31
S07583,C037,2025-09-03
S05478,C037,2024-02-05
S06364,C009,2024-02-08
S03751,C015,2024-06-20
S09968,C049,2024-03-12
S09690,C005,2025-01-11
S07845,C033,2025-11-03
S03331,C033,2024-06-27
S09192,C011,2025-09-20
S07350,C046,2025-02-10
S01490,C027,2025-10-24
S01213,C020,2025-08-07
S07165,C005,2025-02-22
S01988,C023,2025-10-24
S06335,C033,2025-06-29
S06571,C002,2024-04-15
S06572,C041,2025-10-28
S06000,C044,2025-03-31
S07217,C043,2024-02-24
S03030,C029,2024-04-26
S00546,C011,2025-07-28
S03731,C023,2023-12-17
S05384,C017,2025-12-03
S09779,C026,2025-10-01
S04763,C017,2025-06-15
S04279,C004,2024-08-03
S00764,C016,2024-04-09
S02719,C048,2024-05-21
S04313,C045,2024-03-27
S00926,C017,2025-07-07
S02115,C001,2024-04-27
S08767,C029,2024-05-20
S09348,C001,2025-07-04
S06191,C007,2024-06-05
S02992,C010,2024-03-06
S02578,C045,2025-07-19
S04169,C050,2024-05-01
S07344,C032,2025-10-29
S05061,C008,2024-02-06
S02920,C042,2024-03-15
S05376,C047,2024-02-09
S04199,C045,2024-04-18
S08486,C031,2024-10-20
S06974,C009,2024-11-05
S02782,C038,2024-11-04
S09186,C029,2025-07-29
S08631,C013,2025-11-27
S03296,C011,2024-07-11
S01483,C031,2025-05-17
S03711,C041,2023-12-18
S01435,C016,2024-01-06
S06938,C037,2024-09-27
S09419,C003,2024-11-09
S07509,C015,2025-03-08
S05709,C017,2024-11-28
S04369,C009,2025-01-10
S08771,C046,2025-07-19
S06094,C035,2025-10-18
S06393,C009,2024-05-25
S01778,C039,2024-10-26
S03617,C037,2025-08-05
S04329,C003,2024-10-21
S06208,C001,2025-02-25
S07664,C038,2025-10-12
S04680,C037,2024-07-11
S08627,C015,2025-01-14
S00765,C043,2024-05-17
S04315,C010,2025-03-18
S09023,C033,2025-04-03
S02229,C046,2025-02-26
S02076,C003,2024-10-09
S07009,C042,2024-11-09
S07864,C019,2024-02-09
S09212,C044,2023-12-31
S08472,C034,2024-05-24
S05479,C037,2024-03-12
S07870,C031,2024-06-07
S03438,C007,2023-12-09
S09200,C043,2025-04-29
S07097,C008,2024-06-04
S07210,C023,2025-08-26
S06535,C031,2023-12-26
S00258,C024,2023-12-21
S09116,C017,2024-12-16
S07430,C004,2024-06-29
S08185,C029,2024-08-24
S03813,C046,2024-07-20
S07367,C018,2024-01-20
S09015,C048,2024-08-06
S05475,C037,2024-10-01
S04230,C025,2025-05-27
S09207,C009,2025-11-08
S05586,C027,2024-04-07
S03268,C046,2025-05-23
S01324,C043,2025-11-05
S04077,C011,2024-12-06
S00147,C025,2024-07-03
S08031,C026,2024-11-18
S06700,C025,2024-07-27
S07619,C019,2024-12-05
S08369,C026,2025-10-25
S09191,C014,2025-09-02
S00307,C023,2024-02-10
S02281,C038,2024-08-22
S01693,C037,2025-08-30
S07206,C046,2025-02-18
S06907,C012,2024-03-02
S00437,C035,2024-07-25
S00606,C011,2024-07-20
S06415,C001,2024-07-13
S08915,C019,2024-08-31
S01411,C014,2025-09-25
S02058,C021,2024-07-30
S05490,C040,2024-05-29
S03451,C020,2025-04-27
S05312,C031,2025-04-04
S04700,C049,2024-02-17
S07531,C013,2025-11-14
S08045,C018,2024-11-15
S04175,C039,2025-09-08
S04584,C034,2025-05-03
S00796,C049,2025-10-02
S05048,C043,2024-08-29
S08791,C033,2024-02-17
S04388,C023,2024-11-20
S03304,C040,2024-06-05
S02553,C022,2024-03-07
S05178,C004,2025-10-18
S08601,C038,2024-09-04
S03515,C030,2024-02-21
S01010,C024,2025-01-27
S07549,C037,2024-01-08
S06696,C009,2024-08-05
S01915,C042,2024-10-05
S04263,C007,2024-10-11
S00586,C005,2025-01-16
S01541,C042,2024-06-16
S08369,C028,2024-08-11
S09411,C042,2024-11-16
S07350,C020,2024-08-27
S08304,C036,2024-07-04
S07182,C050,2025-10-17
S03525,C043,2024-08-10
S07640,C004,2025-04-27
S09633,C038,2024-01-05
S08453,C050,2024-08-28
S04622,C028,2024-05-04
S05147,C012,2025-05-11
S06777,C040,2024-02-24
S04808,C018,2024-11-03
S00062,C050,2024-10-16
S04731,C001,2025-01-06
S03023,C024,2025-11-07
S06229,C002,2025-05-18
S03156,C026,2024-02-22
S06157,C020,2024-09-30
S09893,C027,2024-07-18
S05219,C005,2025-03-17
S04660,C045,2025-07-22
S09415,C042,2025-03-29
S03623,C018,2024-11-03
S07993,C020,2023-12-29
S04733,C008,2024-06-07
S01539,C050,2024-02-17
S05088,C044,2024-04-29
S00365,C012,2024-12-23
S05031,C002,2025-01-29
S00983,C002,2024-09-23
S04634,C031,2024-12-24
S00727,C029,2025-09-29
S06104,C045,2024-02-08
S02924,C003,2025-11-08
S00528,C032,2023-12-07
S08460,C009,2024-09-28
S09187,C010,2025-10-20
S06230,C004,2024-02-08
S00204,C024,2025-06-23
S07222,C021,2024-11-18
S00454,C031,2024-08-22
S07363,C013,2024-08-06
S06906,C006,2025-02-08
S09168,C012,2025-11-28
S07508,C034,2024-05-15
S09917,C012,2025-07-17
S05644,C041,2024-10-07
S06230,C043,2024-08-24
S07695,C022,2025-06-13
S02616,C021,2024-10-29
S01801,C021,2024-09-24
S00236,C037,2025-04-07
S02717,C039,2025-03-06
S03999,C038,2024-08-10
S00389,C023,2024-05-28
S06454,C026,2025-09-17
S01374,C027,2024-08-09
S02717,C024,2025-11-08
S02341,C042,2024-05-01
S04926,C026,2024-02-28
S04175,C006,2024-11-04
S06670,C026,2025-09-30
S03912,C010,2025-05-31
S05232,C011,2025-09-11
S01393,C027,2024-05-06
S06166,C045,2025-02-27
S00754,C002,2023-12-21
S07535,C023,2024-01-28
S00461,C038,2024-06-14
S04465,C027,2025-05-03
S04289,C009,2024-04-01
S04366,C014,2024-09-22
S05942,C046,2024-07-17
S05653,C024,2024-10-24
S00451,C027,2025-10-07
S03338,C011,2024-01-08
S07243,C013,2024-06-08
S01925,C040,2024-02-24
S02858,C003,2025-11-01
S03601,C022,2025-09-23
S03643,C041,2025-02-28
S08521,C025,2025-10-21
S08466,C048,2023-12-28
S07560,C033,2025-10-01
S09371,C032,2024-08-25
S00423,C011,2024-06-07
S03051,C029,2023-12-20
S09158,C016,2025-02-17
S00928,C031,2024-04-16
S05253,C013,2025-02-17
S04615,C028,2025-02-25
S08930,C025,2024-01-09
S02579,C011,2024-11-29
S09237,C006,2025-01-03
S08521,C038,2024-08-14
S06253,C038,2023-12-23
S01061,C018,2025-09-19
S05144,C012,2024-09-23
S02611,C038,2024-11-23
S00544,C037,2024-10-12
S07393,C014,2024-03-16
S00407,C040,2025-04-09
S06780,C027,2025-09-07
S05166,C007,2025-02-06
S01589,C018,2025-01-24
S02534,C031,2024-08-03
S07953,C047,2024-01-02
S09424,C015,2025-01-18
S07066,C037,2024-12-10
S09782,C002,2025-11-13
S04994,C031,2025-06-30
S02965,C032,2024-05-13
S09434,C020,2025-09-24
S03859,C043,2025-08-15
S01519,C001,2025-10-05
S06971,C025,2025-06-25
S07812,C016,2024-05-10
S05833,C018,2024-01-04
S00507,C012,2024-07-30
S03967,C006,2024-02-07
S03655,C043,2024-07-27
S08560,C034,2025-07-27
S04664,C017,2024-03-05
S05055,C045,2024-12-03
S09127,C006,2024-01-09
S01919,C030,2024-02-24
S01223,C041,2024-12-02
S04268,C022,2025-08-19
S08563,C045,2024-01-10
S00691,C042,2024-11-30
S04073,C003,2024-07-30
S06863,C021,2025-04-06
S06042,C001,2024-03-12
S01923,C020,2024-02-20
S01683,C049,2025-07-03
S00754,C014,2025-04-10
S07601,C012,2024-08-07
S02882,C049,2025-06-11
S09406,C001,2024-01-07
S09482,C049,2025-05-25
S08704,C014,2025-02-22
S08191,C030,2025-03-03
S02106,C004,2025-08-04
S05745,C007,2024-12-31
S07940,C019,2024-07-29
S09545,C036,2025-11-30
S03717,C042,2025-10-02
S07703,C050,2024-06-02
S00284,C025,2025-01-09
S07286,C045,2023-12-30
S00557,C004,2025-09-18
S05144,C011,2025-11-13
S01129,C018,2024-03-29
S02520,C024,2024-08-14
S08729,C037,2025-09-26
S00521,C005,2024-01-01
S01288,C046,2024-04-26
S09867,C003,2024-11-30
S09188,C007,2024-08-29
S06428,C015,2025-08-02
S00070,C033,2025-09-09
S03394,C020,2025-06-16
S06283,C034,2024-11-20
S04741,C040,2024-02-22
S01308,C007,2024-09-10
S03158,C026,2024-01-31
S03601,C002,2024-04-26
S06414,C041,2025-08-24
S06304,C014,2024-11-21
S09766,C029,2024-11-14
S02778,C044,2024-11-03
S08373,C005,2025-10-15
S02111,C017,2025-08-18
S04102,C011,2024-10-14
S04946,C047,2025-10-01
S06190,C026,2024-10-24
S06901,C026,2025-02-09
S01845,C027,2025-08-05
S07875,C044,2025-04-08
S06315,C026,2025-09-06
S07375,C020,2025-09-13
S00060,C039,2024-06-26
S00231,C021,2025-06-28
S05286,C008,2024-08-25
S01185,C031,2024-12-22
S09536,C008,2025-10-25
S00866,C041,2025-03-04
S04060,C031,2025-08-02
S03229,C003,2024-03-18
S04533,C045,2025-08-17
S08202,C001,2024-02-24
S03684,C040,2024-10-09
S09729,C037,2024-12-31
S02370,C015,2024-05-09
S05788,C022,2024-06-15
S06003,C038,2025-03-20
S05400,C029,2025-09-10
S04061,C009,2024-01-31
S05902,C010,2024-11-29
S06608,C028,2025-07-29
S08294,C035,2025-04-16
S07825,C034,2023-12-26
S03337,C019,2024-07-18
S00747,C042,2025-02-15
S01620,C042,2025-11-06
S06605,C050,2023-12-09
S01648,C038,2024-04-08
S01410,C016,2024-10-04
S02713,C011,2024-10-08
S03727,C007,2024-02-23
S04780,C030,2025-03-22
S07259,C023,2024-05-25
S06574,C002,2025-08-08
S05170,C041,2024-02-13
S03787,C049,2023-12-10
S00909,C035,2024-05-16
S01664,C037,2024-02-15
S02363,C027,2024-09-08
S07393,C004,2025-04-12
S01612,C015,2025-04-23
S03369,C012,2024-10-01
S00272,C035,2025-09-27
S06898,C002,2024-12-05
S07379,C045,2025-01-14
S05671,C018,2024-07-24
S00287,C003,2025-11-06
S04581,C048,2025-03-14
S04107,C047,2025-02-06
S06945,C037,2024-04-06
S01800,C014,2024-11-12
S09040,C027,2023-12-10
S09733,C035,2025-07-01
S01834,C018,2024-05-02
S05112,C007,2025-03-20
S00218,C039,2025-07-31
S04080,C022,2023-12-07
S09564,C040,2024-05-29
S07332,C048,2024-03-21
S07598,C029,2025-09-16
S07296,C032,2025-05-30
S05697,C043,2024-07-05
S09530,C010,2024-07-02
S02869,C047,2025-06-14
S07193,C011,2024-11-11
S06401,C024,2024-07-14
S09899,C039,2025-02-08
S08376,C050,2025-04-30
S08431,C050,2024-10-25
S04414,C049,2025-01-25
S01213,C029,2024-05-29
S09136,C024,2024-12-13
S02438,C006,2023-12-14
S01555,C022,2025-03-24
S07290,C014,2025-06-13
S05848,C018,2024-05-10
S06724,C041,2025-05-24
S06822,C046,2025-05-21
S06304,C047,2025-09-27
S06080,C045,2024-07-25
S03527,C015,2024-06-02
S08670,C001,2024-03-04
S04904,C031,2024-03-12
S05570,C001,2023-12-10
S01176,C008,2024-08-19
S03655,C016,2024-10-14
S00255,C039,2025-06-06
S04788,C043,2025-05-26
S08655,C023,2025-06-14
S04207,C028,2024-10-02
S07136,C045,2024-06-30
S02477,C014,2025-10-08
S09923,C003,2025-03-19
S08812,C005,2025-09-20
S02148,C009,2025-11-01
S03318,C012,2024-04-15
S04857,C011,2024-09-10
S07413,C016,2025-01-23
S06315,C012,2025-09-05
S09661,C026,2025-08-18
S07731,C008,2024-03-28
S02882,C033,2025-09-09
S03664,C019,2025-01-18
S02819,C022,2025-10-23
S01448,C003,2025-02-14
S09287,C034,2024-01-02
S05522,C003,2025-05-22
S07772,C012,2025-12-02
S03360,C002,2025-10-01
S02612,C002,2024-10-03
S06161,C010,2025-02-20
S09296,C023,2024-03-12
S06430,C044,2025-06-14
S00030,C017,2025-03-17
S04353,C009,2024-08-15
S00968,C013,2025-10-28
S04706,C029,2024-02-04
S05853,C032,2025-06-02
S09394,C005,2024-11-18
S05099,C032,2024-11-01
S06781,C033,2023-12-15
S06816,C030,2024-10-16
S04535,C033,2024-09-22
S05661,C002,2025-03-03
S04842,C015,2024-01-24
S04993,C011,2025-10-30
S05622,C012,2024-08-22
S08050,C037,2025-09-15
S06773,C049,2025-10-21
S03243,C016,2025-08-07
S06878,C008,2025-01-21
S04509,C038,2024-08-13
S06314,C047,2025-02-12
S07547,C045,2024-05-13
S08882,C029,2025-02-03
S04809,C036,2025-04-25
S03915,C016,2025-06-13
S05670,C036,2025-01-27
S09574,C032,2025-05-28
S00710,C022,2024-09-04
S05184,C005,2025-03-15
S01184,C006,2024-06-06
S05422,C018,2024-08-12
S07079,C001,2024-07-16
S06593,C001,2025-04-17
S00586,C014,2024-08-10
S09404,C012,2024-02-09
S03613,C034,2025-02-21
S02802,C006,2025-02-02
S03684,C009,2025-08-06
S04953,C013,2025-09-27
S08385,C045,2025-06-03
S03413,C021,2025-10-01
S06390,C046,2024-12-14
S00259,C030,2024-06-26
S04145,C034,2024-09-13
S03122,C002,2024-04-07
S09940,C019,2025-04-22
S09001,C033,2024-06-04
S01086,C042,2024-06-25
S05794,C029,2024-11-10
S03259,C042,2025-04-02
S01583,C011,2023-12-16
S06873,C046,2024-12-31
S07663,C002,2024-01-24
S08959,C009,2025-03-06
S05006,C048,2025-03-09
S02248,C023,2024-08-22
S01692,C021,2023-12-08
S08302,C028,2025-06-16
S09768,C042,2025-11-21
S08065,C018,2025-10-23
S05906,C020,2025-08-22
S02253,C029,2024-05-31
S02904,C003,2024-12-04
S00395,C045,2025-02-23
S05894,C040,2023-12-18
S09637,C045,2023-12-29
S02752,C027,2024-06-20
S05791,C010,2025-11-17
S04977,C032,2025-06-06
S08408,C049,2024-09-28
S06746,C001,2025-11-17
S08824,C048,2025-03-19
S04433,C004,2024-06-19
S08072,C019,2024-05-13
S02895,C014,2024-03-20
S09909,C019,2023-12-05
S04642,C003,2024-06-26
S01519,C011,2025-09-08
S00671,C029,2024-11-19
S09046,C019,2024-04-30
S04687,C013,2025-04-01
S00727,C009,2024-06-11
S06257,C040,2024-02-09
S08877,C014,2024-03-01
S07338,C045,2024-03-17
S00530,C032,2025-03-08
S02847,C015,2024-08-26
S03132,C017,2024-12-22
S02889,C040,2025-06-19
S07192,C038,2025-03-08
S07641,C026,2024-07-30
S03802,C011,2025-03-16
S08066,C001,2025-05-28
S06943,C012,2024-08-26
S05310,C003,2024-05-31
S03374,C003,2024-10-14
S04528,C027,2025-07-26
S07460,C030,2025-10-22
S00828,C003,2025-06-01
S03978,C017,2024-10-06
S02959,C043,2024-03-19
S00879,C020,2024-09-14
S09553,C003,2024-07-22
S02770,C048,2025-02-03
S07420,C018,2024-05-23
S09486,C007,2024-08-04
S01209,C046,2023-12-14
S02738,C014,2025-06-12
S09798,C049,2024-02-23
S09439,C008,2025-08-26
S03899,C011,2024-06-21
S03216,C007,2025-05-03
S07816,C047,2025-07-29
S01940,C017,2024-01-22
S03721,C039,2024-02-13
S05955,C003,2025-05-06
S01746,C047,2025-01-16
S03873,C029,2025-03-24
S02940,C015,2024-09-20
S02122,C003,2024-02-05
S07835,C018,2025-11-13
S09547,C018,2025-03-04
S03149,C017,2024-03-08
S02533,C022,2024-09-15
S08727,C013,2024-01-27
S08721,C016,2025-10-29
S09868,C025,2024-01-14
S09935,C005,2025-03-13
S01717,C015,2025-08-15
S04174,C007,2025-07-01
S01340,C002,2025-07-20
S04912,C025,2024-07-07
S04733,C045,2025-07-23
S09002,C010,2024-07-01
S09584,C007,2025-11-16
S07886,C035,2025-08-16
S04841,C021,2023-12-10
S07776,C010,2024-08-28
S05913,C025,2023-12-07
S01509,C050,2025-01-21
S01965,C038,2025-11-18
S06297,C002,2024-12-31
S06737,C041,2023-12-05
S05146,C001,2025-09-22
S02613,C047,2024-12-01
S08412,C001,2025-10-18
S07832,C045,2024-08-08
S06046,C021,2024-02-15
S02625,C019,2023-12-15
S02413,C022,2024-12-24
S06926,C016,2023-12-08
S01572,C040,2025-03-31
S07488,C012,2025-11-03
S04748,C048,2025-03-22
S01934,C021,2024-10-13
S01129,C046,2025-04-06
S07465,C044,2024-12-07
S07928,C045,2025-06-17
S04984,C050,2024-06-12
S01254,C050,2025-01-29
S05910,C034,2025-05-05
S03060,C020,2024-09-15
S05436,C007,2024-05-05
S01371,C025,2025-10-22
S07260,C003,2025-02-18
S06380,C039,2024-01-20
S05393,C014,2025-10-17
S08405,C022,2025-02-10
S04356,C014,2024-09-13
S01450,C034,2025-01-10
S09105,C042,2024-03-29
S02364,C046,2025-04-30
S03217,C037,2024-11-01
S09611,C004,2024-10-18
S05628,C033,2025-04-20
S04432,C041,2024-02-29
S02503,C029,2023-12-15
S03665,C022,2024-04-01
S06756,C050,2025-02-10
S02902,C001,2024-03-15
S05066,C034,2025-06-27
S03974,C017,2024-08-17
S09030,C049,2024-04-24
S02079,C048,2025-01-15
S06978,C045,2025-10-16
S01444,C026,2024-01-27
S03314,C040,2024-12-18
S01641,C022,2025-07-19
S09357,C018,2025-04-25
S03340,C045,2024-08-23
S06824,C031,2025-11-10
S09491,C029,2025-02-18
S09454,C041,2023-12-16
S07126,C024,2025-10-28
S07952,C027,2025-02-09
S05300,C036,2025-06-23
S07936,C035,2024-05-29
S08629,C038,2024-06-08
S06668,C028,2025-02-12
S06974,C030,2025-10-30
S00712,C011,2024-06-19
S01285,C016,2025-03-16
S00596,C017,2024-02-12
S09147,C008,2025-12-03
S01610,C012,2025-10-05
S03146,C050,2024-05-19
S06564,C029,2024-05-23
S08172,C024,2024-12-09
S07674,C006,2024-01-10
S00017,C041,2024-05-11
S05656,C041,2024-10-31
S02862,C011,2024-03-07
S07171,C017,2024-04-27
S02069,C026,2025-04-02
S08459,C036,2024-12-11
S01287,C028,2024-06-14
S03358,C010,2025-02-21
S03763,C039,2024-09-15
S06497,C006,2024-03-11
S04875,C003,2025-10-13
S00302,C030,2025-05-28
S04290,C042,2023-12-16
S09519,C039,2024-07-30
S07962,C010,2024-07-16
S04987,C011,2024-11-30
S01725,C019,2025-10-12
S06115,C014,2025-05-20
S04478,C006,2025-03-18
S05714,C043,2025-05-03
S07677,C004,2025-01-31
S01241,C048,2025-11-29
S03986,C011,2025-06-09
S04248,C039,2025-04-01
S09486,C011,2025-02-13
S02590,C017,2025-11-08
S06722,C007,2024-01-02
S02690,C022,2025-01-30
S08957,C007,2025-07-08
S04757,C030,2024-11-13
S01560,C012,2025-11-25
S00348,C009,2024-05-12
S01653,C035,2024-04-30
S07928,C048,2024-09-01
S03461,C023,2024-08-06
S05454,C038,2023-12-09
S05833,C021,2024-08-27
S05857,C042,2025-01-02
S08041,C013,2025-04-13
S04422,C014,2024-01-08
S00197,C021,2024-11-25
S06724,C017,2024-03-21
S02572,C014,2025-09-10
S04869,C025,2024-05-11
S05287,C033,2025-04-18
S09756,C001,2024-12-22
S04985,C021,2024-07-14
S02901,C049,2025-02-05
S01185,C002,2024-12-23
S00573,C005,2025-09-08
S01619,C003,2025-11-20
S00011,C025,2025-11-20
S05762,C045,2025-05-09
S02461,C031,2024-03-05
S04633,C003,2024-12-01
S09786,C022,2024-10-25
S08818,C043,2024-01-03
S04181,C049,2024-09-14
S06415,C030,2024-10-11
S02393,C030,2024-09-22
S00154,C027,2025-07-05
S09549,C041,2024-01-28
S06861,C026,2024-07-15
S03949,C033,2025-10-06
S07147,C050,2025-04-14
S04829,C011,2024-11-09
S08902,C020,2025-04-06
S04741,C018,2025-08-13
S01353,C014,2024-02-27
S05410,C014,2024-08-05
S00057,C002,2024-01-09
S04155,C008,2024-09-16
S07915,C018,2025-09-10
S03974,C022,2024-08-21
S02266,C002,2025-03-20
S07006,C020,2024-06-24
S04772,C021,2025-09-28
S02716,C009,2024-10-27
S01824,C042,2024-01-04
S09891,C021,2025-07-29
S09355,C021,2025-02-04
S08229,C048,2024-01-28
S05318,C041,2025-10-29
S08289,C035,2024-08-06
S01753,C041,2025-10-14
S07653,C041,2025-11-24
S06835,C020,2023-12-11
S05121,C050,2025-09-24
S07250,C046,2025-01-05
S02300,C024,2024-04-02
S08585,C038,2024-02-04
S05114,C005,2024-05-02
S01885,C042,2025-07-27
S03553,C027,2024-03-18
S00699,C006,2024-12-31
S06225,C026,2024-10-10
S01113,C017,2025-10-25
S01069,C035,2025-03-03
S08259,C045,2024-09-05
S04580,C010,2024-10-12
S06606,C030,2024-10-10
S06585,C023,2024-09-13
S05836,C014,2024-03-04
S04790,C024,2025-06-16
S01386,C039,2024-11-12
S02511,C004,2025-06-17
S02594,C016,2024-01-25
S00262,C037,2024-07-09
S00526,C041,2025-04-17
S07412,C040,2024-04-26
S05215,C005,2024-11-16
S05119,C025,2025-06-11
S00093,C012,2024-11-29
S02577,C018,2024-11-11
S04055,C041,2024-10-20
S04498,C041,2025-10-22
S04656,C036,2025-06-09
S01546,C038,2025-03-23
S08851,C023,2025-03-11
S08771,C018,2023-12-06
S00051,C033,2025-09-22
S02281,C015,2025-01-18
S04959,C038,2025-02-12
S06000,C036,2024-03-19
S01687,C019,2025-11-19
S03065,C007,2025-06-11
S03374,C033,2024-01-25
S06683,C038,2024-11-17
S03790,C014,2025-06-13
S02042,C021,2024-11-21
S04301,C047,2025-05-18
S08504,C044,2025-05-06
S07104,C049,2025-02-07
S05974,C046,2025-03-05
S06348,C017,2025-01-27
S00312,C028,2025-01-12
S07222,C024,2025-09-17
S03739,C047,2025-01-23
S09267,C026,2025-10-31
S00503,C034,2024-09-06
S04244,C015,2024-10-05
S08077,C045,2025-08-15
S07658,C019,2024-03-16
S05360,C011,2024-12-23
S02449,C046,2025-04-01
S01140,C027,2024-10-30
S04947,C012,2024-03-18
S02539,C046,2025-03-08
S07027,C004,2024-08-29
S01552,C037,2025-04-04
S00345,C046,2025-10-26
S03008,C012,2025-01-03
S00998,C029,2025-02-15
S08378,C035,2024-01-16
S05940,C048,2024-10-22
S07313,C021,2024-06-05
S07210,C012,2025-01-10
S07819,C022,2024-04-19
S04686,C017,2025-10-02
S02807,C043,2025-06-06
S06718,C043,2025-01-19
S00898,C019,2025-08-01
S03523,C039,2025-10-11
S04171,C030,2024-04-01
S03839,C039,2024-02-09
S01983,C007,2024-07-13
S02471,C029,2024-09-11
S08740,C049,2025-11-21
S05203,C012,2025-01-07
S05618,C016,2024-12-16
S03074,C020,2024-07-16
S02551,C016,2024-07-05
S03182,C049,2025-03-16
S09480,C010,2024-11-11
S00444,C021,2024-06-23
S04174,C031,2024-09-11
S04149,C007,2024-09-25
S01421,C020,2024-09-10
S07766,C036,2025-08-27
S09133,C010,2024-04-05
S06880,C025,2024-02-04
S08781,C019,2025-02-14
S02431,C010,2024-10-28
S02254,C026,2024-01-17
S08087,C041,2024-10-30
S06934,C020,2024-11-10
S02422,C002,2024-03-31
S01369,C003,2025-10-19
S08470,C033,2024-01-26
S04889,C011,2024-05-09
S07138,C031,2025-03-07
S09902,C045,2024-07-11
S05064,C003,2024-01-26
S04735,C038,2025-05-05
S04745,C037,2024-11-06
S07427,C001,2023-12-21
S07147,C039,2024-03-14
S09944,C039,2025-06-10
S08602,C050,2025-01-19
S08403,C012,2024-07-27
S03846,C026,2025-11-27
S02285,C031,2025-08-23
S09272,C018,2024-10-02
S08307,C035,2025-01-10
S03079,C013,2025-04-07
S04315,C038,2025-09-24
S04860,C044,2025-03-02
S03667,C022,2025-04-24
S09424,C022,2024-07-14
S06662,C018,2023-12-09
S03999,C008,2025-11-25
S05589,C038,2024-07-28
S05882,C043,2024-07-08
S04406,C047,2024-08-10
S00980,C001,2024-12-31
S05898,C037,2024-03-03
S07897,C021,2024-02-21
S08891,C007,2025-02-14
S04291,C003,2024-10-24
S02845,C045,2025-07-28
S03247,C035,2024-07-14
S05004,C014,2024-10-10
S03212,C019,2024-02-16
S09419,C043,2025-07-27
S00164,C040,2024-08-24
S02678,C005,2025-04-09
S00037,C011,2025-04-07
S06930,C003,2025-09-28
S06319,C011,2024-05-17
S09360,C035,2024-08-21
S02825,C030,2025-06-10
S09268,C040,2024-05-07
S05288,C006,2025-10-06
S00726,C021,2025-01-08
S04138,C015,2024-12-23
S01184,C018,2025-05-23
S09587,C011,2025-06-29
S00347,C049,2025-07-25
S00745,C008,2024-10-15
S05771,C022,2025-07-23
S09769,C045,2025-09-11
S05053,C017,2025-05-24
S04137,C011,2025-04-04
S09185,C012,2024-11-10
S02938,C037,2024-05-10
S07203,C048,2023-12-30
S06615,C036,2024-02-01
S02738,C040,2025-10-13
S06054,C029,2024-11-27
S04219,C019,2024-04-11
S06229,C035,2024-05-29
S05441,C006,2025-01-10
S07728,C046,2025-03-25
S07333,C015,2025-07-18
S09131,C028,2025-03-20
S02119,C042,2025-11-09
S09695,C031,2024-08-27
S07974,C008,2024-03-09
S01430,C031,2024-10-25
S07715,C042,2024-02-27
S07854,C039,2024-03-22
S06954,C002,2024-10-19
S05606,C030,2025-04-02
S00608,C002,2025-08-09
S03844,C020,2025-03-20
S03678,C016,2024-02-24
S04202,C046,2025-02-04
S03768,C048,2024-02-11
S08239,C023,2024-07-04
S03315,C026,2025-04-04
S05284,C035,2025-06-07
S08800,C014,2025-08-20
S01258,C011,2024-11-15
S03714,C048,2023-12-19
S09390,C020,2024-11-19
S03759,C005,2025-04-23
S06604,C040,2025-10-10
S02813,C025,2024-07-09
S09257,C015,2024-10-12
S05059,C050,2025-08-27
S08130,C015,2024-11-21
S00923,C030,2024-01-16
S02597,C028,2024-05-07
S03222,C046,2025-08-23
S06080,C032,2024-04-12
S03587,C045,2024-05-30
S00349,C012,2025-06-07
S02682,C049,2025-05-30
S04077,C049,2024-10-10
S07215,C022,2024-06-14
S03433,C040,2024-01-10
S02071,C007,2025-04-10
S01918,C034,2024-08-15
S09932,C048,2025-01-08
S01444,C019,2025-09-12
S00338,C030,2023-12-18
S00454,C024,2025-06-20
S03302,C027,2024-05-31
S05392,C015,2025-01-12
S03644,C044,2025-11-08
S04185,C039,2024-10-30
S08432,C007,2025-11-28
S07840,C009,2024-06-13
S00934,C032,2024-02-05
S01714,C046,2024-01-12
S05228,C001,2025-05-25
S04653,C036,2025-04-16
S01607,C017,2025-07-21
S07950,C002,2025-04-24
S00249,C042,2025-08-11
S08958,C016,2025-04-17
S09245,C025,2024-01-20
S02890,C013,2024-03-28
S08112,C026,2024-12-02
S04362,C047,2025-04-06
S07263,C034,2024-06-29
S05021,C015,2024-10-22
S09884,C050,2025-09-25
S02145,C050,2024-06-26
S01584,C030,2025-08-24
S02010,C039,2025-08-21
S03054,C046,2024-03-12
S01906,C045,2024-11-21
S05707,C001,2024-09-11
S09260,C026,2024-11-10
S05793,C033,2024-06-28
S00211,C016,2025-10-05
S00121,C010,2024-11-17
S04078,C017,2024-03-18
S08997,C042,2024-03-22
S02945,C049,2024-05-21
S00689,C034,2024-05-25
S09850,C049,2025-04-14
S07330,C009,2024-12-15
S00693,C023,2024-12-28
S09459,C038,2025-09-29
S07762,C045,2024-08-28
S02677,C011,2024-03-03
S00263,C037,2025-10-02
S02136,C017,2024-10-27
S07063,C016,2024-11-16
S00590,C036,2025-02-15
S02701,C010,2024-03-29
S04632,C031,2025-05-28
S04362,C007,2024-01-23
S07157,C031,2025-10-15
S06563,C027,2024-02-16
S05796,C038,2025-04-03
S01012,C010,2025-11-15
S07694,C006,2024-06-22
S05102,C050,2025-02-16
S06405,C017,2025-08-07
S00020,C031,2024-01-28
S02544,C002,2024-09-30
S00551,C047,2024-06-01
S07360,C046,2025-07-07
S03111,C044,2023-12-29
S06030,C030,2024-04-14
S01666,C035,2025-02-05
S04259,C034,2025-05-08
S08265,C040,2024-10-26
S02021,C007,2024-05-29
S03289,C036,2025-10-02
S05615,C011,2025-06-06
S04238,C028,2025-04-12
S09003,C047,2024-07-16
S00466,C050,2024-09-08
S04124,C019,2025-08-18
S08671,C013,2024-09-14
S04517,C009,2025-11-06
S01829,C028,2024-12-12
S03385,C036,2024-10-17
S05176,C007,2024-03-27
S06758,C036,2024-10-25
S08592,C041,2025-05-12
S08190,C049,2024-09-15
S06017,C032,2024-04-01
S06542,C021,2024-05-21
S01189,C004,2024-09-24
S08107,C040,2025-10-17
S04315,C005,2025-06-14
S02590,C002,2023-12-26
S00083,C035,2024-07-22
S01721,C008,2024-10-09
S09477,C044,2025-05-23
S09736,C001,2025-01-25
S07705,C029,2024-09-07
S00484,C005,2024-11-12
S04800,C023,2023-12-21
S02349,C024,2024-07-06
S07439,C005,2024-08-27
S06594,C001,2025-06-15
S05031,C023,2024-01-31
S04658,C002,2024-08-04
S03372,C009,2025-06-07
S08790,C036,2025-06-28
S01154,C031,2024-11-24
S09874,C033,2025-03-11
S06420,C048,2024-03-10
S00163,C024,2024-02-27
S05875,C011,2025-02-25
S06279,C044,2024-04-27
S02474,C008,2023-12-24
S03716,C042,2025-04-06
S00067,C039,2024-12-25
S09115,C005,2025-11-03
S07825,C006,2024-04-28
S08001,C019,2024-07-24
S04087,C043,2025-06-16
S09280,C026,2025-02-03
S07398,C011,2025-08-30
S01335,C040,2025-03-26
S00633,C036,2024-10-24
S04196,C011,2023-12-15
S01646,C027,2024-07-14
S09174,C049,2024-05-03
S02109,C012,2025-04-09
S08609,C035,2024-03-01
S06316,C028,2025-09-15
S07281,C004,2025-09-02
S06623,C046,2024-06-28
S09191,C012,2024-10-06
S02078,C031,2025-07-02
S04648,C033,2024-09-08
S01255,C040,2025-09-23
S05898,C043,2025-05-12
S02658,C042,2025-08-30
S08084,C040,2024-07-02
S02152,C047,2024-01-24
S02577,C009,2025-05-28
S05448,C006,2024-09-13
S06710,C033,2024-01-06
S05050,C029,2024-11-05
S09992,C008,2024-03-10
S06825,C031,2024-12-25
S07279,C042,2025-12-04
S03734,C050,2025-10-31
S02290,C019,2023-12-23
S00990,C023,2024-03-16
S01232,C033,2024-02-17
S08991,C040,2025-02-21
S06449,C035,2025-07-26
S03243,C034,2025-01-15
S01008,C022,2025-09-10
S02917,C044,2025-10-15
S09610,C028,2024-07-18
S05255,C049,2025-09-03
S04666,C021,2024-05-01
S02119,C016,2024-05-16
S03209,C019,2024-07-25
S06443,C009,2025-05-10
S03011,C001,2024-02-20
S09623,C039,2025-02-27
S06759,C048,2024-01-26
S01046,C037,2025-10-05
S03358,C016,2024-09-19
S01886,C025,2025-11-14
S09093,C036,2025-01-10
S01063,C010,2024-08-04
S01531,C034,2025-04-28
S01079,C019,2025-01-16
S01247,C028,2023-12-27
S09211,C044,2025-09-26
S09509,C035,2025-12-04
S07129,C049,2025-05-14
S01777,C020,2024-07-31
S00871,C031,2025-06-15
S02704,C013,2025-03-24
S04383,C015,2025-11-27
S09515,C035,2025-06-08
S01854,C027,2025-07-01
S04694,C008,2023-12-10
S03934,C013,2024-12-28
S06692,C033,2025-08-21
S09979,C025,2024-01-02
S06983,C038,2024-06-21
S09933,C011,2025-05-10
S05183,C038,2025-01-06
S08191,C002,2025-10-29
S03893,C032,2024-03-14
S02323,C039,2025-02-20
S08099,C004,2024-03-08
S07158,C019,2025-05-09
S09679,C049,2025-04-19
S04266,C022,2024-08-17
S05665,C011,2025-01-17
S04197,C012,2025-09-13
S07755,C028,2025-06-16
S00375,C022,2025-11-15
S06770,C028,2025-03-24
S02469,C049,2024-04-28
S06071,C010,2024-03-02
S01620,C046,2024-08-28
S09409,C017,2024-06-13
S04406,C045,2025-05-20
S07517,C004,2023-12-14
S04445,C024,2025-01-25
S02505,C022,2025-10-17
S01084,C035,2025-12-01
S06529,C050,2025-03-16
S02654,C002,2025-09-30
S07234,C026,2025-02-04
S06461,C029,2025-04-09
S09338,C026,2024-02-18
S08544,C012,2025-04-03
S07245,C018,2025-04-16
S00447,C030,2024-02-24
S08304,C037,2024-12-28
S06563,C016,2024-03-26
S04632,C020,2024-07-02
S05918,C016,2025-04-23
S08700,C002,2024-06-25
S03841,C024,2024-04-02
S03999,C044,2025-04-26
S04521,C031,2024-07-13
S08848,C023,2025-06-10
S05711,C048,2025-02-12
S02611,C004,2025-03-28
S01626,C008,2025-11-24
S01531,C014,2024-07-23
S07751,C028,2025-04-24
S00415,C006,2024-01-13
S04523,C003,2025-10-17
S04726,C008,2024-07-03
S06266,C018,2024-02-09
S08785,C016,2025-04-11
S03649,C023,2024-02-14
S00119,C022,2024-04-23
S09724,C009,2025-09-09
S00970,C009,2024-12-27
S08333,C011,2024-09-14
S03656,C007,2024-12-21
S03023,C007,2025-10-11
S07477,C030,2025-09-02
S00948,C010,2024-08-15
S03578,C026,2024-07-03
S07798,C025,2025-03-04
S05198,C022,2024-09-01
S04893,C030,2024-07-30
S00063,C029,2024-01-06
S00259,C003,2025-11-12
S07678,C023,2025-03-13
S04925,C016,2025-05-18
S04385,C037,2025-06-21
S04759,C006,2025-11-15
S02813,C043,2024-05-14
S06413,C022,2025-03-04
S09915,C047,2024-09-25
S00137,C007,2024-10-05
S03681,C013,2024-11-02
S07360,C005,2024-12-13
S01321,C033,2025-04-12
S04199,C008,2024-07-02
S00678,C031,2024-02-09
S04901,C047,2024-02-09
S02019,C046,2025-02-27
S06170,C028,2024-02-25
S07604,C009,2024-01-06
S03750,C031,2025-08-03
S09422,C037,2024-03-21
S07672,C038,2024-03-12
S01701,C036,2025-05-16
S06609,C010,2023-12-16
S03512,C036,2025-11-01
S06497,C008,2025-07-27
S03862,C010,2024-04-03
S03030,C031,2024-12-30
S08017,C012,2025-04-18
S01858,C038,2024-08-26
S03307,C046,2024-06-03
S02157,C050,2024-09-22
S04100,C044,2024-01-31
S06913,C027,2023-12-26
S04093,C039,2025-09-17
S01138,C022,2024-11-17
S08770,C023,2025-02-03
S06557,C038,2024-12-22
S00335,C011,2024-11-29
S04156,C025,2025-03-02
S01144,C002,2025-11-18
S04717,C019,2023-12-25
S03421,C002,2023-12-11
S01859,C035,2024-01-06
S07723,C050,2025-11-10
S02364,C018,2025-04-21
S05030,C042,2025-03-02
S02432,C038,2025-11-21
S07905,C024,2024-06-07
S01955,C020,2025-01-12
S07694,C036,2025-07-15
S00827,C021,2024-04-15
S01850,C020,2024-10-28
S09212,C025,2024-11-14
S01976,C018,2025-08-08
S04871,C042,2024-10-08
S01608,C031,2024-06-05
S00736,C022,2024-09-04
S05174,C024,2025-09-08
S01496,C047,2024-07-14
S07643,C031,2024-02-28
S08394,C019,2024-10-25
S02408,C028,2025-10-13
S08892,C019,2024-02-27
S01296,C043,2024-02-10
S08205,C032,2024-11-01
S01260,C032,2025-08-20
S04224,C012,2024-05-01
S02345,C042,2025-03-22
S07346,C004,2025-09-30
S09857,C040,2025-03-16
S03320,C015,2025-03-10
S08506,C046,2024-06-25
S07459,C001,2025-11-11
S00634,C004,2025-06-26
S01844,C009,2025-09-28
S09458,C016,2025-11-19
S03910,C040,2024-06-05
S03120,C026,2024-12-28
S06527,C029,2024-08-16
S04662,C002,2025-05-15
S08760,C046,2025-09-04
S04469,C034,2024-08-24
S02008,C010,2024-07-22
S02692,C009,2024-07-31
S09533,C044,2024-09-08
S09960,C006,2025-06-20
S05474,C011,2025-11-11
S01394,C022,2024-08-02
S04953,C007,2023-12-16
S04666,C010,2025-08-15
S03701,C030,2024-12-03
S09841,C011,2024-12-11
S04337,C042,2025-10-07
S05909,C006,2024-08-31
S07036,C038,2024-05-14
S05994,C031,2024-11-30
S08121,C036,2024-02-09
S06504,C029,2024-03-19
S06549,C008,2025-12-03
S05022,C014,2024-03-12
S00852,C043,2025-11-28
S05938,C009,2025-06-25
S01728,C022,2025-05-14
S00712,C047,2025-03-21
S00325,C040,2024-08-15
S08887,C027,2024-09-05
S03671,C001,2025-08-29
S09199,C043,2024-12-29
S01174,C042,2025-02-12
S09205,C020,2024-11-20
S08632,C047,2024-10-27
S01887,C019,2025-10-23
S05549,C036,2024-07-22
S08219,C035,2025-04-03
S03855,C025,2024-09-28
S08970,C037,2024-01-27
S03920,C002,2024-05-23
S06526,C046,2024-08-23
S06213,C002,2024-03-30
S00252,C037,2024-12-19
S07446,C020,2024-06-20
S08279,C049,2025-02-03
S07298,C038,2024-07-12
S00734,C047,2024-10-12
S08086,C029,2025-03-17
S05677,C041,2025-07-08
S02487,C049,2024-12-21
S06148,C047,2024-01-28
S01260,C050,2025-09-03
S00773,C037,2025-04-07
S02527,C040,2025-10-09
S00590,C017,2025-08-19
S07950,C023,2024-04-24
S01753,C032,2024-07-16
S04971,C025,2025-03-01
S03099,C027,2025-01-16
S01525,C046,2025-03-25
S01705,C021,2025-08-24
S05110,C030,2025-04-20
S05016,C039,2025-05-18
S08432,C035,2024-05-28
S02784,C010,2024-06-14
S09481,C041,2025-01-17
S03150,C047,2025-02-20
S05207,C049,2025-06-14
S08260,C008,2024-04-27
S00697,C011,2025-03-22
S05051,C011,2024-03-01
S00371,C036,2024-08-11
S08663,C038,2025-11-28
S06546,C045,2023-12-29
S07803,C001,2024-11-02
S08041,C029,2024-07-01
S01556,C021,2025-10-02
S09301,C005,2025-07-26
S01005,C005,2024-02-03
S02153,C015,2025-09-14
S05926,C005,2024-03-18
S08831,C050,2025-10-31
S01111,C023,2025-06-21
S08161,C024,2025-04-28
S08528,C023,2024-06-09
S03245,C022,2024-02-19
S07191,C016,2024-08-31
S04785,C044,2024-12-26
S06924,C039,2024-04-18
S02669,C003,2025-04-16
S03069,C040,2024-09-27
S06781,C022,2025-01-09
S07829,C022,2024-12-06
S00897,C005,2025-08-11
S07986,C009,2024-07-16
S00863,C040,2024-03-14
S05416,C004,2025-02-16
S00992,C019,2025-06-17
S04366,C028,2024-01-26
S06342,C036,2024-03-16
S07968,C030,2024-11-06
S09838,C047,2024-09-06
S07119,C048,2024-10-17
S09320,C036,2025-06-06
S02930,C013,2025-11-23
S04216,C047,2024-10-10
S05822,C041,2024-11-26
S02297,C002,2024-06-21
S09329,C001,2024-07-10
S04456,C018,2025-04-29
S05206,C048,2023-12-31
S00946,C008,2024-06-18
S01291,C033,2024-02-15
S02595,C037,2025-12-03
S04962,C047,2025-07-22
S08736,C004,2024-07-19
S05809,C046,2024-01-09
S03964,C044,2024-01-03
S04807,C021,2025-01-12
S08183,C034,2025-12-02
S09372,C023,2025-02-28
S00282,C003,2024-01-28
S05145,C047,2025-07-29
S00619,C031,2025-06-17
S02109,C032,2024-09-07
S03786,C004,2025-02-19
S02429,C005,2024-07-17
S04388,C049,2025-10-06
S07100,C048,2024-07-22
S04485,C044,2023-12-23
S07394,C048,2024-01-20
S02674,C013,2025-10-24
S09480,C019,2024-11-01
S02293,C032,2024-05-21
S08182,C048,2023-12-23
S01093,C004,2024-12-05
S03450,C009,2025-07-20
S04825,C014,2025-05-01
S05529,C016,2024-02-29
S05008,C023,2025-08-04
S05914,C001,2025-09-28
S08747,C039,2024-11-06
S02893,C044,2025-10-04
S01410,C027,2025-03-14
S00943,C020,2024-02-14
S08990,C029,2025-12-03
S00237,C037,2024-03-17
S07723,C042,2025-04-24
S05847,C028,2024-12-04
S08159,C002,2025-01-26
S03488,C043,2024-11-12
S06432,C020,2024-06-29
S06756,C006,2023-12-18
S01815,C022,2024-04-10
S00931,C044,2024-09-21
S07814,C031,2025-12-04
S01960,C005,2024-05-04
S03930,C004,2024-07-31
S07422,C023,2024-03-02
S09711,C001,2024-04-08
S05286,C039,2025-03-20
S04819,C023,2025-03-07
S00435,C002,2024-07-17
S05158,C017,2024-08-11
S07255,C011,2025-10-05
S05612,C002,2024-02-29
S00494,C033,2025-04-29
S08505,C016,2024-09-22
S06225,C014,2025-04-10
S00700,C024,2024-10-02
S03493,C046,2025-08-12
S08811,C040,2025-05-07
S00724,C028,2025-05-12
S08220,C031,2024-08-22
S01830,C003,2025-03-31
S03919,C018,2025-09-16
S00474,C040,2024-04-29
S08108,C023,2024-03-25
S03034,C001,2024-08-05
S04825,C009,2025-09-24
S08108,C027,2025-04-01
S08569,C043,2024-06-09
S01310,C022,2024-06-10
S09439,C005,2024-08-07
S05967,C043,2025-05-31
S04800,C013,2024-11-05
S04715,C001,2025-07-05
S03074,C039,2025-10-26
S08827,C018,2024-12-31
S06672,C030,2025-05-07
S00702,C038,2024-08-15
S02468,C004,2024-04-20
S06133,C034,2024-03-04
S09039,C017,2025-07-19
S08796,C048,2025-10-09
S01302,C015,2025-02-16
S03226,C002,2024-11-21
S06264,C031,2024-11-20
S01730,C008,2025-11-21
S08115,C012,2024-01-22
S01076,C034,2024-07-06
S03231,C037,2025-04-18
S09284,C045,2025-09-23
S08913,C009,2024-07-19
S09712,C048,2025-09-03
S02283,C040,2024-12-26
S06760,C009,2025-02-17
S03927,C024,2025-09-09
S02733,C012,2024-12-21
S01703,C002,2024-03-21
S04279,C027,2024-09-04
S00338,C006,2024-11-01
S01936,C029,2024-02-29
S05065,C034,2024-12-14
S06427,C018,2024-09-18
S00440,C016,2025-05-10
S07760,C022,2025-02-22
S07389,C015,2024-03-16
S01475,C044,2024-09-04
S00070,C043,2025-07-06
S05568,C001,2024-09-11
S03577,C018,2024-03-14
S00573,C044,2025-11-17
S05780,C035,2025-07-09
S08491,C040,2024-03-30
S02652,C035,2024-08-20
S09549,C022,2024-09-12
S02370,C012,2024-06-28
S09202,C045,2025-01-30
S04497,C026,2025-08-16
S02892,C008,2024-04-17
S04999,C029,2025-11-13
S06536,C049,2025-06-02
S04343,C036,2025-10-02
S04324,C002,2025-03-26
S07537,C013,2025-07-26
S00790,C020,2024-11-16
S05822,C010,2025-06-30
S04082,C017,2024-09-14
S06484,C012,2025-08-01
S02374,C047,2024-04-05
S00087,C038,2025-07-30
S07869,C048,2024-03-12
S08320,C031,2024-12-31
S05563,C007,2025-05-25
S04101,C042,2024-10-02
S04793,C001,2025-03-31
S06644,C025,2024-12-06
S08309,C046,2024-09-24
S01301,C005,2025-03-11
S07549,C033,2024-02-16
S06379,C029,2025-09-17
S09371,C021,2024-12-18
S00442,C010,2025-10-25
S05767,C035,2025-03-21
S01094,C030,2024-11-28
S00825,C031,2025-02-18
S00250,C025,2024-01-08
S02220,C032,2025-01-05
S06411,C014,2024-05-23
S09244,C042,2025-04-03
S02770,C017,2025-05-30
S02651,C015,2025-08-21
S03506,C008,2025-09-29
S03878,C017,2025-12-02
S00822,C017,2025-04-28
S02475,C028,2023-12-20
S08188,C038,2024-01-13
S02004,C018,2024-10-16
S03102,C003,2025-08-29
S03932,C001,2024-07-16
S07178,C012,2025-06-21
S03745,C012,2024-03-05
S01188,C016,2024-03-02
S05034,C028,2025-07-24
S08484,C018,2025-04-25
S03514,C004,2025-11-21
S08170,C036,2024-06-09
S04431,C023,2025-06-14
S03583,C026,2025-05-10
S01973,C048,2025-07-28
S07660,C022,2024-03-11
S06147,C008,2024-02-01
S03775,C031,2024-07-13
S03882,C041,2025-01-08
S01615,C018,2025-01-08
S03575,C041,2025-09-02
S05104,C042,2024-07-03
S05677,C047,2025-01-13
S08866,C036,2025-09-23
S08110,C023,2024-10-20
S06938,C024,2025-01-28
S02148,C045,2023-12-30
S06950,C036,2024-02-15
S01051,C021,2024-05-03
S01889,C040,2024-08-02
S02491,C037,2025-01-07
S09510,C041,2024-06-08
S04044,C040,2024-05-16
S07876,C018,2024-05-11
S04625,C003,2024-05-14
S07269,C047,2024-09-04
S00754,C018,2024-02-17
S09078,C030,2025-01-18
S00837,C004,2025-11-12
S07441,C001,2025-07-22
S09910,C012,2025-06-05
S03021,C039,2025-08-28
S02870,C007,2025-03-22
S09067,C043,2025-04-27
S06223,C014,2025-04-08
S09118,C038,2024-02-23
S00089,C008,2024-05-05
S09422,C018,2025-08-03
S06339,C046,2024-07-12
S01772,C006,2024-05-31
S06140,C043,2025-01-01
S08196,C006,2024-01-27
S05439,C016,2024-09-30
S00093,C038,2025-07-10
S06862,C006,2024-03-23
S01516,C018,2025-05-27
S08730,C037,2024-12-24
S06343,C010,2025-04-16
S01735,C023,2025-11-02
S09806,C022,2025-05-29
S09922,C023,2024-11-19
S00246,C043,2024-05-10
S09026,C014,2025-09-27
S07369,C028,2024-04-06
S05106,C039,2025-03-20
S07769,C050,2025-08-14
S07285,C011,2025-09-30
S00203,C018,2024-02-12
S05336,C043,2024-05-29
S00637,C035,2024-05-01
S05372,C035,2024-06-17
S04540,C016,2024-04-08
S01985,C035,2025-04-13
S06241,C016,2025-08-28
S07303,C023,2025-02-11
S09996,C038,2024-04-18
S06713,C002,2025-10-07
S00925,C040,2023-12-14
S08369,C024,2024-01-11
S06640,C002,2025-04-24
S02402,C049,2024-12-23
S06845,C027,2023-12-19
S06266,C032,2024-05-01
S06992,C041,2025-05-03
S04505,C011,2024-08-06
S09138,C049,2025-10-22
S02479,C045,2024-05-17
S09218,C032,2025-09-26
S04556,C026,2024-08-25
S08102,C034,2025-08-13
S03076,C048,2025-10-27
S00199,C007,2024-11-13
S09304,C049,2023-12-24
S08841,C049,2024-11-22
S06841,C008,2025-06-25
S05382,C043,2025-01-01
S07629,C011,2025-01-27
S09144,C044,2023-12-19
S09121,C023,2024-10-28
S08856,C013,2024-09-16
S02622,C006,2024-07-13
S05413,C038,2024-04-03
S01911,C029,2024-02-21
S02625,C027,2025-05-07
S06968,C001,2024-03-01
S06173,C044,2024-05-29
S02277,C034,2024-08-18
S01241,C002,2025-07-22
S07193,C049,2024-02-12
S08122,C050,2024-10-15
S00975,C027,2025-02-04
S04355,C041,2025-06-18
S09824,C020,2024-01-10
S08962,C038,2024-01-08
S07737,C004,2024-12-02
S03962,C017,2025-03-12
S06835,C027,2025-02-25
S05874,C015,2025-07-11
S03220,C048,2024-12-30
S05025,C003,2025-07-26
S05338,C024,2024-08-18
S06673,C039,2025-06-29
S09942,C049,2025-02-07
S05804,C038,2025-04-22
S01282,C050,2025-02-18
S04737,C031,2024-06-25
S01081,C024,2024-05-06
S06926,C039,2024-01-14
S03477,C016,2025-11-01
S07277,C006,2025-04-16
S05217,C039,2025-08-28
S09300,C035,2025-02-03
S03923,C049,2025-01-15
S01552,C044,2025-06-09
S02616,C043,2024-01-30
S08971,C001,2024-06-20
S01599,C027,2025-11-17
S00857,C017,2025-03-31
S09354,C043,2024-06-26
S09610,C031,2024-11-06
S02950,C007,2025-08-27
S00314,C046,2024-11-03
S08658,C023,2025-11-14
S07532,C041,2024-12-16
S05265,C001,2025-04-08
S01655,C044,2025-03-22
S04379,C024,2025-03-15
S08925,C041,2024-05-21
S01869,C042,2025-02-26
S00651,C040,2024-09-05
S02926,C024,2024-04-09
S01544,C046,2024-08-24
S06617,C002,2025-03-03
S03924,C044,2025-04-10
S05437,C022,2025-03-24
S06424,C041,2025-05-14
S07305,C016,2024-08-15
S02132,C017,2024-11-30
S05019,C022,2025-09-19
S09323,C018,2025-01-22
S02366,C024,2024-08-04
S03645,C042,2025-03-04
S06376,C048,2025-03-09
S04353,C028,2024-06-21
S08703,C044,2024-03-29
S03619,C047,2024-01-06
S03240,C025,2024-07-26
S07060,C030,2025-02-20
S06798,C009,2024-09-09
S07472,C046,2024-11-14
S08198,C018,2024-05-11
S06135,C015,2024-09-11
S05131,C041,2024-01-01
S06191,C048,2025-06-23
S08066,C009,2025-04-11
S06129,C035,2024-11-18
S07615,C039,2024-06-11
S06136,C047,2025-08-21
S04894,C009,2024-05-12
S08385,C023,2025-10-02
S06592,C045,2024-10-01
S03715,C031,2024-12-24
S05290,C032,2025-02-24
S00331,C024,2024-07-07
S01596,C039,2024-10-29
S07694,C025,2024-05-08
S00510,C040,2025-04-17
S05651,C037,2024-09-19
S00337,C039,2025-06-07
S06374,C004,2023-12-14
S07769,C044,2025-02-16
S04986,C018,2024-07-15
S00277,C030,2024-07-20
S04712,C001,2025-04-09
S05459,C044,2025-08-30
S05589,C003,2025-02-28
S03597,C049,2025-11-20
S02893,C032,2024-07-05
S05478,C039,2024-04-02
S02537,C046,2025-07-22
S04619,C044,2025-09-08
S07313,C048,2025-10-15
S05059,C013,2025-08-25
S02621,C039,2024-09-19
S01486,C046,2024-07-06
S06247,C007,2025-09-22
S07777,C043,2025-03-26
S01204,C047,2024-01-28
S08615,C015,2024-06-05
S02334,C045,2024-06-28
S01948,C027,2023-12-29
S07712,C040,2025-05-28
S06372,C045,2025-07-10
S02188,C019,2025-11-25
S01225,C006,2025-05-31
S01908,C004,2025-01-30
S05579,C001,2024-03-03
S04051,C041,2024-10-29
S07899,C006,2025-11-03
S05611,C018,2025-07-04
S09148,C015,2025-05-19
S00222,C002,2025-05-22
S08735,C010,2025-02-01
S05901,C026,2024-01-04
S01840,C025,2025-06-22
S09068,C034,2025-11-02
S01020,C010,2025-03-14
S05405,C013,2024-02-21
S05027,C027,2024-04-29
S07897,C005,2025-04-01
S08857,C017,2024-08-18
S09115,C017,2025-01-25
S04135,C046,2024-06-27
S06205,C031,2024-01-02
S09206,C017,2025-11-08
S02836,C050,2025-07-14
S01627,C019,2024-05-13
S05871,C047,2024-10-09
S04121,C019,2025-07-07
S09235,C007,2025-07-16
S04416,C037,2023-12-20
S06158,C033,2024-10-05
S06726,C018,2024-11-18
S03095,C029,2024-09-24
S08857,C012,2024-04-08
S00272,C038,2025-11-19
S00596,C008,2025-10-15
S01533,C009,2024-02-05
S02476,C028,2025-05-18
S07492,C033,2025-01-04
S01883,C040,2023-12-12
S07777,C001,2024-06-15
S05757,C011,2025-08-18
S06058,C046,2025-08-24
S06531,C041,2024-10-27
S03303,C021,2024-03-22
S07233,C046,2024-09-22
S03744,C033,2025-08-30
S04533,C022,2024-07-02
S02235,C038,2025-03-20
S08534,C004,2025-01-30
S04303,C021,2024-08-25
S03998,C043,2024-12-13
S06639,C038,2024-05-09
S06469,C008,2024-03-02
S06296,C028,2024-08-23
S02583,C038,2024-02-04
S09623,C025,2025-01-29
S04784,C012,2025-08-22
S05360,C027,2024-08-23
S09490,C008,2023-12-08
S05922,C045,2025-05-13
S08533,C030,2025-04-04
S08193,C045,2025-08-01
S04543,C008,2025-02-02
S06568,C041,2025-07-09
S01209,C024,2025-08-15
S06354,C012,2025-08-08
S04952,C033,2024-09-01
S06679,C028,2025-01-24
S09926,C043,2025-08-20
S07483,C027,2025-01-30
S02206,C015,2025-01-26
S03148,C022,2024-09-07
S07554,C045,2024-06-17
S00591,C031,2024-12-22
S01306,C044,2024-07-03
S09718,C036,2025-07-01
S07705,C039,2025-01-26
S00676,C042,2024-02-25
S06884,C009,2025-03-19
S06384,C042,2024-04-18
S00499,C023,2025-03-10
S00665,C011,2025-04-30
S05760,C014,2024-11-07
S06828,C018,2024-05-13
S01534,C037,2024-11-15
S04665,C032,2025-06-30
S05946,C027,2024-09-20
S09886,C046,2025-09-03
S03497,C040,2024-03-16
S09166,C045,2024-02-23
S07117,C039,2025-10-23
S05251,C036,2024-03-21
S09581,C011,2024-07-28
S06013,C035,2024-05-29
S00261,C008,2025-02-09
S09811,C007,2024-05-05
S04952,C005,2024-03-26
S03313,C023,2024-06-14
S07162,C002,2024-03-23
S06496,C008,2025-04-15
S06123,C043,2024-04-27
S01148,C012,2024-09-20
S00709,C014,2024-06-17
S00087,C050,2025-08-11
S08607,C005,2025-03-01
S04202,C043,2024-06-04
S05710,C023,2025-06-02
S00606,C035,2024-01-07
S02019,C010,2024-06-28
S02622,C027,2024-08-01
S00966,C003,2024-01-24
S04783,C012,2025-03-07
S09225,C024,2024-05-17
S09879,C050,2024-08-19
S04788,C019,2024-10-01
S05029,C027,2025-03-06
S03934,C021,2024-07-16
S04718,C035,2025-11-30
S04297,C016,2024-07-26
S03125,C045,2024-01-02
S03840,C015,2024-09-29
S05165,C037,2024-03-31
S08731,C018,2024-06-15
S08989,C042,2025-04-03
S02667,C031,2024-09-17
S07124,C034,2023-12-13
S05317,C031,2024-09-04
S06923,C045,2024-04-06
S08353,C025,2024-07-25
S05992,C036,2024-05-18
S00158,C004,2025-07-08
S03159,C050,2025-03-27
S07287,C017,2024-07-24
S04855,C045,2024-06-07
S09446,C007,2025-04-05
S07109,C013,2024-10-22
S09761,C049,2025-09-04
S02790,C016,2024-02-10
S02242,C044,2025-08-30
S07572,C022,2024-07-30
S02457,C028,2024-09-19
S00975,C044,2025-07-04
S08288,C029,2025-05-15
S03507,C047,2025-11-05
S06526,C002,2024-04-09
S06644,C035,2024-08-16
S00257,C006,2024-03-14
S07986,C018,2024-02-17
S00001,C030,2024-02-17
S02212,C045,2025-06-29
S08899,C014,2025-03-25
S01454,C008,2025-01-22
S00475,C022,2024-01-12
S02277,C018,2025-05-13
S02779,C030,2024-02-24
S03635,C029,2025-03-19
S08751,C049,2025-05-23
S06852,C030,2024-07-17
S07591,C022,2024-10-31
S03826,C020,2025-11-15
S05055,C025,2025-03-27
S02445,C001,2025-11-21
S02199,C008,2025-08-14
S04443,C008,2025-03-21
S08738,C020,2025-06-11
S09405,C015,2024-04-10
S06085,C041,2024-11-18
S06907,C027,2023-12-10
S08627,C006,2025-11-15
S03529,C035,2024-10-10
S06809,C040,2024-06-08
S00425,C043,2025-10-24
S02117,C011,2024-12-14
S06806,C015,2024-09-21
S06387,C026,2025-04-27
S03137,C034,2024-09-13
S08169,C019,2024-05-19
S03482,C007,2024-08-24
S06526,C045,2024-09-08
S09803,C013,2024-03-06
S07179,C015,2025-08-09
S04227,C001,2025-06-26
S09080,C046,2025-03-19
S01444,C033,2025-07-31
S05683,C019,2025-04-09
S08325,C044,2025-04-06
S03555,C043,2024-09-04
S07932,C021,2025-11-02
S00329,C006,2024-06-21
S04329,C023,2025-04-18
S05898,C016,2024-01-19
S01600,C012,2025-07-22
S03384,C037,2024-05-18
S07256,C046,2024-03-06
S04246,C031,2024-06-27
S04890,C009,2025-03-22
S06898,C029,2025-04-18
S02121,C045,2024-11-07
S00754,C041,2025-01-08
S02330,C034,2025-09-07
S03018,C009,2025-04-01
S00305,C026,2024-04-04
S04208,C031,2025-10-11
S01382,C050,2024-02-28
S08231,C037,2024-01-13
S02422,C004,2024-06-09
S08287,C029,2025-03-03
S08688,C048,2024-12-11
S03784,C009,2025-11-16
S08844,C045,2023-12-23
S04057,C015,2025-05-22
S08907,C027,2025-01-26
S01019,C041,2025-08-13
S09687,C001,2023-12-22
S02444,C038,2024-02-10
S08466,C050,2024-04-16
S01611,C035,2025-04-13
S00548,C023,2024-11-28
S05641,C050,2023-12-26
S03604,C019,2025-09-09
S06521,C020,2025-05-04
S01612,C050,2024-09-06
S05934,C048,2025-04-18
S00932,C025,2025-09-14
S02293,C039,2025-07-09
S08078,C002,2025-09-17
S07465,C002,2024-10-22
S01053,C045,2025-05-11
S02548,C002,2025-05-28
S02804,C005,2024-02-17
S03636,C036,2024-09-08
S06953,C020,2025-05-25
S04633,C035,2024-08-28
S02862,C027,2024-03-04
S05451,C005,2024-05-31
S02148,C011,2024-08-27
S07603,C001,2024-10-06
S09295,C003,2025-10-22
S09496,C018,2024-12-10
S00853,C005,2024-04-13
S04897,C042,2024-02-12
S06861,C037,2024-02-17
S04977,C033,2025-05-25
S07499,C030,2025-09-28
S02266,C013,2024-12-10
S00510,C026,2024-10-03
S06504,C037,2025-08-19
S03303,C010,2025-04-16
S02872,C050,2024-06-28
S00272,C008,2024-03-01
S07978,C050,2025-03-09
S05773,C019,2025-06-14
S02375,C030,2025-01-09
S04041,C021,2024-01-12
S00484,C030,2024-07-30
S00425,C014,2024-04-14
S05778,C014,2024-08-27
S08135,C027,2025-11-27
S05634,C016,2025-04-21
S05478,C009,2024-05-21
S00377,C010,2025-07-11
S00053,C002,2023-12-17
S08279,C005,2025-08-14
S03648,C015,2024-10-17
S00045,C037,2024-10-13
S08030,C044,2023-12-06
S00233,C041,2024-02-11
S06888,C006,2024-04-26
S06378,C048,2024-05-09
S04444,C025,2024-06-13
S06697,C003,2025-04-30
S02471,C041,2024-09-09
S06550,C027,2024-03-09
S08441,C030,2024-03-23
S07877,C021,2024-12-07
S00046,C007,2024-05-05
S00967,C019,2024-12-29
S02464,C030,2024-12-11
S05241,C042,2024-05-06
S05000,C026,2025-07-28
S07609,C033,2024-06-08
S02977,C007,2024-05-31
S05182,C047,2025-11-04
S00950,C041,2025-05-20
S06031,C016,2025-07-29
S05761,C022,2025-06-09
S09109,C037,2024-01-03
S09502,C039,2025-07-16
S01826,C015,2024-10-14
S00707,C018,2025-10-08
S08234,C035,2024-05-02
S04569,C036,2024-04-14
S07181,C038,2024-06-20
S01350,C013,2024-12-04
S01624,C006,2024-07-16
S08642,C018,2025-05-21
S03168,C046,2025-08-29
S00798,C043,2025-08-13
S01472,C006,2024-03-11
S01486,C022,2025-11-18
S09227,C004,2025-07-10
S03862,C020,2024-08-06
S00227,C048,2024-01-07
S03106,C022,2024-11-17
S00098,C014,2024-04-03
S08025,C041,2025-06-21
S00176,C017,2024-01-21
S04347,C023,2025-03-28
S04412,C001,2024-03-18
S05921,C006,2024-07-19
S02426,C022,2023-12-16
S09807,C041,2024-07-17
S05159,C044,2024-08-30
S04689,C047,2024-09-26
S03879,C033,2025-07-22
S04135,C044,2024-12-06
S02092,C036,2024-10-13
S09101,C015,2024-05-26
S04466,C034,2025-03-01
S03672,C023,2023-12-07
S00036,C018,2025-06-02
S09601,C035,2024-02-24
S01283,C010,2024-12-09
S09753,C045,2024-12-05
S05794,C035,2024-02-03
S04787,C022,2024-02-26
S07412,C007,2024-01-22
S04189,C031,2024-03-07
S05637,C008,2024-04-29
S05479,C020,2024-07-28
S03771,C017,2025-11-25
S04129,C011,2025-03-19
S02411,C039,2023-12-07
S08983,C049,2025-04-23
S07212,C023,2024-01-30
S07385,C019,2024-03-01
S08840,C015,2025-07-25
S02597,C028,2025-03-26
S08112,C037,2025-05-26
S03155,C034,2025-06-30
S06102,C008,2024-01-25
S02257,C015,2025-05-14
S04343,C031,2025-03-24
S07458,C023,2024-07-29
S05594,C018,2025-04-22
S00325,C026,2025-07-27
S08328,C027,2025-09-25
S00682,C010,2025-04-19
S08810,C025,2024-07-05
S09638,C043,2025-01-17
S03900,C010,2024-05-25
S06277,C010,2024-10-03
S02978,C048,2024-08-26
S02715,C007,2025-07-15
S08483,C013,2025-09-13
S06756,C014,2024-03-08
S09207,C044,2025-09-16
S02358,C014,2024-05-31
S07143,C021,2025-04-10
S09091,C027,2024-08-17
S06800,C027,2025-05-27
S06185,C037,2023-12-15
S06780,C032,2024-11-25
S02179,C019,2023-12-11
S08111,C047,2024-03-24
S01230,C011,2024-04-27
S05282,C017,2024-01-27
S07600,C010,2025-05-01
S07806,C043,2024-01-23
S05672,C036,2023-12-10
S04660,C011,2024-12-08
S00497,C039,2024-06-25
S05828,C016,2025-05-16
S00956,C021,2025-06-03
S06667,C024,2023-12-07
S05825,C022,2024-10-07
S00076,C003,2024-03-01
S08217,C006,2025-01-20
S09314,C040,2025-05-02
S01474,C007,2025-03-05
S03914,C006,2025-08-24
S09009,C039,2024-05-19
S04592,C035,2025-10-18
S06155,C021,2024-08-14
S03761,C024,2024-11-21
S01732,C027,2024-10-31
S06311,C030,2024-02-12
S00599,C012,2024-12-24
S07325,C011,2024-03-21
S00194,C020,2024-07-22
S01816,C015,2024-08-04
S06182,C023,2025-06-24
S01261,C034,2024-07-07
S08838,C037,2024-02-15
S09061,C019,2025-05-26
S00365,C011,2024-06-08
S06021,C011,2024-10-13
S00745,C034,2025-10-27
S09105,C046,2024-07-13
S04507,C027,2025-05-05
S04427,C049,2025-07-06
S04653,C007,2024-07-18
S03492,C001,2024-10-23
S01100,C002,2024-01-03
S05623,C042,2024-04-10
S05502,C050,2024-04-12
S08113,C045,2025-04-18
S06335,C050,2025-06-01
S01761,C013,2025-11-23
S00684,C016,2024-07-22
S09613,C032,2024-01-17
S06285,C034,2025-02-06
S07281,C037,2025-06-15
S03105,C016,2025-10-10
S06795,C024,2024-03-19
S07232,C018,2025-01-30
S02291,C006,2025-09-30
S02422,C018,2025-02-28
S05674,C030,2024-08-12
S08615,C025,2023-12-11
S02728,C026,2024-08-25
S04407,C037,2024-08-18
S04012,C015,2024-04-19
S00003,C049,2024-09-28
S00671,C027,2024-11-30
S09213,C050,2025-06-08
S01427,C001,2025-06-23
S09071,C028,2024-05-23
S08012,C028,2024-11-25
S08247,C047,2024-09-16
S07452,C006,2025-03-06
S05364,C004,2024-01-08
S07615,C032,2024-01-18
S07841,C027,2024-08-01
S06176,C035,2024-12-21
S01186,C041,2023-12-20
S03693,C007,2025-03-13
S06175,C043,2024-01-28
S05419,C044,2024-09-13
S00054,C025,2025-04-24
S09909,C008,2024-01-04
S04077,C045,2025-08-22
S06375,C030,2024-12-30
S08841,C017,2024-11-20
S06889,C030,2024-04-11
S00151,C034,2025-11-13
S01565,C046,2024-03-05
S06984,C034,2025-12-01
S09647,C032,2024-10-23
S06356,C031,2025-02-04
S06170,C033,2024-09-23
S09585,C007,2024-09-11
S01267,C050,2024-06-13
S00929,C022,2024-04-24
S05866,C030,2025-10-04
S00029,C016,2024-04-23
S01261,C041,2025-04-16
S02100,C031,2024-10-09
S05462,C049,2023-12-17
S08298,C045,2025-07-09
S01242,C007,2024-02-04
S03398,C033,2024-01-23
S00827,C001,2025-05-07
S08295,C021,2024-03-16
S03948,C016,2025-08-14
S05959,C015,2024-11-11
S03366,C038,2025-02-05
S05582,C027,2024-02-22
S06992,C022,2025-06-22
S09615,C016,2024-05-30
S07633,C007,2024-01-26
S09496,C031,2024-10-15
S04000,C015,2025-06-07
S09459,C045,2024-09-11
S06945,C041,2024-05-23
S00610,C042,2025-08-01
S09604,C004,2024-07-21
S08407,C045,2024-01-25
S02797,C002,2025-10-21
S09030,C013,2025-07-12
S00346,C024,2024-08-03
S03059,C035,2024-05-26
S08706,C028,2023-12-25
S09205,C014,2024-12-02
S08344,C011,2024-11-30
S05180,C031,2025-10-15
S08569,C043,2025-01-28
S04683,C006,2025-09-08
S01313,C041,2025-06-29
S00174,C045,2025-11-19
S08578,C030,2025-11-07
S06271,C005,2025-07-28
S05058,C017,2024-04-17
S08140,C029,2024-12-22
S03159,C043,2024-11-05
S02503,C006,2024-12-23
S07617,C002,2025-09-29
S02347,C029,2024-02-15
S02615,C012,2025-08-30
S04787,C022,2025-10-14
S09908,C006,2025-10-14
S07573,C018,2025-09-03
S09596,C024,2024-06-27
S00912,C011,2024-08-16
S00844,C011,2025-02-25
S06183,C020,2024-12-22
S07016,C007,2024-05-14
S07038,C045,2024-05-06
S08032,C045,2024-10-12
S09184,C014,2025-11-12
S07052,C023,2025-11-01
S01184,C041,2025-03-14
S07458,C002,2024-10-07
S01333,C017,2024-07-30
S09995,C038,2025-07-16
S06486,C005,2025-03-26
S07524,C001,2024-01-16
S01648,C026,2025-09-14
S02157,C039,2025-09-30
S04321,C045,2024-08-13
S02273,C019,2024-07-31
S09317,C042,2025-07-23
S06525,C008,2025-09-22
S04518,C023,2025-04-22
S08906,C006,2025-07-04
S01818,C004,2025-04-14
S04783,C011,2025-09-18
S09268,C043,2024-07-19
S06949,C011,2025-10-09
S06416,C010,2023-12-09
S08986,C018,2024-05-21
S04453,C014,2024-10-22
S05613,C018,2024-07-03
S00860,C020,2025-09-16
S00285,C014,2025-06-18
S02438,C016,2024-06-10
S07713,C013,2025-02-28
S04459,C034,2024-07-18
S06164,C023,2025-03-21
S00424,C011,2025-07-26
S06075,C013,2024-06-23
S05416,C009,2025-08-01
S03232,C005,2025-01-27
S00532,C015,2024-05-28
S03742,C017,2024-02-12
S06388,C002,2024-12-24
S02604,C029,2023-12-18
S01561,C045,2024-05-13
S06487,C009,2025-11-06
S05649,C019,2025-05-26
S04313,C037,2025-09-09
S09264,C039,2025-01-08
S03539,C021,2024-03-27
S05972,C023,2024-08-24
S06335,C008,2025-10-01
S00006,C023,2024-10-29
S04327,C014,2024-04-23
S00659,C040,2025-07-14
S07144,C007,2025-07-02
S07475,C002,2025-06-25
S00751,C018,2025-04-12
S03203,C038,2025-10-12
S00812,C031,2025-01-16
S02393,C047,2025-05-16
S07170,C028,2025-05-03
S03822,C049,2025-11-02
S00420,C027,2025-06-21
S08794,C032,2024-11-23
S03404,C016,2024-11-08
S00157,C005,2024-12-09
S06320,C035,2024-03-03
S02935,C007,2025-11-28
S01581,C047,2025-06-13
S03684,C044,2025-05-03
S00557,C050,2024-07-25
S01738,C048,2025-04-22
S01022,C050,2025-03-28
S04496,C016,2025-05-27
S06063,C018,2024-08-14
S01877,C030,2024-06-28
S09083,C010,2023-12-07
S01133,C035,2024-08-23
S02874,C031,2024-09-22
S03309,C025,2025-09-29
S02205,C003,2025-04-28
S01367,C019,2024-09-11
S09435,C026,2025-05-06
S07583,C004,2025-04-02
S09641,C010,2024-02-29
S00995,C029,2024-11-20
S01302,C045,2025-11-12
S08082,C032,2024-04-19
S05129,C014,2025-11-02
S09301,C001,2024-08-23
S08173,C020,2025-11-02
S09361,C039,2025-05-20
S05606,C030,2023-12-26
S05989,C030,2025-11-15
S03432,C006,2024-03-14
S01901,C010,2024-12-19
S04048,C026,2024-02-20
S04732,C018,2024-10-12
S03535,C040,2024-06-29
S03374,C036,2024-11-02
S03751,C007,2024-04-25
S02170,C015,2024-09-10
S06163,C002,2024-03-07
S02965,C046,2024-07-16
S03244,C014,2024-03-01
S05310,C020,2023-12-21
S08491,C043,2023-12-23
S07658,C009,2025-02-13
S00638,C033,2025-07-10
S01979,C039,2023-12-15
S01730,C018,2024-11-14
S07942,C006,2024-06-12
S07264,C049,2025-04-12
S00147,C046,2024-03-04
S09802,C005,2025-03-18
S05425,C048,2024-01-24
S08475,C039,2024-05-19
S04704,C045,2024-03-06
S00054,C031,2024-03-20
S02314,C027,2025-07-27
S00189,C026,2024-12-11
S07740,C032,2025-07-06
S00496,C010,2025-06-12
S02096,C007,2023-12-24
S08773,C025,2025-10-30
S07005,C031,2024-07-30
S05696,C013,2025-08-06
S09337,C001,2024-08-02
S06375,C006,2024-04-01
S02229,C040,2024-03-25
S08705,C040,2025-03-23
S00564,C031,2024-12-10
S02015,C022,2025-04-12
S04386,C027,2024-06-05
S08155,C031,2025-03-13
S09221,C047,2025-06-23
S02222,C017,2025-05-15
S06543,C011,2024-08-20
S05116,C004,2024-11-18
S07274,C031,2025-10-21
S01272,C035,2024-02-20
S05031,C033,2024-06-11
S02002,C019,2024-04-18
S02474,C043,2024-05-30
S01939,C033,2025-07-15
S03958,C026,2024-06-01
S02902,C021,2024-11-11
S00571,C030,2025-05-12
S01207,C036,2025-01-07
S05295,C037,2025-08-28
S02310,C030,2024-11-20
S02529,C029,2025-04-29
S07829,C021,2024-01-12
S08828,C025,2025-10-09
S01012,C043,2024-07-18
S00765,C002,2025-04-30
S02390,C041,2024-04-29
S08468,C037,2024-12-07
S05313,C028,2024-10-15
S03994,C010,2025-04-29
S01556,C049,2024-08-12
S02136,C027,2025-05-29
S00712,C039,2025-04-08
S03984,C016,2024-06-22
S04928,C034,2024-04-26
S04916,C025,2024-02-23
S07504,C025,2024-03-05
S01502,C045,2025-09-26
S06826,C010,2025-03-19
S06071,C026,2024-07-26
S08500,C036,2025-03-12
S04119,C008,2025-10-17
S07187,C009,2025-05-02
S00588,C023,2025-04-15
S04070,C008,2024-12-20
S08433,C029,2025-05-24
S04786,C042,2024-08-11
S09295,C020,2024-07-23
S03882,C022,2024-08-04
S06391,C014,2025-03-06
S03530,C030,2024-12-27
S05900,C022,2024-07-05
S07481,C041,2024-04-19
S00474,C038,2024-03-22
S02080,C021,2025-07-10
S01326,C014,2024-06-27
S01986,C045,2024-01-30
S04270,C020,2024-03-19
S07594,C041,2025-09-16
S07135,C021,2025-08-23
S03169,C024,2023-12-20
S00176,C047,2024-02-06
S02570,C028,2025-07-10
S02269,C022,2023-12-28
S03700,C025,2024-06-02
S06291,C024,2025-06-24
S01772,C037,2025-02-03
S03302,C038,2024-02-08
S08079,C043,2024-12-31
S00663,C046,2025-10-31
S01278,C044,2024-09-23
S04236,C007,2025-10-24
S01545,C045,2024-01-10
S02163,C045,2025-11-09
S02317,C046,2024-02-11
S03821,C047,2024-09-08
S09699,C040,2025-07-29
S02583,C044,2024-03-04
S08590,C023,2025-11-12
S00239,C049,2024-09-26
S04021,C044,2024-09-08
S03066,C017,2025-10-01
S02184,C038,2024-04-14
S06850,C019,2024-11-04
S06451,C026,2024-01-30
S08384,C012,2025-04-15
S05470,C044,2025-04-25
S09942,C031,2024-01-11
S08473,C020,2024-05-29
S02886,C026,2024-07-28
S09787,C020,2024-11-14
S04119,C013,2024-05-20
S05157,C036,2024-05-27
S04000,C047,2025-01-23
S02722,C028,2024-11-05
S03291,C033,2025-04-29
S08682,C047,2025-02-11
S00614,C042,2025-12-04
S01774,C023,2024-10-10
S00380,C026,2024-03-27
S05193,C022,2025-03-18
S04586,C041,2024-02-12
S09260,C047,2023-12-29
S08106,C036,2024-06-02
S05977,C026,2024-02-19
S08534,C047,2024-04-09
S06868,C044,2025-06-29
S07510,C050,2025-03-19
S03678,C045,2025-03-28
S06492,C001,2025-06-14
S07162,C034,2025-07-01
S08936,C002,2025-11-27
S09132,C036,2024-03-02
S05996,C009,2025-02-06
S04888,C043,2025-02-20
S03668,C023,2025-05-11
S05996,C002,2024-05-12
S08500,C007,2025-10-18
S01682,C006,2025-03-06
S08682,C009,2024-07-25
S07668,C027,2025-05-20
S09057,C027,2024-05-06
S07722,C001,2024-04-05
S02889,C031,2025-08-15
S05539,C022,2025-03-27
S02903,C029,2025-02-23
S03712,C024,2024-01-08
S04492,C030,2024-01-11
S04366,C005,2025-08-01
S07255,C013,2024-10-28
S02169,C020,2024-04-05
S06561,C015,2024-12-07
S06757,C013,2024-12-29
S03538,C032,2023-12-29
S07586,C018,2024-12-30
S02373,C013,2025-01-18
S01928,C050,2025-09-03
S09943,C046,2025-02-04
S03681,C023,2024-07-29
S04339,C020,2024-02-13
S05711,C020,2024-01-28
S06913,C050,2024-05-19
S00194,C047,2024-07-16
S02291,C040,2024-12-20
S07203,C034,2025-11-07
S03226,C044,2025-02-06
S08351,C004,2024-07-28
S07850,C024,2025-03-08
S05058,C030,2025-09-22
S07208,C015,2025-04-03
S02522,C028,2024-01-28
S07731,C011,2024-04-20
S05605,C024,2025-10-05
S00047,C003,2024-02-23
S02053,C018,2025-01-26
S01404,C031,2024-03-11
S07421,C041,2024-09-08
S07698,C025,2025-10-02
S01846,C020,2025-10-30
S05507,C026,2024-05-05
S07353,C039,2024-08-23
S00854,C016,2025-11-12
S01145,C011,2025-09-28
S06388,C010,2024-11-05
S09217,C030,2025-01-17
S06288,C010,2025-03-27
S04810,C035,2025-06-22
S04568,C039,2025-03-23
S01778,C025,2024-05-28
S09586,C032,2024-02-14
S01678,C014,2025-04-15
S01248,C026,2023-12-07
S09890,C022,2025-02-20
S09340,C006,2025-09-04
S01106,C022,2024-02-09
S05617,C037,2025-09-24
S02641,C040,2025-06-28
S01170,C047,2024-12-21
S07930,C033,2024-11-11
S03624,C022,2024-05-21
S04998,C015,2025-01-28
S02517,C038,2025-07-03
S04782,C022,2024-05-18
S02249,C024,2024-09-03
S03783,C021,2025-09-02
S03427,C046,2024-01-22
S08228,C016,2024-08-17
S02541,C003,2023-12-09
S09940,C025,2023-12-06
S05739,C017,2024-06-06
S02854,C020,2025-11-05
S08064,C041,2024-11-08
S08535,C015,2025-03-20
S04584,C027,2024-01-19
S09345,C009,2024-04-10
S08163,C011,2024-07-10
S04660,C006,2025-04-01
S08177,C035,2025-04-07
S02240,C043,2025-03-02
S02278,C001,2024-09-19
S04527,C007,2025-05-21
S06803,C004,2025-11-11
S09121,C022,2025-10-06
S05318,C049,2024-11-22
S08703,C035,2024-05-19
S02353,C015,2024-08-18
S03885,C047,2025-09-12
S00304,C013,2025-10-13
S00912,C029,2024-09-23
S01944,C031,2024-06-24
S09992,C034,2025-07-29
S03370,C023,2025-10-09
S08937,C011,2025-04-26
S09647,C045,2024-11-13
S09973,C034,2025-04-08
S02519,C026,2025-06-26
S04756,C012,2024-10-07
S04347,C034,2025-11-11
S06768,C014,2024-09-28
S04722,C019,2025-08-09
S00405,C002,2025-05-15
S05984,C015,2024-09-25
S03569,C027,2024-08-26
S08715,C018,2024-08-10
S03037,C019,2024-12-08
S05632,C026,2024-03-27
S00547,C028,2024-03-21
S03961,C005,2024-02-08
S01020,C007,2024-04-21
S07780,C003,2024-05-05
S06147,C039,2025-01-28
S04964,C013,2024-09-07
S02619,C003,2025-01-28
S04697,C050,2024-03-24
S07539,C014,2025-11-03
S07651,C035,2024-08-30
S00444,C003,2025-01-13
S00329,C049,2024-12-04
S03539,C037,2024-05-06
S06171,C023,2024-02-22
S01166,C032,2025-02-08
S09329,C046,2024-03-31
S05580,C033,2024-12-16
S00495,C001,2025-05-13
S00383,C015,2025-03-29
S08553,C041,2025-08-12
S01694,C042,2025-03-13
S04816,C014,2025-03-11
S02840,C011,2024-08-04
S01559,C022,2025-09-01
S04537,C039,2025-04-06
S08540,C026,2025-05-07
S06662,C002,2024-06-16
S01138,C026,2023-12-05
S05689,C042,2025-03-18
S01303,C011,2024-04-13
S01645,C024,2023-12-12
S08492,C007,2025-03-21
S00804,C040,2025-06-24
S04905,C035,2024-02-12
S00186,C003,2025-11-03
S06248,C036,2025-01-22
S09795,C011,2025-07-03
S09352,C039,2024-08-07
S06733,C030,2025-10-01
S02605,C001,2024-03-14
S09823,C010,2024-05-03
S06024,C006,2025-10-09
S02644,C025,2024-07-26
S01995,C038,2024-05-08
S05385,C035,2025-07-16
S06433,C015,2024-12-03
S02496,C019,2024-05-17
S08605,C040,2025-03-27
S07713,C020,2024-04-07
S05562,C047,2025-05-29
S09791,C014,2025-05-09
S00604,C002,2024-07-10
S07327,C017,2024-09-19
S08472,C018,2025-03-05
S04992,C037,2025-11-22
S01546,C047,2024-04-27
S08643,C023,2025-05-14
S06250,C030,2025-03-27
S07379,C027,2025-02-01
S00719,C006,2024-03-09
S05002,C020,2024-03-15
S00843,C021,2024-03-22
S00783,C027,2024-10-03
S00630,C042,2024-09-12
S00240,C027,2024-05-24
S04398,C035,2024-12-01
S07139,C046,2025-11-13
S02716,C013,2024-10-09
S03095,C041,2024-08-06
S01765,C017,2025-07-15
S01098,C006,2024-06-23
S00197,C050,2025-04-05
S00553,C040,2024-09-16
S07137,C001,2024-05-08
S07031,C013,2025-06-09
S07134,C018,2024-04-04
S05304,C017,2024-10-27
S00233,C027,2025-07-04
S03373,C025,2025-03-07
S08990,C038,2025-11-22
S09511,C033,2024-02-18
S08361,C007,2024-01-30
S03554,C014,2025-07-28
S09501,C016,2023-12-13
S03373,C025,2024-12-06
S03399,C009,2024-09-05
S01241,C035,2024-12-21
S08278,C042,2024-12-14
S05251,C035,2023-12-25
S07629,C036,2024-04-09
S09287,C028,2024-04-06
S08611,C006,2025-04-15
S09252,C007,2024-06-06
S08690,C015,2025-09-24
S06175,C010,2025-01-15
S00832,C048,2025-11-05
S08126,C003,2025-05-18
S05559,C010,2024-10-20
S05421,C029,2024-06-12
S02314,C026,2024-08-26
S06798,C019,2025-03-02
S05870,C027,2025-04-17
S09680,C042,2025-11-30
S08897,C005,2025-06-09
S00989,C008,2025-07-09
S07029,C014,2025-04-07
S07617,C028,2025-07-05
S08361,C026,2025-09-03
S04724,C001,2024-07-18
S03259,C015,2025-04-27
S00310,C040,2025-02-04
S06973,C027,2025-07-16
S01093,C022,2024-02-20
S08950,C001,2024-05-18
S03535,C031,2024-11-24
S07775,C038,2024-11-17
S09901,C013,2024-06-07
S03996,C008,2024-10-08
S02661,C025,2024-12-29
S03841,C030,2025-04-23
S06285,C006,2024-09-10
S07256,C036,2025-07-04
S00695,C006,2024-12-04
S03999,C012,2023-12-07
S03414,C013,2024-08-31
S06195,C033,2024-10-09
S02766,C005,2025-04-19
S02635,C017,2025-05-25
S08197,C024,2024-02-15
S08664,C008,2024-02-09
S08775,C015,2025-02-10
S09222,C041,2024-02-02
S02260,C007,2024-06-01
S09813,C025,2024-08-01
S03305,C028,2024-05-01
S07626,C033,2025-07-23
S06183,C035,2025-01-22
S03535,C002,2025-07-19
S05904,C026,2024-03-05
S05416,C022,2025-11-12
S07145,C004,2025-10-15
S00023,C034,2025-06-06
S07494,C018,2025-04-26
S04435,C030,2025-02-07
S04725,C007,2024-12-31
S01790,C017,2024-11-07
S08891,C031,2025-01-17
S04380,C034,2025-08-09
S09743,C037,2024-11-01
S07136,C047,2025-06-30
S08664,C048,2024-05-09
S07402,C028,2024-12-30
S03950,C022,2025-01-19
S03460,C021,2024-02-19
S07971,C001,2025-04-07
S09079,C011,2024-03-14
S01204,C022,2025-05-19
S02418,C003,2025-06-15
S01399,C006,2024-08-30
S04496,C007,2024-11-28
S04502,C023,2023-12-08
S01449,C008,2025-03-17
S03199,C032,2024-01-23
S06424,C013,2024-03-17
S09210,C047,2024-07-22
S09530,C019,2025-01-27
S07470,C030,2024-07-05
S03875,C029,2024-06-29
S00430,C023,2024-03-20
S08791,C024,2024-06-10
S00506,C040,2025-10-09
S03121,C034,2025-02-25
S08679,C017,2024-09-06
S03829,C040,2025-08-16
S09814,C031,2025-05-30
S03046,C047,2024-09-12
S01629,C032,2025-01-26
S06820,C027,2025-05-03
S01149,C019,2024-05-05
S02923,C025,2024-01-11
S01785,C004,2024-08-19
S01487,C003,2024-03-13
S08788,C038,2024-12-20
S02631,C049,2024-09-10
S02525,C050,2024-11-27
S02980,C040,2024-07-19
S05584,C006,2024-08-06
S08391,C042,2024-11-03
S00238,C016,2024-06-29
S01561,C028,2025-01-04
S09843,C040,2025-08-21
S06872,C026,2025-10-18
S07327,C006,2024-11-08
S03589,C043,2025-02-04
S06552,C028,2024-06-04
S02549,C020,2025-07-01
S09762,C001,2024-01-29
S05808,C019,2024-09-11
S08077,C009,2024-07-23
S02974,C021,2024-11-14
S06598,C040,2024-01-21
S03166,C003,2024-04-26
S01689,C042,2025-05-24
S00533,C041,2024-10-19
S01099,C009,2024-12-04
S08898,C042,2025-06-15
S08626,C027,2025-01-25
S03228,C048,2025-06-21
S06556,C012,2025-03-11
S07113,C016,2024-05-10
S08001,C024,2025-05-27
S05605,C050,2025-04-07
S06638,C040,2024-06-14
S02496,C003,2025-04-03
S01061,C019,2025-08-30
S06861,C031,2024-10-18
S01475,C023,2024-08-13
S07660,C011,2024-09-21
S01284,C010,2024-02-28
S03251,C043,2024-06-24
S01878,C013,2025-04-27
S04908,C011,2024-06-15
S04090,C033,2025-09-23
S05025,C018,2023-12-27
S04588,C049,2025-11-06
S09975,C022,2025-05-20
S05532,C005,2025-11-17
S09967,C044,2025-06-02
S06612,C039,2024-04-18
S09326,C020,2024-01-08
S06488,C017,2025-04-12
S00972,C039,2024-06-18
S07120,C034,2025-11-27
S04334,C021,2025-09-18
S09683,C047,2023-12-15
S07137,C012,2024-03-18
S02404,C021,2025-11-05
S09965,C009,2024-09-20
S09028,C009,2024-08-04
S02841,C038,2024-11-17
S07357,C008,2024-12-01
S04502,C013,2024-10-17
S03623,C010,2025-06-23
S05363,C012,2024-12-01
S05749,C046,2024-02-24
S00061,C040,2024-01-22
S09538,C039,2024-06-03
S06684,C008,2024-02-21
S03214,C041,2024-11-01
S01681,C012,2025-01-13
S05718,C002,2025-06-10
S02730,C028,2025-03-28
S04863,C044,2025-04-27
S02518,C003,2025-01-25
S03978,C029,2025-08-20
S07658,C015,2024-11-06
S02747,C034,2024-11-02
S03905,C012,2025-04-26
S02271,C033,2024-07-06
S06892,C023,2024-11-08
S03262,C044,2025-08-29
S02080,C008,2024-09-13
S05936,C012,2023-12-10
S05713,C014,2024-07-22
S07554,C014,2025-08-24
S09565,C026,2024-06-08
S02542,C033,2025-02-12
S04722,C003,2025-02-28
S07790,C036,2024-09-09
S02635,C009,2025-12-03
S08641,C001,2024-09-12
S01561,C008,2025-10-31
S00189,C023,2024-06-02
S02010,C017,2025-04-23
S09219,C046,2025-09-04
S08488,C020,2024-04-02
S08684,C031,2024-06-22
S01253,C030,2024-12-19
S03679,C048,2024-07-06
S03253,C005,2024-05-24
S05321,C038,2024-06-19
S01633,C018,2025-07-10
S06023,C010,2025-07-23
S03426,C011,2025-05-13
S00403,C013,2025-05-06
S06658,C023,2024-07-26
S01397,C025,2024-12-12
S02386,C029,2024-03-30
S07366,C032,2024-04-03
S00483,C037,2024-01-30
S08797,C014,2025-08-12
S09733,C048,2024-11-14
S03640,C038,2025-07-29
S08522,C003,2025-02-07
S06532,C048,2025-05-09
S05117,C029,2025-05-23
S02079,C015,2024-11-01
S09185,C013,2025-02-19
S06997,C024,2025-08-20
S05815,C006,2025-01-27
S05850,C025,2024-06-24
S00221,C036,2024-04-14
S05992,C025,2025-09-29
S01537,C007,2024-04-03
S01424,C048,2025-09-22
S09867,C048,2024-06-07
S09512,C017,2025-11-14
S08539,C049,2025-03-12
S09779,C010,2025-09-05
S08269,C018,2025-02-17
S02815,C032,2024-08-11
S04375,C007,2024-04-27
S07990,C002,2025-10-29
S05750,C002,2025-02-18
S03971,C011,2025-09-21
S09701,C034,2025-06-16
S07295,C019,2023-12-28
S06921,C013,2024-05-22
S02337,C049,2023-12-14
S01528,C041,2025-09-09
S04487,C007,2024-03-27
S09292,C047,2025-10-26
S03344,C024,2025-03-20
S02515,C039,2024-05-18
S07492,C021,2025-07-06
S05918,C038,2025-11-28
S01662,C018,2024-10-11
S09819,C012,2024-03-31
S03327,C042,2024-06-10
S09611,C033,2025-11-15
S08230,C025,2024-03-15
S02111,C017,2024-05-23
S00327,C042,2023-12-15
S01660,C005,2025-04-11
S03460,C012,2024-05-12
S01905,C037,2023-12-14
S04691,C029,2025-08-21
S04770,C026,2024-01-12
S02710,C037,2024-09-16
S01809,C016,2025-10-22
S09336,C015,2025-10-30
S06100,C005,2025-08-28
S09624,C026,2024-03-14
S00536,C015,2025-05-03
S05681,C004,2025-03-03
S08879,C023,2025-07-13
S08630,C029,2025-10-08
S07198,C018,2025-09-17
S07041,C043,2025-05-21
S00366,C039,2025-01-24
S09943,C010,2024-09-08
S09216,C009,2025-06-05
S08818,C039,2024-09-05
S02723,C008,2024-09-17
S04690,C035,2025-08-26
S02338,C017,2025-03-12
S07579,C028,2025-04-12
S03502,C021,2024-04-24
S06545,C039,2025-06-11
S06005,C048,2024-02-12
S02441,C034,2025-08-02
S02774,C013,2025-06-13
S08313,C045,2025-07-19
S02414,C035,2024-07-08
S04370,C016,2024-05-26
S06744,C003,2024-01-25
S03124,C042,2025-11-27
S02151,C040,2024-09-02
S07496,C026,2024-01-21
S08573,C046,2025-11-05
S07679,C046,2025-04-28
S08702,C014,2024-08-10
S01647,C045,2024-08-08
S08015,C015,2025-09-12
S09486,C034,2025-01-16
S01869,C041,2025-05-18
S03855,C045,2024-02-18
S01944,C017,2025-11-05
S09559,C029,2025-09-14
S08896,C018,2024-09-22
S09826,C029,2025-06-17
S06093,C044,2025-01-28
S03461,C021,2025-01-17
S07096,C022,2025-04-03
S07935,C025,2024-12-08
S00728,C008,2023-12-22
S08232,C042,2025-03-09
S01292,C002,2025-07-02
S07980,C043,2025-02-04
S03066,C037,2025-09-13
S02992,C012,2025-01-14
S03761,C021,2025-01-13
S00864,C015,2025-05-09
S07895,C010,2024-05-03
S09723,C022,2024-03-15
S07082,C030,2024-01-09
S08952,C016,2025-12-03
S09924,C033,2025-07-26
S00591,C024,2024-05-28
S02321,C002,2025-11-10
S04909,C045,2025-02-13
S04625,C045,2024-06-30
S09101,C041,2025-01-02
S00147,C014,2025-09-28
S07661,C050,2024-07-26
S09256,C017,2024-07-05
S00089,C023,2025-02-02
S08988,C002,2024-06-23
S01704,C028,2024-02-03
S08831,C039,2024-05-24
S02994,C022,2024-06-12
S04904,C036,2024-04-25
S09188,C036,2023-12-22
S03782,C041,2024-08-31
S03592,C044,2024-10-18
S02398,C029,2025-03-01
S06050,C020,2025-03-10
S06166,C010,2024-04-14
S01648,C005,2025-09-19
S05879,C006,2024-08-18
S06921,C013,2024-08-18
S01203,C039,2025-09-14
S03510,C010,2024-04-01
S00891,C009,2025-01-31
S01218,C009,2024-06-10
S05991,C026,2023-12-27
S06566,C036,2025-09-09
S04495,C037,2024-03-13
S04788,C001,2024-10-08
S06420,C018,2025-01-09
S04898,C027,2024-11-29
S08641,C027,2024-01-19
S04629,C021,2025-05-12
S07672,C020,2025-01-14
S08451,C047,2024-10-26
S00873,C002,2024-05-05
S06878,C002,2025-06-24
S09475,C024,2025-01-09
S07676,C009,2024-03-06
S09649,C033,2025-03-09
S07614,C037,2025-06-07
S07083,C009,2024-11-15
S07797,C045,2025-07-12
S06177,C036,2025-08-28
S04656,C041,2025-10-20
S08188,C034,2025-05-12
S02615,C049,2024-02-25
S04686,C037,2024-08-15
S06823,C047,2024-10-26
S05657,C013,2024-05-25
S01439,C004,2025-04-11
S07519,C021,2023-12-23
S08682,C034,2024-02-17
S07364,C017,2025-09-19
S01714,C018,2024-05-23
S03091,C043,2024-11-19
S00030,C045,2025-05-26
S08185,C045,2024-01-14
S04677,C039,2024-06-08
S04667,C044,2024-01-21
S07885,C045,2024-08-29
S06601,C050,2023-12-06
S01587,C005,2025-04-16
S01770,C048,2024-04-27
S06940,C028,2025-07-21
S05952,C005,2024-09-10
S04009,C041,2024-04-06
S04377,C035,2023-12-23
S00435,C018,2025-07-25
S03998,C010,2024-09-17
S04189,C021,2023-12-09
S01783,C031,2024-07-14
S00143,C004,2024-08-21
S00656,C027,2025-09-17
S04787,C008,2024-09-18
S04334,C028,2025-06-22
S07324,C039,2025-07-18
S08088,C034,2024-09-15
S02239,C041,2024-05-08
S09620,C009,2024-01-12
S07485,C006,2024-09-16
S04032,C023,2024-02-13
S02977,C049,2025-07-30
S07836,C007,2024-06-12
S08984,C037,2024-07-01
S03492,C033,2024-02-15
S01559,C033,2024-04-27
S00180,C025,2024-06-15
S04878,C036,2025-08-29
S07004,C047,2025-08-31
S00356,C021,2025-05-04
S06758,C029,2024-03-30
S07456,C048,2025-01-17
S09918,C014,2025-02-08
S00539,C034,2024-05-11
S04257,C050,2024-05-19
S08394,C019,2025-09-27
S03206,C040,2025-01-06
S02145,C008,2024-04-30
S02666,C027,2025-09-24
S06698,C047,2024-11-15
S09001,C004,2025-08-21
S07558,C002,2024-01-07
S04562,C007,2025-06-23
S03490,C029,2025-05-16
S04278,C047,2024-01-08
S00438,C002,2024-01-23
S03423,C034,2025-11-01
S08878,C008,2024-08-02
S09932,C002,2024-12-07
S03483,C048,2024-09-12
S03945,C043,2024-05-01
S07949,C004,2024-10-20
S07044,C019,2024-10-30
S07812,C038,2024-05-20
S04896,C020,2024-10-22
S06733,C020,2024-05-22
S02561,C009,2025-11-13
S04762,C032,2024-07-27
S08221,C035,2024-04-17
S07546,C005,2024-03-02
S05483,C030,2025-08-31
S06556,C030,2024-11-24
S07994,C036,2024-11-24
S09976,C011,2023-12-09
S04727,C010,2025-07-09
S01186,C006,2024-12-02
S05019,C031,2025-04-30
S01915,C027,2024-11-08
S05675,C009,2023-12-27
S08085,C039,2024-08-23
S02572,C020,2024-06-24
S09757,C028,2025-09-05
S09689,C012,2024-03-16
S02958,C002,2025-01-21
S03163,C032,2024-10-23
S05618,C031,2024-07-28
S00138,C013,2025-12-02
S03398,C030,2025-12-04
S01983,C019,2024-11-15
S08762,C035,2025-07-25
S06355,C040,2025-04-21
S03936,C001,2025-08-31
S05951,C016,2025-11-27
S03625,C001,2024-09-25
S06730,C025,2024-01-27
S03895,C048,2025-01-09
S09256,C032,2025-02-19
S07690,C003,2025-10-03
S06033,C006,2024-06-30
S00867,C017,2025-05-02
S08629,C019,2023-12-24
S09665,C050,2025-06-03
S09449,C027,2024-12-01
S09131,C019,2024-02-21
S00355,C010,2024-02-15
S04728,C008,2024-12-15
S02065,C003,2024-08-04
S00203,C030,2025-06-19
S04824,C009,2024-10-31
S09881,C007,2024-05-29
S06213,C011,2024-04-23
S09285,C024,2024-04-01
S03250,C042,2025-06-19
S03127,C034,2025-07-29
S02805,C023,2025-10-01
S05303,C033,2024-12-10
S06621,C045,2025-02-23
S02424,C024,2024-09-25
S05619,C027,2024-01-18
S00281,C030,2024-10-22
S01003,C032,2024-06-16
S05336,C044,2024-01-10
S03127,C048,2025-05-10
S07097,C015,2024-01-30
S04620,C011,2025-02-09
S08530,C016,2025-10-05
S02292,C009,2024-04-07
S01612,C019,2023-12-17
S07213,C049,2025-07-16
S01644,C028,2023-12-25
S05054,C041,2025-07-24
S07923,C017,2025-03-05
S09225,C037,2024-10-19
S00325,C045,2024-04-30
S07279,C020,2024-03-31
S03849,C003,2024-07-03
S06581,C037,2025-09-10
S09629,C011,2025-08-29
S04071,C042,2024-05-04
S05159,C009,2024-05-21
S04669,C043,2025-04-21
S08884,C021,2024-05-01
S00633,C011,2024-04-19
S00132,C017,2025-09-16
S04736,C002,2025-05-19
S03266,C032,2025-04-04
S05169,C035,2025-01-09
S07973,C010,2025-01-05
S07002,C007,2024-08-23
S08252,C047,2024-11-03
S05511,C029,2024-05-05
S02320,C009,2024-03-04
S03199,C044,2025-03-07
S00709,C042,2024-09-29
S08253,C007,2025-06-22
S05115,C016,2025-09-02
S04277,C016,2025-09-23
S03601,C026,2024-02-29
S04749,C003,2024-04-04
S06237,C025,2025-08-29
S06064,C031,2024-06-04
S06588,C042,2025-07-28
S07479,C032,2024-08-17
S07338,C007,2024-09-14
S07807,C025,2024-07-01
S00734,C042,2024-05-31
S08677,C047,2024-05-10
S02016,C023,2025-07-13
S03283,C003,2024-06-30
S01449,C024,2025-06-29
S06631,C030,2024-07-01
S05384,C030,2025-08-27
S07261,C031,2024-05-31
S05561,C030,2025-03-04
S10000,C021,2025-01-06
S01248,C024,2024-09-14
S09348,C024,2024-06-08
S06377,C048,2025-06-23
S07799,C024,2024-12-01
S01226,C002,2025-03-04
S08142,C011,2025-08-28
S02499,C044,2024-09-20
S06255,C026,2025-05-15
S08677,C022,2025-01-22
S03448,C050,2025-04-29
S07493,C025,2025-02-17
S05612,C023,2025-05-07
S00149,C029,2025-12-02
S09756,C046,2024-09-15
S03496,C003,2025-06-11
S09802,C010,2025-03-24
S06819,C026,2024-08-12
S06238,C037,2025-04-06
S09919,C021,2025-10-01
S02222,C030,2024-01-21
S06977,C012,2025-04-12
S01709,C029,2025-07-16
S08257,C020,2024-08-19
S07757,C044,2025-03-17
S00583,C009,2025-10-16
S05238,C039,2024-11-30
S01409,C037,2025-04-22
S00658,C022,2024-09-30
S05945,C034,2024-10-06
S08414,C034,2024-03-17
S00958,C010,2025-03-14
S04715,C032,2025-07-21
S06864,C049,2024-08-02
S04420,C004,2025-04-24
S01364,C022,2024-03-20
S07440,C029,2024-03-22
S06957,C050,2024-08-27
S07408,C048,2024-04-20
S09431,C004,2024-06-21
S08679,C046,2025-09-12
S07760,C037,2024-03-18
S06163,C049,2025-03-29
S08448,C036,2025-05-24
S05945,C001,2025-02-24
S06254,C048,2025-10-16
S02532,C013,2025-04-17
S02267,C006,2024-02-22
S07219,C026,2024-09-02
S04430,C014,2023-12-30
S01779,C028,2024-11-03
S06474,C034,2025-04-01
S00760,C019,2025-04-17
S07484,C015,2024-05-30
S07215,C050,2025-12-03
S07261,C043,2024-12-25
S01735,C035,2024-02-14
S05747,C045,2025-02-27
S04324,C003,2025-06-05
S03659,C022,2024-06-06
S04806,C029,2024-04-30
S03215,C027,2023-12-25
S09881,C028,2025-03-26
S07793,C040,2025-10-27
S02014,C008,2024-09-28
S00632,C003,2025-08-10
S08119,C029,2024-11-19
S06378,C007,2024-06-27
S04750,C016,2025-02-20
S08490,C008,2025-02-27
S04177,C042,2024-12-08
S03948,C006,2024-04-11
S05193,C032,2025-01-17
S02717,C024,2025-09-23
S09967,C050,2025-07-26
S06146,C009,2025-08-20
S06720,C012,2025-06-16
S09288,C025,2025-06-19
S04436,C007,2025-10-23
S06115,C049,2025-09-06
S08217,C043,2024-09-05
S05354,C018,2024-07-09
S07091,C016,2025-05-08
S02976,C026,2025-03-21
S03585,C016,2024-11-05
S00369,C020,2025-05-05
S09616,C017,2025-04-25
S08451,C013,2024-10-22
S06782,C036,2024-10-18
S01476,C038,2024-09-16
S02405,C028,2024-08-15
S00302,C043,2025-08-06
S07743,C039,2025-11-11
S02522,C044,2024-10-26
S01246,C049,2024-11-11
S00208,C040,2024-11-02
S03303,C015,2024-07-10
S03377,C010,2024-04-02
S06136,C003,2024-11-17
S00855,C039,2024-12-03
S00765,C032,2024-05-29
S02799,C039,2025-08-09
S00426,C038,2025-09-06
S00218,C012,2024-05-02
S05943,C049,2025-08-01
S04015,C027,2025-11-12
S06422,C014,2023-12-07
S00734,C026,2025-06-20
S09172,C018,2024-02-26
S08857,C021,2024-07-17
S02580,C033,2025-05-03
S02331,C031,2024-09-20
S02747,C038,2025-07-14
S02420,C044,2025-01-11
S05728,C004,2025-08-03
S08800,C031,2024-10-19
S08162,C028,2025-05-28
S04959,C039,2025-04-20
S07732,C014,2025-06-01
S06724,C005,2024-07-16
S02709,C033,2024-11-24
S08268,C020,2025-04-09
S01507,C050,2025-03-31
S09709,C010,2023-12-25
S09080,C001,2025-11-25
S08789,C025,2025-07-16
S06561,C034,2024-02-26
S09425,C045,2024-12-12
S07442,C050,2024-04-20
S08102,C019,2025-01-26
S02746,C042,2024-09-04
S01679,C021,2025-04-24
S05293,C021,2024-03-02
S07895,C035,2025-05-02
S09990,C014,2024-01-22
S01073,C045,2025-02-19
S04543,C032,2024-08-29
S03100,C006,2025-03-29
S04000,C029,2024-12-25
S06694,C048,2024-03-23
S01674,C023,2024-05-24
S00547,C026,2024-01-19
S08473,C010,2024-10-02
S04449,C027,2024-06-25
S05437,C036,2025-02-02
S00148,C015,2025-03-13
S07539,C007,2025-06-17
S00754,C029,2024-01-27
S07163,C031,2024-12-17
S08020,C030,2024-10-12
S05653,C050,2025-03-02
S01874,C021,2025-02-28
S07469,C028,2024-07-14
S07572,C038,2025-10-30
S04315,C015,2024-03-15
S02220,C006,2024-09-15
S02935,C022,2024-12-24
S02273,C024,2025-07-18
S07671,C046,2024-11-03
S01535,C003,2025-01-08
S09940,C004,2024-01-27
S01812,C040,2024-06-15
S09658,C021,2025-04-12
S06534,C028,2025-05-15
S04537,C011,2024-06-16
S02113,C033,2025-09-22
S07778,C010,2025-10-14
S00877,C019,2025-09-19
S04060,C008,2023-12-12
S02638,C039,2024-05-27
S09627,C025,2025-09-09
S06323,C008,2024-08-22
S09454,C019,2024-08-16
S03328,C016,2025-02-03
S07839,C039,2025-11-15
S02911,C038,2024-03-07
S09719,C018,2025-07-01
S02686,C023,2025-10-23
S05255,C027,2025-05-08
S06587,C015,2024-11-16
S03795,C038,2025-05-25
S09492,C029,2024-08-23
S01866,C009,2024-03-27
S09082,C024,2023-12-07
S09602,C011,2024-12-26
S07108,C012,2025-11-12
S06584,C034,2024-03-30
S08632,C001,2024-06-06
S03099,C001,2025-11-24
S03674,C019,2024-04-22
S06197,C035,2025-09-26
S02358,C006,2024-05-02
S05168,C005,2024-08-14
S08524,C041,2025-05-29
S02031,C010,2025-10-16
S01942,C037,2025-09-30
S09043,C027,2025-07-30
S05508,C037,2024-03-05
S06667,C026,2024-10-07
S05410,C006,2024-09-04
S05873,C048,2024-06-24
S06622,C011,2024-05-17
S02859,C017,2024-06-04
S02793,C033,2025-01-10
S01691,C010,2024-01-01
S08162,C048,2025-06-07
S08277,C049,2024-05-27
S03723,C047,2025-09-07
S05813,C031,2024-06-15
S03792,C004,2025-02-02
S07337,C003,2025-12-01
S08374,C049,2025-11-22
S07108,C009,2025-07-29
S05150,C022,2025-02-13
S01037,C039,2024-04-03
S02578,C006,2024-10-12
S01937,C017,2025-08-25
S07800,C025,2024-09-11
S09293,C030,2024-12-15
S01942,C035,2025-06-13
S05921,C027,2025-10-26
S00664,C014,2025-08-13
S04105,C003,2024-12-22
S07710,C028,2025-01-18
S04004,C046,2024-03-19
S07912,C001,2025-11-18
S07251,C027,2025-03-27
S00390,C049,2025-06-30
S08725,C020,2025-09-12
S09785,C010,2025-04-12
S07701,C023,2025-01-25
S06965,C019,2025-07-12
S08317,C034,2024-03-06
S07359,C040,2025-05-28
S02706,C048,2025-10-29
S08408,C017,2025-11-18
S02371,C029,2024-10-06
S08465,C024,2025-03-29
S02325,C015,2025-11-03
S08105,C034,2024-07-13
S02109,C013,2024-11-25
S00314,C016,2023-12-09
S06888,C004,2024-08-12
S07981,C032,2025-10-09
S06262,C049,2025-06-24
S05776,C025,2024-05-25
S04531,C016,2024-06-03
S01176,C013,2024-05-04
S08630,C032,2025-04-22
S04928,C029,2024-03-06
S04129,C014,2025-10-20
S09742,C029,2024-01-14
S04309,C040,2024-09-15
S09750,C020,2025-01-08
S05817,C022,2024-02-11
S02543,C036,2024-10-08
S04314,C035,2024-01-23
S08853,C023,2025-02-09
S02252,C009,2024-08-24
S05962,C005,2024-09-30
S03661,C001,2024-08-31
S04456,C012,2025-09-06
S03143,C047,2025-05-03
S08789,C008,2025-11-22
S00913,C038,2023-12-26
S04141,C035,2024-03-21
S06736,C029,2024-03-08
S00437,C050,2024-06-21
S03798,C028,2025-01-17
S06897,C036,2025-05-26
S02172,C010,2023-12-24
S01573,C004,2025-05-28
S01501,C030,2024-04-03
S06936,C046,2025-06-20
S06528,C039,2025-06-02
S09689,C039,2024-05-16
S02246,C041,2025-07-30
S09620,C050,2025-09-25
S01110,C045,2024-02-20
S04978,C001,2025-03-23
S00196,C007,2025-01-03
S02548,C016,2025-02-15
S00679,C040,2025-09-29
S04924,C049,2023-12-06
S03528,C044,2024-08-29
S09158,C037,2025-10-16
S01188,C039,2024-02-16
S08198,C024,2024-07-17
S08557,C034,2025-11-18
S08355,C008,2023-12-12
S03425,C019,2025-10-23
S04348,C037,2024-12-05
S01223,C048,2025-06-09
S02200,C002,2024-04-22
S04072,C017,2024-11-12
S03981,C035,2025-02-22
S05275,C011,2024-06-12
S05730,C012,2025-03-31
S03787,C036,2024-07-14
S07480,C011,2024-02-12
S09528,C020,2023-12-06
S07798,C008,2024-03-30
S08244,C023,2024-01-16
S01849,C021,2025-11-25
S08459,C031,2025-06-30
S02810,C015,2025-08-10
S01372,C017,2025-07-28
S06291,C037,2024-06-04
S05800,C046,2024-12-09
S08202,C045,2025-07-06
S04054,C021,2024-02-24
S00226,C041,2024-02-27
S03573,C024,2025-11-16
S05411,C029,2024-11-02
S05580,C045,2025-05-18
S06544,C001,2025-09-26
S06731,C002,2025-09-10
S05644,C031,2025-04-27
S09135,C001,2024-05-29
S07565,C025,2025-07-23
S04566,C030,2025-05-03
S00918,C012,2025-04-03
S06997,C005,2024-09-13
S09668,C013,2025-02-14
S08128,C014,2024-09-16
S06773,C041,2023-12-13
S00528,C025,2025-03-01
S01690,C044,2025-09-02
S08077,C022,2024-08-05
S01477,C036,2024-11-09
S06025,C042,2024-10-23
S05462,C022,2024-12-27
S09037,C030,2024-07-30
S08873,C032,2025-11-11
S01262,C001,2024-08-02
S05901,C047,2025-09-21
S08687,C012,2024-09-29
S02689,C020,2025-03-20
S05020,C027,2024-09-14
S01884,C039,2024-10-01
S02153,C045,2025-10-08
S07545,C046,2025-07-26
S09078,C033,2025-05-01
S05095,C035,2025-03-28
S08421,C024,2024-04-11
S07925,C011,2025-09-14
S04733,C031,2023-12-21
S03229,C034,2025-04-02
S08496,C005,2024-07-23
S07939,C001,2024-03-13
S02823,C022,2024-02-02
S06866,C042,2025-03-05
S08032,C011,2024-11-02
S09758,C044,2025-03-17
S08861,C031,2024-11-18
S06834,C041,2024-12-01
S03360,C006,2025-10-09
S08600,C009,2025-09-12
S02360,C042,2023-12-21
S05682,C029,2024-08-07
S03748,C025,2024-04-08
S08367,C036,2025-03-28
S03988,C016,2024-08-11
S07325,C012,2025-12-03
S00050,C024,2025-12-01
S09239,C010,2023-12-18
S05605,C040,2024-09-19
S02340,C030,2025-06-10
S01941,C025,2024-07-28
S00909,C030,2025-08-11
S07102,C039,2024-10-12
S07080,C010,2025-04-07
S09444,C039,2024-07-16
S01952,C028,2024-09-23
S09747,C025,2024-04-04
S08706,C048,2024-05-24
S07702,C004,2025-10-27
S06843,C025,2023-12-17
S01045,C034,2025-10-01
S04640,C003,2024-10-26
S00486,C048,2024-08-19
S07349,C001,2024-06-27
S06264,C012,2025-10-30
S03846,C039,2024-09-23
S07332,C045,2024-08-22
S03000,C027,2024-09-04
S00392,C028,2025-01-20
S00869,C018,2025-02-18
S09637,C043,2024-02-21
S05041,C021,2025-03-29
S04536,C021,2025-10-14
S07561,C026,2023-12-22
S02628,C030,2024-11-01
S03472,C035,2024-10-07
S09529,C019,2024-11-26
S08245,C019,2024-01-28
S00176,C014,2025-03-13
S02916,C044,2024-03-14
S05451,C017,2024-02-28
S08346,C041,2024-06-10
S01187,C025,2024-12-30
S04181,C042,2024-03-05
S04849,C028,2025-04-18
S07071,C005,2024-06-16
S05229,C032,2025-03-17
S01009,C026,2024-08-12
S06544,C016,2025-07-14
S06815,C037,2025-03-25
S05182,C013,2024-12-30
S02898,C021,2025-02-28
S09439,C017,2025-07-25
S03474,C038,2025-09-16
S04679,C012,2025-08-08
S09765,C002,2024-07-08
S07840,C003,2025-09-28
S03371,C041,2025-06-08
S09520,C032,2024-12-21
S04257,C035,2024-10-17
S02197,C023,2025-11-17
S09678,C016,2025-03-16
S08038,C008,2025-02-02
S00090,C040,2024-11-24
S06641,C017,2024-04-29
S09321,C014,2024-03-08
S07576,C003,2025-10-07
S07049,C005,2025-04-01
S03604,C018,2025-04-19
S09676,C005,2024-05-11
S00397,C050,2025-07-19
S06837,C027,2025-06-09
S01038,C024,2024-03-03
S07587,C046,2025-10-08
S06940,C018,2024-02-16
S03685,C016,2025-11-25
S04641,C038,2025-02-22
S04494,C038,2024-06-01
S02733,C033,2024-12-28
S07499,C011,2024-02-23
S08415,C024,2025-02-01
S09694,C007,2024-02-13
S09034,C042,2024-03-18
S00483,C022,2024-04-19
S06913,C013,2025-08-08
S01871,C030,2024-03-08
S04083,C017,2025-03-14
S06879,C039,2025-02-05
S03481,C005,2025-07-29
S09354,C028,2024-01-29
S03282,C011,2025-08-22
S07380,C008,2025-07-01
S09212,C006,2024-06-19
S02735,C044,2025-03-21
S05179,C036,2024-10-03
S05312,C008,2024-02-25
S01901,C011,2025-06-09
S04624,C003,2024-04-03
S08609,C005,2024-03-27
S09593,C029,2024-02-17
S08902,C017,2024-03-25
S03244,C043,2024-04-15
S05342,C036,2025-05-11
S09702,C020,2024-10-01
S05339,C012,2024-05-09
S07644,C035,2025-04-21
S03840,C017,2025-02-16
S05344,C027,2024-01-05
S04402,C019,2024-02-23
S03166,C039,2024-10-19
S00542,C045,2025-08-24
S05475,C015,2023-12-07
S08316,C037,2025-10-29
S08273,C033,2024-05-19
S00751,C020,2024-05-20
S07960,C045,2024-07-12
S03118,C027,2025-02-10
S00466,C003,2025-01-31
S01937,C011,2024-08-14
S02817,C038,2024-11-30
S01469,C001,2024-10-13
S04484,C024,2024-02-20
S03263,C039,2024-03-19
S01632,C039,2024-02-25
S08611,C043,2024-06-03
S08376,C027,2024-02-17
S01987,C001,2025-08-30
S07070,C032,2025-06-27
S09008,C044,2024-08-24
S03125,C003,2025-06-09
S00295,C007,2025-03-24
S09317,C046,2025-03-13
S08273,C003,2025-06-18
S09096,C025,2024-07-28
S03711,C028,2023-12-24
S07405,C030,2024-12-07
S01473,C040,2025-08-24
S04999,C041,2025-07-26
S00634,C038,2024-05-13
S01159,C040,2024-10-09
S02849,C014,2025-03-29
S00333,C044,2024-10-16
S01307,C008,2024-03-04
S06265,C047,2024-12-31
S08113,C019,2024-12-29
S07364,C041,2025-03-31
S03392,C006,2024-12-01
S03293,C034,2024-01-24
S01142,C015,2024-02-29
S05988,C027,2025-07-24
S01012,C039,2024-07-28
S05467,C037,2024-05-19
S00586,C048,2024-03-22
S05577,C010,2025-05-02
S09914,C005,2025-01-20
S09023,C030,2025-04-26
S01398,C045,2024-07-02
S01345,C036,2025-08-22
S04671,C050,2024-03-21
S08459,C036,2024-01-03
S02673,C041,2025-06-06
S08396,C045,2025-05-12
S03616,C021,2025-07-12
S05092,C028,2024-06-12
S08665,C044,2024-12-18
S00504,C011,2024-09-20
S00066,C020,2024-09-26
S05674,C040,2024-09-08
S00904,C016,2025-08-30
S00003,C030,2025-10-27
S07081,C007,2023-12-28
S03667,C032,2025-04-12
S04439,C045,2024-12-24
S08179,C007,2025-06-22
S02533,C016,2024-07-09
S02905,C041,2024-05-24
S05293,C026,2024-09-02
S01940,C036,2025-02-09
S02549,C040,2024-01-17
S09888,C014,2024-02-24
S08569,C027,2023-12-22
S02754,C026,2024-12-04
S03686,C043,2025-06-10
S09593,C021,2025-11-15
S05892,C033,2025-03-03
S05606,C018,2024-06-24
S03970,C025,2025-04-27
S07362,C011,2023-12-26
S09106,C049,2024-08-24
S03623,C005,2024-02-15
S03725,C042,2024-02-13
S04686,C037,2025-08-14
S06840,C011,2025-04-19
S05786,C038,2025-10-03
S08481,C039,2024-09-28
S05394,C005,2025-10-16
S04253,C046,2024-01-22
S04990,C009,2025-11-23
S07510,C040,2025-09-25
S09334,C049,2024-01-04
S07601,C033,2024-02-06
S02443,C002,2024-04-22
S00190,C046,2025-03-11
S09093,C024,2025-04-07
S02986,C003,2025-09-27
S03321,C039,2025-08-21
S00607,C038,2025-07-12
S08112,C018,2024-07-23
S07204,C033,2025-09-23
S09561,C029,2024-06-15
S03796,C041,2024-11-02
S01926,C021,2025-10-14
S07307,C008,2024-08-20
S08998,C017,2025-05-12
S03853,C029,2024-09-05
S02401,C016,2024-06-29
S05345,C002,2024-07-22
S06605,C024,2024-07-19
S01987,C015,2024-02-21
S09373,C005,2024-01-21
S06968,C016,2024-06-05
S04771,C033,2024-12-01
S07196,C027,2024-08-28
S03546,C045,2024-09-21
S09512,C031,2025-08-29
S06209,C044,2025-06-18
S08301,C005,2024-05-11
S02686,C040,2024-12-07
S05598,C009,2024-10-11
S09173,C004,2024-11-28
S03901,C002,2024-01-01
S08824,C046,2024-10-03
S02051,C027,2024-11-08
S05131,C004,2024-04-25
S07602,C005,2024-05-13
S04585,C018,2024-11-25
S04385,C035,2024-10-07
S05132,C002,2024-10-12
S02987,C050,2024-08-26
S09469,C016,2024-06-14
S07001,C039,2024-03-02
S00509,C020,2025-01-01
S08978,C028,2025-08-04
S01792,C020,2024-05-18
S09701,C047,2024-04-20
S07770,C012,2023-12-05
S01677,C013,2024-11-25
S01631,C037,2025-11-19
S06711,C041,2024-02-08
S09248,C008,2025-07-16
S01957,C028,2024-07-21
S03839,C009,2025-05-23
S08267,C007,2024-11-08
S00510,C034,2024-10-17
S02721,C045,2025-11-08
S01344,C006,2023-12-05
S05279,C039,2025-06-13
S03941,C030,2025-04-27
S07668,C012,2024-03-20
S08800,C008,2024-05-29
S02512,C038,2024-05-26
S05133,C036,2025-03-20
S08659,C042,2025-06-17
S05621,C027,2025-09-24
S05565,C026,2025-04-12
S05093,C032,2024-02-18
S09137,C033,2025-04-23
S02367,C048,2024-07-30
S02728,C034,2025-06-04
S07020,C040,2024-01-25
S09859,C013,2024-11-08
S04408,C034,2025-07-14
S05774,C004,2025-02-27
S07117,C024,2024-01-31
S02866,C033,2024-11-29
S05164,C045,2024-08-05
S08858,C010,2024-06-12
S02275,C030,2023-12-30
S06913,C032,2025-09-20
S08822,C017,2024-04-08
S02226,C018,2024-07-07
S01720,C046,2024-03-04
S01110,C022,2025-03-29
S01386,C011,2025-06-01
S06889,C036,2025-05-31
S03520,C004,2024-12-01
S03104,C036,2024-04-10
S03417,C038,2024-11-07
S03327,C020,2023-12-22
S08477,C037,2024-12-13
S03927,C013,2024-06-22
S09458,C019,2025-11-04
S03953,C033,2024-10-19
S05658,C028,2024-03-03
S01886,C047,2024-10-25
S02835,C041,2025-11-02
S03173,C041,2024-09-25
S01191,C035,2024-07-11
S06105,C045,2025-03-07
S01210,C037,2024-04-13
S03005,C049,2025-01-31
S00488,C040,2025-11-30
S02497,C014,2025-08-07
S05578,C011,2025-11-28
S03195,C016,2023-12-30
S09941,C049,2024-04-19
S01892,C033,2025-04-11
S01259,C046,2024-10-11
S00103,C025,2025-06-11
S05220,C049,2025-04-13
S09228,C001,2025-09-16
S04087,C008,2024-11-23
S01272,C008,2025-10-24
S08054,C036,2024-09-05
S03609,C024,2024-12-29
S06296,C016,2025-01-02
S04700,C032,2025-06-17
S09763,C004,2024-11-10
S04470,C024,2024-11-11
S05473,C039,2024-04-22
S02265,C015,2025-05-09
S00652,C018,2024-05-09
S04950,C043,2024-08-07
S02215,C034,2024-12-21
S00416,C041,2025-06-26
S01290,C010,2025-12-01
S08591,C024,2024-03-06
S09857,C038,2024-09-16
S07363,C046,2025-05-04
S01174,C013,2024-03-20
S02092,C030,2024-06-12
S09407,C030,2024-03-14
S09947,C001,2024-05-15
S00125,C010,2024-03-12
S06961,C024,2025-08-31
S04335,C016,2024-12-19
S03995,C013,2023-12-25
S00898,C006,2025-08-12
S05296,C041,2024-01-16
S09808,C002,2024-02-16
S04555,C025,2025-07-29
S01159,C005,2024-06-08
S07918,C045,2025-06-10
S08949,C027,2025-03-20
S00350,C005,2025-07-26
S07758,C031,2025-11-02
S08995,C022,2024-08-10
S07177,C046,2025-01-23
S07886,C048,2025-08-01
S02228,C008,2024-12-21
S01113,C040,2024-08-21
S06950,C016,2024-03-31
S05794,C035,2025-08-11
S05487,C001,2024-08-30
S09757,C045,2024-04-23
S06040,C050,2024-04-14
S07210,C024,2025-11-14
S06522,C006,2024-05-27
S06128,C045,2024-12-08
S02535,C004,2024-08-07
S09272,C009,2025-02-01
S09610,C009,2025-01-18
S06146,C042,2024-05-16
S01967,C017,2025-01-16
S04947,C036,2025-04-10
S02983,C038,2025-09-08
S01819,C022,2024-09-11
S09659,C047,2025-02-11
S07827,C018,2024-02-03
S08015,C022,2024-09-08
S05036,C025,2024-06-09
S06053,C030,2025-07-19
S08633,C015,2025-03-10
S09047,C024,2025-01-19
S02268,C038,2024-10-25
S02512,C047,2025-01-10
S08443,C018,2025-05-01
S05525,C050,2025-08-28
S00745,C034,2024-07-29
S07640,C048,2025-06-29
S07933,C016,2024-08-15
S01120,C019,2024-10-05
S05065,C050,2025-10-23
S02866,C036,2024-09-27
S08018,C018,2024-02-05
S07151,C023,2025-04-06
S07280,C044,2025-07-31
S08626,C015,2024-08-04
S03960,C015,2024-09-20
S05614,C027,2023-12-06
S05044,C002,2024-09-02
S04380,C020,2025-05-11
S07956,C005,2025-05-27
S09396,C027,2024-08-19
S00377,C041,2024-03-17
S07137,C043,2024-11-15
S07835,C028,2024-06-03
S01932,C037,2024-08-30
S03488,C034,2024-09-23
S06422,C019,2025-08-24
S01983,C020,2025-01-29
S08300,C039,2024-03-29
S05695,C026,2025-04-23
S04662,C024,2025-10-10
S00635,C038,2024-12-03
S00153,C024,2025-08-01
S01326,C012,2024-02-07
S00767,C004,2023-12-05
S06412,C012,2025-06-06
S08371,C021,2024-11-28
S05133,C020,2024-04-08
S06483,C002,2025-08-01
S06206,C023,2024-02-10
S03020,C021,2025-09-11
S04369,C013,2024-05-15
S03247,C032,2024-02-02
S04246,C039,2024-07-25
S01505,C049,2024-10-08
S02673,C027,2025-12-02
S06850,C012,2025-04-27
S07517,C007,2025-02-15
S08542,C033,2024-05-31
S03699,C033,2024-12-22
S04106,C013,2024-03-27
S04854,C016,2025-06-24
S06120,C050,2024-11-04
S07320,C035,2024-02-17
S03336,C016,2024-07-05
S06691,C014,2024-08-01
S00311,C027,2024-05-18
S05140,C003,2025-09-25
S07711,C018,2024-10-23
S02859,C004,2024-02-05
S09201,C005,2025-06-07
S02486,C026,2024-06-02
S04203,C012,2025-05-02
S01898,C007,2024-02-03
S09197,C034,2025-11-06
S02224,C041,2025-09-14
S08993,C008,2025-01-14
S08916,C011,2024-06-17
S04126,C047,2024-11-01
S09731,C029,2025-07-30
S01617,C021,2024-02-08
S02354,C029,2025-01-27
S05011,C020,2024-09-02
S04243,C020,2025-07-09
S00143,C043,2025-04-29
S07830,C024,2025-02-18
S08582,C015,2024-04-18
S04307,C044,2024-08-27
S06764,C026,2024-09-09
S08736,C036,2025-04-05
S07835,C019,2025-04-06
S01277,C020,2024-01-15
S05755,C046,2024-12-13
S00627,C026,2024-03-09
S08142,C021,2024-05-10
S07888,C042,2024-04-29
S07441,C026,2025-02-07
S09803,C036,2024-05-24
S08945,C045,2024-03-03
S05612,C031,2025-05-29
S00908,C042,2025-06-05
S06235,C026,2025-08-19
S02276,C023,2024-08-12
S08988,C042,2024-08-09
S08197,C004,2025-10-30
S07829,C007,2024-05-10
S05569,C022,2024-08-20
S02617,C049,2024-03-13
S05944,C007,2024-11-28
S03172,C002,2024-05-02
S07943,C009,2025-09-01
S09328,C012,2024-04-14
S04657,C049,2025-10-29
S02420,C011,2024-07-09
S01290,C049,2024-03-10
S06368,C037,2024-07-01
S09707,C004,2024-12-04
S07912,C039,2024-07-14
S01368,C012,2025-05-02
S02213,C005,2025-01-11
S06442,C044,2024-01-07
S00072,C026,2024-01-16
S09935,C042,2025-10-01
S08241,C035,2024-09-24
S08120,C043,2025-05-20
S09581,C035,2024-07-15
S04027,C029,2024-01-12
S08538,C009,2025-11-15
S08801,C009,2024-05-08
S07581,C038,2024-01-06
S08212,C046,2025-08-04
S02846,C030,2024-10-11
S00116,C029,2025-04-12
S00951,C046,2024-11-14
S08308,C018,2024-05-25
S02746,C034,2025-05-02
S08577,C018,2025-05-19
S09258,C011,2024-02-12
S07716,C037,2024-02-27
S04167,C036,2024-12-11
S00916,C012,2025-11-05
S07871,C029,2025-11-10
S04548,C033,2024-04-22
S00451,C043,2024-01-02
S06965,C029,2024-09-13
S06044,C011,2024-05-02
S02726,C039,2024-04-19
S00219,C034,2024-06-22
S00800,C037,2025-10-24
S06674,C008,2024-08-25
S07114,C017,2024-05-21
S02662,C020,2024-07-26
S04241,C016,2025-04-12
S00915,C045,2023-12-29
S08165,C043,2024-12-12
S05354,C040,2024-02-15
S07612,C013,2025-08-28
S02274,C002,2024-10-22
S04090,C015,2025-10-23
S02873,C017,2025-09-01
S04977,C017,2024-04-12
S08445,C038,2024-07-01
S08793,C046,2025-10-08
S05370,C049,2025-06-25
S01385,C003,2025-05-05
S06255,C016,2024-01-25
S09698,C048,2024-10-11
S09527,C008,2025-10-21
S02987,C049,2024-03-23
S02612,C011,2024-09-27
S00109,C035,2025-06-29
S09471,C006,2025-07-08
S06556,C027,2024-04-12
S02277,C006,2024-01-01
S02368,C026,2024-10-26
S06882,C017,2025-10-27
S00840,C035,2025-07-18
S03912,C049,2025-08-10
S06233,C038,2024-09-22
S07600,C035,2024-05-03
S08948,C034,2024-01-12
S06090,C009,2025-02-03
S00358,C016,2024-02-20
S00597,C008,2024-01-01
S08007,C015,2024-01-28
S09729,C027,2024-02-08
S09544,C039,2024-09-10
S05821,C003,2024-09-20
S05134,C047,2025-06-02
S01665,C008,2024-03-03
S03238,C007,2025-02-04
S01193,C020,2025-11-02
S02798,C014,2024-04-17
S08732,C003,2024-06-08
S00789,C027,2024-06-04
S02493,C022,2024-07-23
S06849,C033,2024-07-10
S04495,C012,2024-04-26
S09668,C015,2024-11-25
S01996,C049,2024-11-19
S07429,C046,2025-09-21
S07190,C024,2025-05-30
S01809,C006,2024-04-10
S01128,C024,2024-04-25
S02303,C032,2025-11-23
S02184,C016,2023-12-29
S08144,C020,2025-06-19
S07642,C029,2025-01-13
S02478,C039,2025-04-25
S03076,C025,2025-07-06
S06978,C047,2024-09-23
S01421,C030,2024-04-13
S07918,C047,2025-03-08
S01652,C038,2025-03-25
S00199,C002,2024-03-05
S01911,C036,2025-11-16
S04044,C018,2025-02-07
S09502,C034,2025-01-30
S07537,C037,2024-07-08
S04220,C046,2025-10-05
S01209,C038,2024-09-08
S09382,C030,2023-12-26
S03027,C008,2024-05-26
S00142,C023,2024-09-17
S06260,C013,2024-12-23
S06859,C019,2025-11-26
S02664,C021,2024-06-30
S01243,C036,2024-06-04
S03793,C040,2025-02-28
S01464,C026,2025-11-20
S00440,C016,2025-01-27
S07726,C021,2024-11-24
S08455,C006,2025-08-29
S08329,C013,2024-07-23
S04764,C031,2024-07-14
S04817,C007,2025-10-15
S08289,C038,2025-10-27
S06940,C044,2025-09-24
S05050,C031,2023-12-24
S01113,C030,2024-06-20
S09453,C029,2024-01-15
S01415,C040,2023-12-21
S08161,C018,2024-08-28
S03940,C032,2025-01-18
S04566,C010,2024-06-18
S07460,C010,2024-12-20
S00113,C030,2025-09-27
S04936,C038,2024-04-10
S08010,C006,2024-12-01
S02456,C012,2025-09-30
S06789,C021,2025-03-27
S09822,C050,2025-05-06
S07439,C026,2024-11-17
S03430,C030,2025-03-01
S05293,C038,2023-12-20
S04858,C029,2025-08-25
S06522,C034,2024-04-03
S07379,C049,2024-02-28
S00521,C019,2024-08-05
S03755,C011,2024-10-11
S05923,C038,2025-07-09
S01706,C023,2025-09-28
S06777,C029,2024-11-28
S08664,C018,2025-04-17
S03414,C023,2025-03-01
S08491,C038,2025-12-04
S00373,C044,2025-10-13
S02600,C017,2024-06-29
S02756,C046,2024-03-29
S07811,C042,2025-07-01
S08018,C050,2024-09-09
S03189,C039,2024-08-07
S08884,C034,2025-03-13
S08721,C013,2024-04-04
S00230,C038,2024-12-13
S01112,C019,2025-06-12
S03418,C001,2024-07-08
S09614,C020,2024-08-21
S06628,C007,2024-01-29
S09311,C026,2024-01-17
S04204,C028,2025-04-04
S05068,C012,2025-09-24
S07053,C027,2024-04-04
S02571,C016,2024-11-30
S08463,C042,2024-08-01
S04364,C039,2025-03-09
S09972,C015,2025-03-27
S03317,C037,2025-05-26
S09051,C037,2025-09-17
S05188,C018,2025-02-01
S02864,C043,2024-07-08
S05963,C049,2024-01-23
S03629,C032,2024-02-03
S09119,C044,2024-07-05
S07472,C003,2024-10-22
S01975,C026,2024-12-29
S05962,C011,2024-12-07
S02101,C041,2025-04-22
S05147,C044,2024-07-14
S05971,C044,2024-07-11
S06259,C029,2025-02-04
S01699,C045,2025-01-15
S08127,C013,2025-06-05
S09636,C020,2024-04-23
S05979,C003,2025-05-12
S03719,C011,2025-03-19
S02194,C042,2025-02-28
S09558,C011,2025-12-02
S04666,C035,2025-09-16
S09049,C030,2024-11-28
S03142,C028,2025-01-03
S04436,C005,2024-08-05
S00832,C008,2023-12-30
S09893,C026,2024-01-19
S06487,C025,2025-04-23
S02105,C006,2024-07-28
S05487,C009,2025-01-02
S06546,C001,2025-10-19
S06365,C045,2025-11-04
S03972,C019,2024-07-23
S06695,C027,2024-09-29
S06359,C031,2025-04-28
S02424,C023,2024-02-07
S00642,C021,2025-01-31
S01298,C024,2024-02-17
S04023,C022,2024-11-13
S04608,C033,2025-03-23
S07187,C038,2023-12-16
S00190,C018,2024-08-01
S00279,C026,2024-03-18
S00754,C036,2024-06-01
S00421,C035,2024-04-16
S01709,C015,2024-09-06
S08690,C014,2024-03-11
S08496,C008,2024-02-03
S09335,C017,2024-09-22
S03192,C032,2024-12-22
S06243,C022,2024-12-01
S02135,C041,2024-02-10
S04182,C020,2025-09-06
S09533,C027,2023-12-06
S01125,C031,2024-01-21
S02445,C001,2023-12-23
S09524,C023,2025-03-27
S06498,C050,2024-03-27
S00522,C050,2024-02-25
S09065,C020,2024-12-15
S06075,C036,2024-04-17
S04910,C036,2025-06-01
S04015,C049,2024-10-15
S00183,C041,2025-01-04
S05429,C045,2025-05-01
S02761,C043,2025-02-11
S09836,C042,2025-11-25
S00773,C040,2024-07-27
S07156,C032,2024-01-30
S07539,C046,2024-04-26
S05764,C007,2024-04-24
S07380,C048,2024-10-08
S07359,C042,2024-03-23
S06137,C048,2025-10-20
S06484,C040,2023-12-27
S02834,C008,2024-06-13
S09736,C033,2024-05-24
S05840,C003,2025-04-03
S00042,C044,2024-11-21
S05612,C022,2025-01-03
S03209,C014,2025-05-06
S06838,C020,2024-04-20
S09371,C018,2025-08-18
S04409,C005,2024-11-15
S02195,C037,2024-05-23
S08666,C009,2025-10-19
S00542,C014,2024-04-08
S06855,C048,2025-05-06
S09935,C016,2024-08-31
S08666,C050,2024-01-25
S09344,C022,2024-12-29
S07646,C017,2025-10-06
S03908,C038,2024-10-28
S03552,C008,2025-05-18
S03532,C044,2024-05-07
S04465,C005,2025-06-27
S04503,C003,2024-08-04
S01579,C033,2025-01-23
S01911,C033,2024-11-02
S05372,C014,2025-10-01
S06073,C006,2024-08-01
S09187,C015,2025-11-17
S00572,C023,2024-05-08
S05878,C042,2024-11-24
S01735,C007,2025-01-21
S02647,C042,2024-09-25
S08670,C050,2024-05-25
S08256,C020,2024-02-10
S01687,C038,2024-12-08
S00035,C027,2025-08-22
S01999,C049,2024-06-30
S08079,C014,2025-03-24
S03470,C019,2024-02-03
S00158,C023,2025-09-04
S09504,C031,2024-11-27
S03972,C016,2025-09-04
S08760,C002,2024-02-03
S06550,C025,2024-01-01
S03892,C030,2025-07-24
S09680,C013,2024-06-01
S09443,C017,2024-07-22
S05379,C007,2025-06-08
S04954,C027,2024-05-13
S00477,C010,2024-04-07
S06901,C024,2025-06-20
S00671,C024,2024-11-08
S02469,C041,2024-11-19
S03950,C004,2024-10-23
S00794,C005,2025-08-16
S04175,C032,2024-05-25
S08048,C003,2025-07-16
S07204,C027,2024-12-25
S05088,C019,2025-01-25
S03853,C025,2025-10-01
S06950,C041,2024-08-27
S07830,C032,2025-02-01
S05525,C050,2025-06-17
S00005,C009,2025-06-06
S07100,C046,2025-10-21
S00522,C013,2025-01-27
S02443,C031,2025-08-06
S06330,C028,2025-11-01
S04287,C029,2024-08-03
S08745,C001,2025-02-26
S08307,C044,2024-08-14
S08157,C050,2025-05-13
S08846,C040,2024-09-28
S04086,C037,2025-03-08
S00154,C024,2024-10-09
S06974,C033,2025-08-04
S07371,C010,2024-09-28
S02387,C047,2024-12-30
S05230,C019,2025-08-01
S01749,C014,2024-05-12
S09277,C032,2024-10-25
S04104,C032,2024-06-23
S09259,C039,2024-05-08
S00818,C004,2024-06-19
S06305,C027,2024-04-09
S08236,C011,2025-06-22
S04015,C035,2024-04-15
S07469,C012,2024-07-31
S06787,C011,2024-12-30
S02740,C023,2025-06-07
S04520,C036,2024-06-26
S02393,C018,2024-01-17
S00800,C019,2025-03-25
S03789,C030,2025-02-05
S05233,C008,2024-12-16
S07227,C006,2024-04-29
S09474,C012,2024-01-16
S01529,C006,2025-11-24
S09172,C050,2024-08-19
S09451,C006,2024-04-30
S09305,C045,2025-10-02
S08189,C028,2024-07-28
S03178,C031,2024-05-11
S00657,C044,2025-06-18
S01537,C026,2025-07-18
S03966,C046,2024-05-01
S07054,C033,2024-10-17
S04296,C037,2024-01-23
S07761,C006,2025-05-01
S08102,C045,2025-11-20
S09368,C034,2024-10-26
S02990,C017,2023-12-15
S07083,C038,2025-03-26
S07611,C046,2024-01-27
S03280,C040,2024-09-18
S00036,C008,2024-11-15
S06477,C015,2025-09-24
S00993,C002,2025-09-11
S05498,C026,2024-06-01
S07365,C042,2025-11-01
S09852,C021,2024-07-08
S09704,C019,2024-03-02
S07409,C005,2025-11-21
S02329,C012,2025-01-18
S06816,C028,2025-09-02
S04423,C032,2023-12-19
S01050,C015,2025-02-10
S04123,C039,2025-08-24
S01140,C026,2023-12-12
S04638,C043,2025-03-08
S06162,C035,2024-04-23
S00045,C033,2025-03-16
S08902,C012,2025-08-20
S06645,C023,2024-03-05
S03898,C050,2024-12-09
S06424,C048,2025-07-30
S01728,C022,2024-02-17
S07665,C014,2025-03-13
S06241,C027,2025-05-25
S02541,C008,2025-06-12
S06842,C001,2025-11-14
S09144,C040,2024-10-19
S01279,C046,2024-06-17
S00838,C050,2025-07-28
S01507,C023,2023-12-10
S00536,C019,2023-12-21
S06542,C038,2025-05-09
S06199,C030,2024-11-30
S04708,C046,2025-03-31
S02175,C014,2024-01-08
S02933,C038,2025-02-02
S09632,C046,2025-10-14
S00167,C029,2024-11-09
S07964,C005,2025-11-14
S08763,C006,2024-12-31
S07584,C003,2025-10-17
S06116,C018,2025-07-16
S07300,C044,2025-02-24
S03742,C011,2025-09-18
S04869,C028,2025-02-04
S02546,C035,2024-07-12
S03019,C022,2025-01-24
S04191,C002,2025-10-02
S01372,C036,2024-03-27
S05761,C042,2024-05-07
S05155,C049,2025-09-08
S01244,C015,2024-08-14
S04955,C033,2024-11-02
S05605,C014,2023-12-20
S04262,C034,2023-12-10
S07297,C044,2025-05-12
S02752,C030,2025-05-11
S00700,C019,2024-01-09
S04536,C005,2024-11-05
S06302,C048,2025-01-01
S03068,C009,2024-06-17
S01133,C016,2025-06-03
S01775,C037,2025-05-03
S02880,C030,2024-04-23
S09278,C015,2024-03-26
S07292,C027,2025-12-04
S03696,C014,2025-06-26
S04808,C029,2023-12-16
S06052,C020,2024-02-05
S07168,C016,2025-02-10
S09543,C010,2024-03-16
S08394,C037,2024-02-25
S05804,C042,2024-03-10
S03034,C047,2024-09-18
S00707,C045,2024-05-13
S08048,C012,2024-02-17
S01194,C046,2025-05-16
S03881,C034,2023-12-20
S03899,C026,2025-03-14
S07373,C046,2024-10-05
S03179,C009,2024-07-26
S09556,C047,2024-10-16
S08702,C021,2024-10-13
S01216,C002,2025-02-23
S07069,C024,2024-07-30
S00802,C003,2023-12-15
S02370,C017,2024-01-28
S03176,C048,2025-09-28
S00584,C050,2025-07-28
S01623,C002,2024-09-21
S07261,C042,2025-02-03
S03275,C030,2025-08-04
S00051,C019,2024-07-07
S01916,C004,2024-02-21
S05666,C048,2025-10-26
S01991,C023,2025-03-17
S08177,C001,2025-06-25
S05566,C028,2025-05-20
S09452,C013,2024-08-04
S02264,C036,2025-03-23
S06921,C003,2024-03-12
S04763,C035,2024-04-29
S05173,C007,2024-02-25
S01863,C016,2024-08-23
S01996,C018,2024-01-10
S09577,C016,2024-11-15
S05668,C005,2025-03-02
S05808,C015,2024-06-06
S01214,C009,2025-05-14
S01207,C009,2024-12-22
S02302,C003,2025-10-24
S00748,C037,2025-01-03
S09654,C013,2025-07-12
S09432,C040,2025-11-30
S09741,C005,2024-11-16
S07548,C010,2025-10-16
S06527,C032,2024-11-13
S02653,C017,2025-08-03
S02151,C034,2024-03-05
S02910,C009,2024-12-18
S00762,C050,2025-02-02
S05733,C036,2025-06-09
S09957,C036,2024-06-28
S08445,C022,2025-08-22
S04254,C039,2024-04-18
S00637,C043,2024-11-10
S06770,C043,2025-01-10
S08222,C021,2024-02-21
S05248,C017,2025-01-02
S06699,C037,2024-05-15
S01521,C003,2024-10-04
S04981,C038,2025-03-24
S08918,C022,2024-08-13
S07482,C028,2025-03-24
S05656,C010,2024-08-18
S02291,C007,2024-10-10
S06828,C014,2024-09-22
S05721,C015,2023-12-19
S00141,C001,2024-03-25
S01692,C004,2024-06-23
S03154,C011,2025-07-06
S05948,C004,2025-04-25
S00271,C016,2024-08-16
S07652,C034,2025-03-23
S08251,C036,2024-04-16
S07060,C047,2025-04-04
S00779,C025,2024-12-22
S09480,C004,2025-08-23
S05717,C031,2025-04-04
S01364,C039,2025-06-20
S05509,C043,2024-02-28
S07623,C010,2023-12-11
S05479,C035,2025-10-30
S00818,C006,2024-06-29
S09153,C047,2024-08-30
S08246,C046,2024-11-07
S08071,C032,2024-06-23
S07915,C015,2025-10-01
S06724,C024,2024-02-13
S00193,C010,2025-09-03
S08669,C014,2024-06-12
S09894,C011,2024-08-30
S03367,C002,2025-02-17
S00035,C010,2024-02-11
S07449,C031,2025-06-14
S06420,C043,2025-09-28
S08384,C046,2024-06-06
S08632,C043,2025-04-19
S01879,C026,2024-11-20
S09390,C008,2025-02-16
S02831,C046,2025-09-18
S09956,C027,2024-09-19
S07989,C010,2025-11-05
S09764,C021,2024-10-10
S03916,C021,2025-09-02
S04041,C028,2025-11-02
S07743,C024,2025-08-06
S01614,C048,2024-05-06
S01846,C048,2024-01-29
S06819,C043,2025-10-12
S06436,C033,2025-10-23
S05641,C031,2025-04-04
S02571,C039,2024-06-26
S07240,C006,2024-03-21
S08519,C042,2024-01-10
S09069,C044,2025-02-14
S00852,C002,2024-04-07
S03661,C017,2024-04-20
S04443,C046,2025-10-31
S04491,C050,2025-02-14
S08087,C022,2024-09-21
S04721,C050,2025-05-14
S00588,C013,2025-10-18
S00842,C037,2024-03-13
S01886,C003,2023-12-23
S01494,C002,2024-06-03
S00837,C008,2024-10-20
S07970,C025,2024-01-12
S08323,C013,2024-03-28
S05124,C017,2024-02-20
S01461,C024,2024-08-08
S00607,C005,2025-05-06
S09936,C036,2024-08-27
S04133,C043,2024-10-16
S07833,C033,2025-07-25
S07726,C011,2024-09-13
S06540,C010,2024-07-22
S08431,C001,2025-04-18
S06160,C023,2025-09-04
S08739,C027,2024-12-30
S05020,C009,2024-12-29
S08430,C038,2024-07-27
S03153,C043,2025-10-18
S08812,C047,2024-11-29
S03458,C027,2025-05-06
S09260,C007,2025-10-27
S08560,C013,2025-07-19
S05512,C017,2025-05-01
S00499,C018,2025-05-06
S05057,C038,2025-02-01
S04818,C035,2025-04-22
S04162,C013,2024-12-01
S06040,C030,2025-02-03
S09614,C050,2025-08-30
S07651,C014,2024-11-05
S01024,C022,2024-03-05
S09426,C023,2024-09-15
S02319,C036,2025-03-25
S04457,C029,2024-10-28
S03033,C035,2025-11-14
S08542,C024,2024-06-06
S06583,C049,2024-02-25
S02336,C020,2024-02-07
S00525,C032,2024-01-02
S07895,C025,2024-09-27
S05908,C039,2024-01-05
S05683,C049,2024-04-24
S08135,C045,2024-09-30
S02975,C027,2025-08-03
S04145,C043,2025-07-07
S07436,C034,2025-02-20
S09832,C001,2024-09-18
S06765,C048,2024-04-02
S04031,C047,2025-10-12
S03552,C011,2024-09-02
S05956,C031,2024-04-05
S04856,C014,2024-03-28
S02604,C003,2024-08-10
S07135,C027,2025-11-03
S00094,C022,2024-07-18
S07546,C019,2025-05-22
S06523,C042,2024-08-25
S06059,C009,2024-10-25
S06951,C011,2025-08-29
S06256,C033,2025-01-02
S05910,C001,2025-09-24
S01848,C028,2025-06-14
S07569,C035,2024-02-21
S08614,C034,2025-02-24
S07886,C044,2025-02-08
S07113,C028,2024-12-03
S00514,C036,2024-09-29
S01414,C007,2025-06-09
S07166,C026,2024-11-12
S00735,C008,2024-09-17
S06276,C014,2025-10-20
S09616,C006,2025-09-12
S04598,C050,2025-04-20
S04246,C035,2025-09-27
S01075,C029,2025-11-20
S01240,C017,2024-07-20
S05620,C005,2025-02-11
S09854,C011,2024-10-16
S07530,C017,2024-02-29
S01719,C032,2024-03-03
S01433,C024,2024-05-18
S07302,C040,2024-10-31
S00532,C032,2023-12-25
S08038,C031,2024-08-25
S07274,C010,2024-06-03
S07179,C035,2024-10-31
S08524,C010,2024-09-04
S04435,C034,2025-08-11
S04849,C002,2023-12-18
S04945,C025,2024-02-12
S01108,C027,2024-06-13
S06940,C040,2024-07-25
S00577,C002,2024-01-05
S02214,C029,2025-09-13
S07176,C006,2025-10-21
S06995,C011,2024-06-08
S07863,C012,2025-03-24
S01777,C010,2024-08-15
S02580,C047,2025-07-08
S09078,C045,2024-11-12
S01918,C040,2024-05-29
S02233,C036,2025-10-24
S00495,C013,2025-11-10
S03431,C049,2024-06-21
S04453,C019,2025-12-03
S01382,C011,2024-04-21
S04337,C047,2025-07-21
S05042,C036,2025-05-10
S09367,C029,2024-12-21
S09206,C027,2024-04-28
S02089,C043,2024-09-04
S01705,C010,2024-08-19
S08602,C046,2024-03-12
S00260,C009,2025-08-16
S03118,C015,2025-05-08
S03617,C021,2025-08-23
S04853,C020,2024-11-19
S09416,C030,2024-05-25
S07278,C032,2024-10-11
S07998,C050,2025-09-17
S09137,C047,2025-08-02
S08063,C004,2025-07-06
S04603,C041,2025-06-26
S05185,C011,2025-07-15
S09372,C010,2024-01-17
S00789,C047,2024-09-13
S04128,C030,2024-12-20
S07346,C013,2025-10-23
S01766,C032,2024-11-10
S02977,C023,2023-12-29
S06449,C028,2025-02-15
S05801,C050,2025-02-17
S09867,C033,2025-01-07
S02438,C041,2025-07-25
S06331,C013,2024-11-12
S09375,C031,2023-12-15
S06046,C045,2025-04-10
S06107,C050,2024-02-29
S00244,C014,2025-07-29
S03091,C002,2025-01-18
S04458,C029,2024-11-06
S03049,C001,2023-12-06
S03649,C003,2024-11-02
S04812,C033,2024-07-23
S09864,C033,2024-04-08
S05961,C037,2025-11-10
S06924,C036,2025-06-26
S06757,C018,2024-05-28
S08742,C028,2025-07-24
S03392,C028,2025-09-12
S05440,C032,2024-09-22
S03457,C040,2025-07-03
S04996,C018,2025-04-05
S01773,C034,2024-05-17
S02256,C011,2025-02-18
S02373,C010,2024-07-22
S02495,C009,2025-05-25
S04722,C032,2025-05-31
S03173,C047,2025-08-29
S09509,C033,2025-10-27
S02693,C001,2025-02-05
S00068,C015,2025-07-05
S06831,C015,2025-08-20
S04004,C006,2025-10-01
S09906,C001,2025-02-25
S07728,C043,2024-04-15
S02747,C001,2025-03-14
S05355,C008,2025-07-12
S07907,C017,2024-10-18
S01629,C008,2024-05-26
S09824,C010,2025-09-14
S05615,C038,2024-08-01
S01288,C046,2023-12-05
S07941,C038,2024-01-29
S05659,C007,2024-04-17
S01597,C046,2025-02-12
S07369,C019,2024-03-04
S08484,C042,2025-11-19
S02025,C016,2024-11-16
S05860,C034,2023-12-24
S05174,C035,2025-07-03
S04789,C029,2025-09-06
S06601,C010,2024-07-10
S01830,C029,2023-12-29
S00578,C026,2025-02-11
S04931,C004,2024-07-29
S04055,C015,2024-02-03
S09722,C007,2024-04-05
S00789,C009,2025-06-04
S04660,C001,2024-07-01
S03905,C046,2025-09-02
S09037,C016,2025-09-02
S01209,C007,2025-10-03
S02129,C024,2024-04-08
S03751,C015,2025-10-09
S03110,C009,2025-10-02
S05481,C045,2025-04-02
S02139,C002,2025-06-23
S01211,C005,2025-08-28
S08494,C009,2024-01-30
S04187,C045,2024-07-26
S02321,C035,2025-03-24
S05388,C002,2025-11-30
S06020,C024,2025-05-23
S05372,C011,2024-06-16
S09497,C021,2024-06-28
S05225,C002,2025-11-09
S09876,C025,2025-03-09
S07133,C037,2025-11-28
S09189,C019,2025-01-05
S00818,C037,2024-05-13
S02251,C035,2025-04-04
S07914,C044,2025-04-01
S05885,C020,2025-11-08
S03993,C009,2024-07-28
S00343,C025,2025-01-18
S09237,C006,2024-06-22
S05236,C019,2025-01-16
S08680,C033,2025-08-13
S00453,C035,2024-04-13
S09444,C023,2024-02-28
S00546,C040,2025-05-31
S04592,C013,2025-04-22
S07671,C017,2025-07-03
S05247,C009,2025-06-04
S03939,C027,2024-02-19
S02333,C036,2024-11-13
S02170,C024,2025-10-30
S06334,C006,2025-09-02
S09362,C011,2025-02-22
S01584,C039,2025-10-01
S01631,C023,2024-12-09
S07952,C028,2024-08-13
S00015,C018,2025-07-03
S06202,C021,2025-11-27
S05232,C033,2024-08-19
S02962,C030,2024-02-14
S00505,C042,2025-04-07
S07983,C039,2024-10-29
S06021,C046,2025-05-12
S04280,C013,2025-10-31
S05997,C025,2024-04-14
S01947,C039,2024-04-26
S08652,C027,2025-01-12
S03698,C047,2024-11-02
S04098,C035,2025-01-30
S05984,C016,2025-08-22
S07427,C028,2025-06-02
S01084,C039,2025-05-30
S05381,C049,2025-10-20
S08171,C050,2024-12-21
S05495,C001,2024-10-07
S00961,C027,2025-03-03
S00775,C005,2024-05-28
S04814,C021,2025-04-27
S00972,C005,2024-08-24
S04533,C046,2025-06-11
S03718,C022,2024-12-21
S01892,C031,2024-01-24
S08141,C017,2025-11-17
S06779,C041,2024-10-30
S06702,C031,2025-04-19
S04805,C021,2024-05-13
S09679,C010,2025-05-08
S00510,C018,2024-04-27
S03903,C034,2024-07-25
S03305,C012,2024-03-17
S07642,C026,2024-05-25
S01628,C023,2025-06-30
S07636,C010,2025-10-20
S08891,C028,2024-07-31
S01719,C038,2025-06-17
S05086,C005,2025-10-25
S08640,C028,2025-08-01
S03191,C012,2024-08-18
S07038,C007,2024-03-03
S00393,C004,2024-10-21
S02242,C015,2025-01-02
S02623,C032,2025-05-01
S01248,C013,2025-10-04
S02016,C045,2023-12-31
S09067,C031,2025-03-03
S02174,C038,2025-08-08
S00540,C036,2024-07-18
S03418,C004,2025-07-28
S01786,C035,2024-05-21
S02761,C041,2025-08-23
S07011,C035,2025-11-15
S02159,C002,2025-04-17
S06661,C010,2024-01-13
S00164,C038,2024-03-05
S07719,C036,2025-04-11
S03558,C025,2024-05-17
S06887,C046,2025-05-11
S09051,C022,2024-06-14
S07921,C038,2025-01-11
S02914,C036,2025-01-06
S00270,C013,2025-10-29
S07046,C004,2025-07-27
S03537,C046,2025-11-07
S07376,C002,2024-03-20
S08575,C042,2025-03-13
S04879,C021,2024-02-21
S09081,C046,2024-03-04
S01243,C033,2025-09-22
S03754,C011,2025-06-30
S05631,C024,2025-05-07
S07991,C041,2024-03-24
S08677,C024,2024-01-02
S07507,C009,2025-02-16
S00137,C038,2025-01-17
S09340,C024,2025-07-15
S09619,C046,2025-02-18
S07597,C012,2025-08-06
S03566,C023,2024-06-06
S08959,C010,2024-02-14
S04056,C024,2024-01-28
S03644,C019,2024-02-28
S04714,C032,2025-05-19
S00014,C039,2025-03-13
S07397,C027,2025-07-20
S07924,C028,2025-08-19
S08507,C031,2024-10-28
S04805,C014,2025-03-17
S04783,C004,2025-02-08
S01758,C016,2025-11-08
S03831,C032,2024-02-09
S06838,C041,2025-09-15
S07928,C050,2024-12-18
S04547,C049,2024-12-06
S07851,C038,2025-09-07
S07371,C019,2024-05-10
S00827,C048,2025-02-26
S06240,C049,2025-01-04
S00385,C043,2024-12-21
S06535,C013,2024-01-29
S03408,C013,2024-07-12
S00280,C048,2023-12-05
S00444,C034,2025-03-11
S03137,C038,2024-08-17
S03784,C041,2024-04-26
S07403,C031,2024-02-10
S03718,C010,2024-10-04
S03133,C003,2025-07-13
S07827,C010,2025-05-31
S07085,C037,2024-08-23
S01488,C024,2025-04-25
S07371,C012,2025-03-16
S02062,C046,2024-10-11
S06955,C011,2024-08-27
S06465,C010,2024-11-22
S08654,C020,2025-06-25
S09019,C027,2024-02-08
S03685,C019,2024-11-07
S05483,C016,2025-01-28
S06786,C012,2025-09-11
S01260,C026,2024-08-02
S04177,C028,2025-10-24
S06654,C001,2024-07-30
S05367,C017,2024-05-06
S08935,C005,2025-08-01
S05955,C029,2024-12-19
S09092,C008,2025-07-21
S07714,C009,2024-06-08
S09977,C038,2025-11-27
S07451,C041,2025-01-15
S04074,C023,2025-01-22
S09555,C008,2024-09-03
S03944,C014,2024-07-26
S00366,C035,2024-05-27
S04439,C013,2024-08-01
S00626,C044,2025-07-07
S09037,C012,2025-04-28
S04132,C014,2025-09-02
S05759,C036,2024-11-01
S05003,C030,2024-11-16
S07638,C021,2024-12-21
S05204,C049,2025-10-01
S04935,C011,2024-09-11
S06988,C003,2025-04-13
S07005,C011,2024-03-02
S08134,C015,2025-03-17
S09938,C008,2024-11-08
S09607,C032,2024-10-13
S00089,C024,2025-08-08
S03272,C031,2025-06-19
S04435,C031,2025-11-07
S07507,C047,2025-02-07
S01459,C021,2024-10-12
S00211,C008,2025-10-13
S07757,C033,2024-03-14
S08169,C004,2025-10-14
S02645,C025,2024-06-10
S05411,C003,2024-07-19
S05901,C009,2024-06-18
S00712,C002,2025-06-09
S02242,C045,2024-08-12
S09399,C022,2024-06-02
S01125,C009,2025-06-24
S02751,C049,2024-06-20
S02014,C040,2024-06-12
S09531,C004,2024-07-13
S06755,C034,2025-07-26
S03907,C009,2025-02-12
S05925,C008,2025-05-16
S06656,C021,2025-03-22
S09429,C050,2025-09-05
S01265,C049,2025-05-09
S09045,C003,2025-09-05
S06372,C035,2025-11-26
S07624,C010,2024-02-27
S01101,C002,2025-09-23
S00802,C038,2024-09-24
S07948,C038,2023-12-16
S01303,C033,2025-12-01
S06324,C049,2025-10-23
S06186,C030,2025-05-18
S01560,C028,2024-07-19
S09650,C010,2024-05-28
S08236,C044,2025-11-10
S08678,C039,2024-06-27
S05081,C038,2025-05-01
S03227,C034,2024-11-30
S03665,C031,2025-11-16
S05812,C006,2024-07-20
S08716,C018,2024-04-13
S09426,C007,2025-03-09
S06244,C017,2025-04-29
S08004,C049,2025-09-19
S05836,C026,2025-06-19
S09730,C001,2024-10-06
S00049,C001,2025-02-18
S07896,C024,2024-10-17
S04814,C005,2024-11-11
S09630,C037,2024-06-26
S06485,C003,2024-05-08
S02797,C025,2025-09-24
S02427,C019,2024-08-21
S04157,C008,2025-06-09
S00783,C048,2025-08-06
S05436,C023,2025-10-15
S05001,C019,2024-08-08
S01435,C027,2025-10-10
S08413,C038,2025-01-13
S03499,C027,2025-05-06
S02477,C038,2024-10-30
S05635,C034,2024-08-15
S06100,C044,2024-07-31
S02678,C025,2025-09-19
S06846,C015,2024-12-31
S05393,C013,2024-01-10
S07447,C032,2025-06-27
S06807,C030,2025-05-06
S02210,C014,2024-11-20
S04512,C042,2024-03-21
S08008,C013,2025-02-22
S00118,C026,2025-03-04
S00843,C049,2024-08-17
S04175,C040,2025-01-29
S08793,C018,2024-11-14
S05721,C030,2024-11-25
S04179,C019,2024-07-09
S03392,C016,2024-08-09
S04669,C041,2025-11-14
S00521,C035,2024-06-22
S07121,C035,2024-08-07
S02006,C015,2024-11-09
S00063,C024,2024-05-25
S09773,C040,2024-04-01
S03653,C005,2024-03-30
S09233,C049,2024-03-06
S06126,C002,2025-11-28
S09054,C040,2024-01-01
S03405,C025,2025-01-04
S02707,C022,2024-07-23
S06650,C034,2024-09-27
S07898,C035,2025-04-26
S00993,C039,2025-04-11
S02853,C041,2025-05-13
S08365,C013,2024-04-12
S09221,C049,2025-08-30
S00095,C036,2025-01-25
S05845,C021,2025-02-09
S00904,C042,2024-10-18
S09823,C048,2024-05-14
S07988,C031,2025-02-19
S09587,C033,2024-12-15
S04615,C039,2023-12-23
S03326,C042,2025-10-18
S00133,C022,2024-08-04
S00677,C035,2024-06-01
S07367,C040,2024-12-06
S09502,C040,2024-11-10
S07235,C022,2024-10-13
S02135,C043,2024-07-16
S03935,C017,2025-02-15
S02814,C044,2024-10-03
S08200,C029,2024-10-10
S01782,C030,2024-12-04
S04422,C045,2025-06-23
S05490,C019,2025-03-01
S08517,C020,2024-08-23
S07469,C010,2024-11-06
S02215,C034,2025-01-20
S04679,C040,2024-03-08
S05948,C003,2024-07-29
S08394,C002,2024-01-02
S06583,C014,2025-06-21
S08479,C028,2024-01-18
S02601,C009,2025-09-06
S09316,C032,2025-06-08
S08624,C044,2025-08-14
S03946,C045,2024-12-16
S02940,C023,2024-02-02
S01695,C004,2025-05-31
S00646,C042,2024-02-18
S07466,C003,2025-10-18
S06839,C034,2024-10-15
S06081,C034,2024-04-06
S00172,C021,2024-10-30
S06518,C002,2025-11-17
S09699,C037,2025-01-15
S09072,C045,2024-07-03
S03069,C007,2024-09-17
S02166,C044,2025-11-23
S09903,C034,2024-06-24
S00059,C026,2024-01-12
S08499,C010,2025-05-22
S01342,C024,2024-06-06
S09092,C045,2025-03-21
S00369,C025,2025-01-21
S02919,C017,2025-10-29
S01460,C047,2025-06-17
S04158,C018,2025-09-06
S06222,C002,2025-11-18
S06625,C007,2024-11-19
S07336,C020,2025-10-21
S07982,C021,2024-06-13
S04408,C009,2025-08-07
S00873,C016,2025-11-19
S03123,C035,2024-05-02
S04654,C038,2025-09-16
S01936,C032,2025-11-03
S09183,C025,2025-04-28
S04115,C008,2023-12-25
S01181,C004,2024-09-13
S09132,C021,2025-07-29
S07189,C035,2025-01-24
S00223,C032,2024-08-07
S01728,C028,2024-07-14
S02223,C008,2024-08-08
S04361,C009,2024-09-02
S00630,C041,2024-01-29
S00343,C010,2024-11-12
S06544,C022,2024-05-27
S08834,C012,2024-04-02
S08500,C030,2025-04-23
S04002,C023,2025-02-11
S00194,C008,2025-05-23
S07605,C011,2024-06-16
S04977,C011,2024-10-13
S06290,C039,2025-03-17
S00486,C004,2023-12-31
S04122,C006,2023-12-15
S09440,C012,2024-05-09
S00698,C038,2024-07-23
S09916,C037,2023-12-18
S08828,C043,2025-09-25
S06421,C002,2024-12-03
S07234,C034,2025-06-04
S07614,C039,2025-05-22
S07453,C050,2025-03-24
S07898,C047,2025-10-26
S03953,C045,2025-08-05
S07480,C039,2025-05-26
S03838,C046,2024-04-15
S09118,C013,2024-02-28
S01871,C012,2025-02-12
S05898,C014,2025-03-02
S01196,C011,2024-06-30
S02575,C007,2023-12-31
S06508,C026,2024-12-27
S00482,C041,2023-12-31
S03943,C024,2024-11-10
S00613,C037,2024-11-16
S07993,C004,2025-09-17
S01505,C038,2024-10-12
S00182,C031,2025-11-01
S04220,C041,2025-04-16
S09917,C010,2024-01-30
S09204,C015,2025-06-06
S08792,C028,2025-06-06
S09741,C038,2024-06-12
S09999,C026,2024-04-24
S03635,C018,2025-07-16
S00817,C029,2024-05-28
S09749,C029,2024-11-13
S01043,C029,2024-07-28
S05571,C044,2025-04-14
S07463,C007,2024-01-09
S07941,C010,2025-06-09
S03247,C037,2024-05-28
S06931,C031,2025-03-19
S07995,C012,2024-03-07
S08453,C043,2024-01-19
S05832,C015,2024-11-22
S01213,C015,2025-11-10
S03235,C019,2024-04-21
S04502,C044,2024-08-31
S02127,C032,2024-08-08
S03455,C002,2024-06-22
S05771,C010,2025-08-27
S06599,C029,2024-01-13
S06949,C021,2024-07-21
S07857,C029,2024-05-02
S05711,C027,2024-09-03
S00345,C048,2025-03-14
S05932,C001,2025-08-01
S05004,C024,2025-11-09
S06632,C039,2024-08-23
S04210,C015,2024-04-16
S01920,C019,2024-05-10
S03475,C043,2024-04-08
S00542,C001,2025-08-23
S09745,C039,2024-05-28
S02546,C006,2024-05-08
S08649,C048,2024-05-24
S01843,C019,2023-12-22
S09937,C016,2024-03-21
S09015,C043,2025-06-30
S01017,C048,2025-11-09
S03653,C011,2024-01-22
S06373,C034,2024-03-09
S09837,C026,2025-04-17
S00095,C045,2025-04-21
S02944,C043,2025-09-16
S01426,C028,2024-04-05
S02352,C035,2025-10-19
S07447,C031,2024-01-12
S03271,C030,2025-02-17
S08919,C045,2025-11-19
S05716,C024,2024-06-10
S08731,C009,2025-01-03
S08307,C050,2025-07-06
S05393,C034,2025-06-05
S08017,C028,2024-03-17
S00494,C033,2024-12-31
S01885,C014,2024-07-18
S03914,C009,2025-05-15
S00454,C020,2025-11-18
S06850,C034,2024-09-01
S05606,C028,2025-04-13
S06600,C038,2024-07-20
S09939,C035,2025-02-15
S08735,C034,2023-12-14
S05441,C049,2025-08-31
S03970,C028,2024-02-16
S08476,C038,2024-12-13
S04791,C010,2025-07-23
S06569,C009,2025-02-08
S00435,C042,2025-04-05
S08584,C016,2024-06-06
S03140,C044,2024-11-24
S06801,C041,2025-10-24
S09005,C010,2024-02-19
S09278,C039,2025-09-10
S08499,C043,2024-07-30
S03626,C042,2024-09-03
S05346,C025,2025-01-14
S05410,C020,2024-05-11
S03188,C007,2024-08-06
S09503,C045,2025-11-24
S05500,C026,2024-04-24
S03193,C021,2025-11-12
S09983,C033,2025-09-28
S05707,C024,2024-02-13
S06676,C035,2024-09-16
S01977,C045,2024-06-27
S04697,C049,2025-08-13
S01226,C004,2025-06-21
S06217,C022,2025-11-08
S05336,C014,2025-04-28
S06163,C041,2025-06-08
S01988,C007,2024-06-01
S02800,C050,2025-02-26
S03334,C049,2024-09-30
S07658,C027,2024-11-08
S03133,C041,2025-03-27
S04525,C037,2025-10-06
S02893,C015,2025-10-07
S02816,C043,2025-11-16
S04707,C005,2025-12-03
S04200,C009,2024-03-11
S06006,C011,2024-03-07
S03694,C045,2025-10-03
S06399,C032,2024-06-09
S04207,C010,2024-12-12
S01121,C005,2024-03-17
S08584,C005,2025-02-28
S03177,C011,2024-11-10
S07423,C004,2024-03-30
S01941,C043,2024-10-20
S03122,C047,2024-04-01
S07274,C011,2025-11-30
S08833,C035,2025-10-27
S07235,C025,2025-01-28
S03721,C018,2024-11-27
S09121,C030,2023-12-28
S00384,C027,2025-06-05
S09733,C006,2025-08-29
S05297,C026,2025-07-04
S05026,C008,2025-04-26
S05796,C036,2024-07-28
S07376,C035,2024-07-15
S06043,C032,2024-07-12
S00377,C022,2025-07-29
S05480,C017,2024-03-10
S04597,C004,2025-08-28
S05413,C022,2025-07-25
S00548,C010,2023-12-27
S03974,C049,2025-11-19
S04777,C003,2024-03-25
S07538,C002,2025-02-24
S01228,C010,2024-02-28
S05882,C046,2025-02-22
S05220,C013,2025-01-06
S00252,C035,2025-05-05
S00831,C017,2024-12-16
S04097,C047,2024-12-23
S06009,C050,2025-06-15
S05744,C044,2024-07-29
S01328,C014,2024-07-20
S02269,C022,2025-08-08
S08053,C046,2024-08-06
S06428,C046,2024-08-18
S02323,C038,2024-02-14
S09933,C012,2024-12-14
S06236,C009,2025-04-16
S07611,C049,2024-07-10
S09174,C039,2024-05-12
S06028,C036,2025-10-24
S05601,C006,2024-06-05
S02190,C038,2024-10-31
S05000,C010,2024-05-08
S07597,C017,2024-05-24
S01660,C049,2025-12-01
S06180,C008,2025-04-26
S00970,C012,2023-12-30
S06714,C001,2024-11-30
S06062,C040,2025-06-16
S02250,C038,2025-08-10
S06339,C009,2023-12-08
S06543,C042,2025-06-15
S03739,C009,2024-10-17
S09350,C010,2025-01-31
S03240,C036,2024-07-09
S09885,C006,2024-08-14
S01683,C013,2025-02-07
S02649,C024,2024-04-06
S02842,C041,2025-05-14
S08570,C010,2024-03-18
S08921,C036,2025-08-03
S03551,C049,2025-11-04
S02436,C001,2025-07-26
S09791,C048,2025-01-13
S00655,C026,2024-06-07
S00972,C006,2024-06-12
S03738,C002,2024-07-15
S07391,C040,2025-05-12
S04577,C029,2024-06-23
S05783,C018,2025-05-21
S06808,C030,2024-02-18
S04192,C008,2024-11-22
S06022,C038,2025-11-28
S07789,C015,2024-10-13
S03677,C044,2025-09-25
S08625,C034,2024-06-03
S07157,C001,2025-07-27
S08206,C016,2025-07-21
S09309,C048,2024-03-11
S02373,C009,2025-06-28
S04861,C017,2024-08-13
S02904,C025,2024-06-30
S04617,C034,2024-05-31
S08162,C005,2024-05-27
S07173,C029,2025-05-02
S03285,C031,2024-07-19
S08048,C001,2024-06-21
S06912,C020,2024-04-25
S00660,C031,2024-05-25
S03183,C009,2025-01-25
S08251,C020,2025-07-31
S03096,C021,2024-03-01
S09452,C045,2025-09-26
S05782,C019,2024-11-27
S04173,C019,2024-03-29
S02576,C025,2024-06-21
S08928,C002,2024-08-28
S09533,C048,2024-09-01
S06272,C013,2024-08-08
S00885,C026,2024-09-19
S03955,C023,2025-08-01
S01993,C049,2025-10-03
S02735,C004,2024-04-20
S02552,C036,2025-02-22
S07318,C012,2025-11-09
S05082,C032,2024-09-18
S08915,C039,2025-02-14
S03434,C001,2025-04-13
S08996,C035,2024-06-11
S08132,C011,2024-11-10
S08215,C012,2025-05-29
S07732,C012,2024-08-08
S03226,C004,2025-09-17
S00504,C004,2024-11-18
S06526,C028,2024-12-01
S05019,C029,2024-04-23
S04290,C023,2025-05-31
S04277,C008,2023-12-08
S08055,C050,2025-05-19
S03178,C035,2024-08-01
S08477,C001,2024-06-17
S00322,C026,2025-06-07
S05236,C043,2024-01-25
S01241,C036,2025-06-24
S04209,C001,2025-03-27
S00080,C023,2024-05-08
S02395,C022,2024-03-13
S05046,C039,2024-03-03
S09875,C045,2025-05-16
S07608,C017,2025-04-18
S01018,C015,2024-12-02
S05223,C045,2024-01-28
S06311,C025,2025-09-21
S03842,C016,2024-01-04
S03631,C011,2024-10-20
S09145,C023,2024-08-18
S08742,C043,2024-06-20
S04365,C001,2025-09-24
S00642,C016,2024-08-04
S00894,C012,2025-06-29
S01201,C005,2025-03-15
S05130,C038,2025-10-28
S09346,C037,2024-04-09
S04052,C009,2024-06-04
S00052,C020,2025-06-06
S07088,C036,2025-02-07
S01659,C044,2024-09-07
S05301,C002,2024-10-14
S05782,C034,2024-06-09
S02423,C045,2024-08-25
S08776,C037,2024-04-14
S08447,C015,2024-01-06
S03172,C029,2024-03-21
S06791,C045,2024-01-24
S03469,C045,2024-06-15
S04708,C009,2024-02-22
S01353,C015,2024-05-10
S04063,C042,2025-11-12
S05205,C029,2024-01-22
S06612,C008,2024-05-24
S09278,C034,2024-11-23
S00407,C049,2024-03-31
S05295,C040,2025-06-29
S04676,C010,2024-07-28
S06458,C012,2024-04-12
S02767,C033,2025-06-09
S08170,C007,2025-04-23
S05574,C001,2024-07-10
S05422,C037,2024-07-23
S01260,C031,2025-03-08
S08569,C003,2023-12-20
S05700,C008,2024-08-18
S06396,C015,2024-12-20
S03200,C013,2024-08-07
S02658,C001,2024-12-19
S05172,C041,2024-03-03
S06455,C042,2024-07-17
S07955,C041,2024-02-25
S03165,C037,2024-03-16
S03261,C003,2025-11-04
S02898,C010,2025-04-18
S02437,C040,2023-12-19
S07385,C050,2024-11-01
S08174,C001,2025-02-08
S07427,C001,2025-02-18
S03016,C015,2025-05-05
S07402,C020,2024-09-14
S08279,C020,2024-04-24
S05376,C016,2024-10-14
S02714,C018,2024-03-20
S05752,C019,2024-12-31
S02633,C018,2025-04-24
S08365,C050,2025-05-09
S08334,C007,2025-01-19
S08202,C029,2025-03-15
S01775,C017,2024-05-24
S08114,C049,2023-12-15
S08107,C021,2024-05-23
S08154,C034,2024-09-22
S08629,C024,2025-05-17
S07959,C006,2025-04-12
S02780,C045,2025-04-07
S09434,C029,2025-03-30
S09900,C033,2024-02-08
S06766,C047,2024-04-13
S07237,C007,2025-04-01
S00001,C048,2025-02-08
S08701,C011,2024-03-29
S07336,C040,2025-05-13
S08346,C014,2024-09-14
S05271,C008,2024-01-12
S06912,C020,2024-10-26
S05541,C035,2024-05-26
S03336,C006,2024-07-20
S01318,C037,2024-08-13
S01390,C001,2024-01-22
S04348,C004,2024-09-05
S03703,C029,2025-03-29
S01541,C034,2025-07-03
S07581,C035,2025-10-04
S04194,C048,2025-04-05
S04321,C034,2025-01-06
S07744,C017,2024-05-02
S03727,C007,2024-05-20
S04728,C044,2024-09-06
S09586,C046,2024-03-23
S05805,C015,2025-08-07
S03228,C025,2024-07-14
S08850,C006,2024-06-04
S06397,C010,2024-02-25
S00247,C017,2024-01-21
S03138,C024,2025-10-23
S04505,C015,2023-12-06
S01377,C036,2024-06-26
S06559,C048,2025-07-27
S08787,C009,2025-03-31
S04759,C007,2025-06-05
S01377,C005,2025-02-19
S00096,C008,2024-09-29
S09294,C014,2024-08-21
S02946,C018,2024-08-07
S04019,C031,2024-12-27
S03405,C015,2024-12-05
S09645,C037,2024-11-20
S04030,C039,2024-08-11
S03212,C005,2025-01-29
S05770,C001,2024-02-09
S07515,C025,2024-08-28
S07534,C037,2025-09-22
S08759,C035,2025-03-04
S09875,C029,2024-07-17
S04579,C028,2024-11-25
S08118,C016,2025-05-12
S05322,C031,2024-06-01
S07912,C015,2025-08-16
S04254,C025,2025-10-01
S04020,C021,2024-02-10
S01626,C008,2024-11-27
S08117,C003,2024-11-14
S06957,C033,2024-07-21
S04276,C014,2025-09-25
S05619,C036,2025-06-29
S01268,C046,2025-07-04
S00176,C030,2024-12-30
S09857,C021,2024-05-30
S03763,C024,2024-01-18
S06778,C011,2024-07-15
S02832,C026,2025-06-21
S05447,C013,2025-03-28
S06961,C004,2025-11-05
S00709,C039,2024-09-19
S09593,C045,2025-07-03
S09003,C001,2025-03-27
S00307,C048,2025-08-19
S01971,C046,2025-10-29
S06467,C039,2025-03-25
S00941,C040,2024-03-09
S02860,C031,2024-11-08
S09206,C024,2025-04-04
S08510,C036,2025-11-08
S03544,C033,2025-07-05
S00831,C004,2024-10-29
S08701,C031,2024-06-08
S05944,C007,2024-10-20
S09621,C008,2024-10-21
S04505,C042,2024-02-12
S06410,C003,2025-08-19
S08204,C021,2024-09-26
S03767,C018,2024-01-20
S01733,C042,2024-07-01
S03728,C022,2025-10-29
S02206,C048,2024-10-08
S01520,C044,2024-12-26
S02168,C003,2025-11-25
S09919,C011,2024-11-14
S09851,C037,2025-01-24
S09788,C044,2025-01-09
S07707,C011,2025-06-18
S06759,C041,2025-06-30
S06388,C037,2025-01-06
S06827,C025,2024-11-02
S05639,C042,2025-06-12
S01571,C016,2024-07-21
S05076,C003,2025-04-27
S01555,C034,2023-12-05
S07368,C045,2024-09-04
S07621,C015,2025-11-17
S06991,C042,2024-05-19
S04597,C024,2025-05-10
S05838,C048,2025-03-11
S00115,C035,2025-06-16
S05598,C050,2024-06-24
S00506,C020,2025-06-30
S02278,C028,2024-01-16
S00279,C044,2023-12-22
S03507,C041,2024-10-21
S07924,C033,2024-02-13
S07767,C017,2024-10-25
S00685,C040,2024-12-30
S06960,C017,2025-04-30
S06521,C026,2024-01-09
S09050,C020,2025-07-27
S06378,C034,2024-06-05
S05927,C026,2024-05-06
S08552,C005,2024-03-21
S07832,C011,2024-05-17
S08467,C028,2025-08-26
S03245,C021,2025-02-20
S05697,C039,2024-08-16
S02934,C049,2024-02-14
S06721,C026,2025-10-11
S05780,C032,2024-08-11
S02873,C006,2025-04-01
S09163,C020,2025-05-14
S02450,C012,2024-04-09
S03906,C027,2025-03-14
S05787,C030,2024-07-26
S05355,C011,2024-05-16
S06355,C050,2025-02-20
S04360,C023,2024-05-09
S08970,C045,2024-02-19
S07247,C026,2025-12-01
S03572,C037,2024-05-22
S00726,C019,2024-02-02
S06942,C029,2024-10-27
S00866,C046,2025-01-18
S01653,C027,2024-04-04
S07386,C007,2023-12-21
S06383,C003,2024-05-13
S01766,C029,2024-01-17
S00329,C037,2025-12-02
S05200,C030,2024-12-15
S09672,C046,2024-02-03
S02495,C009,2025-10-19
S01375,C040,2024-02-17
S02494,C011,2024-03-26
S00162,C024,2025-01-30
S09552,C004,2024-05-07
S00654,C002,2024-09-11
S09295,C008,2024-01-12
S07324,C006,2025-07-06
S00327,C043,2025-02-06
S03312,C030,2024-08-25
S03352,C001,2024-09-19
S07274,C025,2025-07-10
S04971,C019,2025-09-07
S06976,C020,2025-10-10
S00375,C047,2025-05-14
S05955,C016,2025-10-21
S00854,C045,2024-03-28
S09165,C050,2023-12-28
S09055,C050,2025-04-14
S05152,C020,2025-10-06
S09433,C038,2025-04-16
S06902,C049,2024-02-04
S04893,C001,2025-09-29
S04881,C038,2025-05-15
S05809,C050,2025-06-30
S00573,C035,2025-09-27
S05738,C019,2025-08-21
S06931,C048,2024-12-01
S07871,C012,2024-08-27
S05074,C035,2025-09-03
S00485,C032,2023-12-19
S03987,C028,2024-12-03
S09126,C011,2025-06-08
S06636,C045,2023-12-16
S06592,C014,2024-03-29
S01601,C004,2024-10-02
S01438,C032,2024-08-28
S04739,C011,2024-06-25
S03585,C043,2025-05-31
S08371,C025,2023-12-06
S06330,C030,2025-11-11
S01601,C030,2024-04-06
S09689,C035,2025-01-30
S02884,C029,2025-05-08
S00118,C040,2024-05-04
S08438,C041,2025-11-04
S02325,C021,2024-10-04
S02440,C018,2024-08-21
S05894,C043,2024-10-02
S05555,C016,2024-09-03
S09607,C032,2024-07-17
S02864,C040,2024-07-30
S00995,C019,2024-02-05
S02863,C030,2024-05-25
S03094,C006,2025-05-30
S07129,C025,2024-07-19
S03644,C011,2025-02-08
S09937,C011,2024-11-13
S08541,C005,2025-12-03
S00849,C024,2024-10-20
S06178,C002,2024-10-06
S02865,C008,2025-01-30
S01887,C037,2024-04-11
S01230,C049,2024-10-17
S07894,C007,2024-01-26
S03990,C005,2025-11-16
S08983,C018,2024-07-22
S06444,C032,2024-04-07
S02832,C005,2024-03-19
S07729,C016,2024-07-21
S07605,C018,2025-02-23
S08470,C019,2025-09-24
S09221,C001,2023-12-19
S07270,C035,2024-04-13
S08880,C019,2024-05-08
S06594,C013,2024-10-07
S01249,C006,2024-08-06
S07164,C050,2024-12-28
S06142,C020,2024-01-26
S04801,C004,2024-06-15
S08832,C001,2025-02-14
S06294,C010,2025-01-18
S03309,C023,2023-12-15
S04074,C031,2024-02-04
S05635,C047,2025-02-25
S00547,C027,2024-10-20
S03897,C025,2024-11-16
S02044,C041,2025-07-24
S08207,C038,2024-03-06
S04227,C022,2025-05-29
S02749,C035,2024-10-22
S06685,C048,2024-07-30
S06648,C049,2025-05-28
S05638,C032,2024-07-11
S01206,C044,2024-01-04
S00288,C034,2024-01-25
S08734,C025,2025-11-13
S03823,C036,2024-03-12
S03700,C049,2025-07-18
S07878,C044,2024-05-16
S08976,C041,2025-01-13
S06551,C018,2025-01-17
S05697,C029,2025-11-17
S00797,C019,2025-04-01
S07751,C033,2025-08-15
S03891,C017,2025-04-23
S03689,C016,2024-04-01
S09525,C048,2024-06-02
S01711,C003,2024-04-18
S04030,C044,2025-10-26
S01244,C002,2024-11-08
S01425,C050,2024-12-08
S09618,C034,2024-04-18
S08542,C036,2025-10-14
S02589,C038,2023-12-21
S08361,C044,2024-11-28
S03979,C001,2024-10-30
S09638,C022,2024-09-11
S04988,C023,2024-07-01
S05776,C043,2024-08-01
S06752,C047,2025-08-07
S03398,C026,2024-06-24
S05653,C034,2025-09-03
S02635,C015,2024-06-05
S08999,C021,2025-03-24
S09128,C043,2025-01-14
S01525,C045,2024-10-18
S04961,C003,2024-11-20
S03614,C033,2024-12-01
S04482,C049,2023-12-26
S08417,C045,2024-11-09
S08272,C014,2024-06-15
S02456,C017,2025-03-21
S05034,C040,2025-12-04
S02686,C033,2025-04-26
S05375,C050,2023-12-09
S02139,C003,2025-02-20
S08003,C011,2024-08-19
S09879,C027,2025-12-04
S09818,C028,2025-02-25
S00573,C032,2025-07-17
S04665,C016,2025-09-21
S02350,C043,2024-10-28
S09792,C006,2024-10-14
S02539,C006,2024-02-14
S05812,C047,2024-07-29
S01158,C044,2024-07-12
S09392,C021,2024-10-03
S09515,C045,2025-02-22
S06325,C048,2024-11-29
S06359,C024,2024-03-17
S09248,C040,2025-11-11
S08973,C001,2024-08-21
S01817,C047,2024-07-22
S07247,C002,2023-12-17
S08698,C033,2024-12-14
S08473,C005,2025-10-07
S09316,C035,2024-02-02
S06276,C029,2025-05-11
S07928,C037,2024-03-12
S01921,C005,2025-10-10
S01815,C032,2025-05-18
S04196,C023,2024-03-19
S07501,C003,2024-05-26
S07590,C031,2025-10-16
S07586,C046,2024-05-28
S03170,C035,2024-05-01
S05581,C050,2025-09-15
S02094,C043,2024-09-21
S09238,C002,2024-11-20
S04298,C046,2024-03-03
S04228,C017,2025-06-04
S04489,C003,2025-08-20
S06181,C002,2024-02-16
S03499,C033,2024-10-29
S06197,C013,2025-09-11
S05504,C020,2024-01-10
S04925,C017,2024-01-29
S02707,C003,2024-01-04
S00500,C017,2025-09-18
S09976,C043,2025-06-29
S04881,C022,2025-03-31
S07723,C033,2024-10-26
S00727,C031,2024-04-30
S08587,C004,2025-08-22
S00791,C023,2024-10-25
S05856,C047,2025-11-04
S00114,C012,2024-07-21
S03033,C050,2024-06-07
S02846,C019,2025-01-29
S05775,C011,2024-08-26
S05202,C011,2024-07-14
S01238,C030,2025-11-29
S08963,C034,2023-12-26
S01629,C046,2024-07-30
S05833,C022,2024-09-14
S02384,C019,2024-05-25
S08581,C015,2025-01-16
S02317,C034,2025-10-02
S07933,C016,2024-05-15
S07411,C018,2024-09-12
S08517,C033,2025-10-03
S00985,C024,2024-07-16
S04206,C034,2024-08-05
S01605,C050,2025-03-29
S04111,C027,2024-02-25
S09569,C023,2025-08-31
S00336,C018,2024-01-12
S03407,C039,2025-01-07
S06955,C048,2025-01-10
S02384,C030,2025-01-07
S01185,C002,2024-06-24
S00004,C024,2024-08-17
S02276,C032,2024-11-28
S02452,C050,2025-10-13
S07485,C023,2025-04-02
S06695,C017,2025-05-26
S07113,C039,2025-03-12
S08382,C041,2024-09-06
S00333,C045,2025-11-02
S04881,C017,2025-07-18
S02630,C026,2024-02-13
S04565,C032,2024-04-06
S06575,C012,2024-08-10
S02842,C038,2025-07-12
S05448,C037,2024-09-06
S02378,C034,2025-03-23
S01564,C026,2025-08-05
S01167,C030,2024-05-07
S00794,C018,2025-03-11
S04007,C009,2025-07-04
S04816,C001,2025-05-10
S09222,C021,2024-02-16
S03899,C004,2024-03-25
S06999,C033,2024-02-01
S05037,C022,2024-07-28
S00311,C005,2025-02-19
S07033,C043,2024-05-31
S03312,C044,2025-01-08
S05174,C041,2025-01-24
S02395,C028,2025-03-20
S03859,C043,2024-09-21
S08378,C017,2024-07-03
S09137,C032,2023-12-05
S01905,C014,2025-01-29
S00913,C013,2024-08-09
S03850,C013,2024-11-21
S07944,C050,2024-06-08
S09417,C045,2025-03-17
S03880,C024,2025-11-04
S00655,C009,2023-12-08
S03357,C035,2024-01-11
S05287,C002,2025-04-18
S00698,C040,2025-07-15
S03781,C048,2024-12-06
S09936,C037,2024-07-01
S08089,C036,2024-02-13
S01943,C038,2024-10-20
S04701,C034,2025-10-09
S05458,C004,2024-08-13
S02439,C047,2025-09-08
S01677,C040,2025-09-14
S01446,C043,2024-04-06
S03028,C036,2023-12-12
S07679,C020,2024-08-15
S08246,C049,2024-09-06
S05232,C005,2024-02-11
S07819,C018,2024-03-15
S08811,C019,2024-01-18
S08452,C013,2024-12-14
S05334,C035,2024-09-05
S00440,C037,2024-09-20
S02842,C049,2025-05-26
S04291,C026,2024-04-10
S02012,C043,2024-07-17
S07862,C045,2024-04-22
S01689,C023,2025-09-04
S08212,C048,2025-10-23
S01104,C038,2024-01-04
S03367,C012,2025-11-13
S05116,C010,2024-06-15
S01038,C020,2025-11-24
S00538,C047,2024-08-25
S02700,C048,2025-10-21
S07183,C035,2025-05-29
S07184,C039,2025-06-21
S07695,C024,2024-02-15
S02717,C027,2024-01-24
S07122,C048,2024-01-06
S00730,C005,2025-05-18
S03894,C032,2025-08-28
S02659,C039,2024-06-12
S02254,C038,2025-04-17
S02572,C012,2025-05-26
S04093,C015,2024-08-03
S00525,C041,2025-02-28
S08336,C041,2024-10-15
S09180,C047,2025-06-11
S00167,C023,2024-06-02
S03255,C033,2025-05-01
S02019,C014,2023-12-10
S03999,C004,2025-10-04
S03171,C029,2024-02-10
S02470,C038,2025-05-12
S09034,C017,2025-02-23
S08363,C022,2024-03-31
S01985,C024,2024-08-20
S06043,C031,2024-01-21
S09790,C002,2024-11-04
S09475,C001,2025-07-03
S09272,C050,2024-02-27
S01320,C014,2025-08-29
S05680,C041,2025-01-16
S08349,C001,2024-09-25
S07334,C039,2025-02-18
S05240,C003,2025-10-27
S04759,C029,2024-01-22
S02116,C039,2025-10-19
S03365,C050,2025-08-30
S00691,C002,2025-01-06
S05568,C027,2025-05-31
S01160,C016,2024-01-25
S02791,C032,2024-03-29
S04585,C031,2025-02-02
S00390,C044,2024-01-03
S09141,C028,2025-08-19
S02214,C030,2024-07-28
S02307,C033,2025-10-05
S06705,C038,2025-06-29
S04878,C016,2025-08-21
S01353,C034,2024-04-06
S08492,C031,2024-04-10
S03517,C023,2024-07-15
S05595,C042,2025-02-03
S07775,C030,2025-07-20
S07492,C029,2024-03-19
S00117,C044,2025-10-08
S04426,C022,2025-04-16
S03489,C005,2025-04-14
S05934,C022,2025-10-08
S00191,C020,2024-07-15
S09485,C033,2023-12-19
S03711,C040,2024-07-04
S00423,C021,2024-02-25
S09421,C045,2025-05-13
S04010,C038,2025-09-15
S05082,C001,2024-03-25
S01042,C017,2025-11-19
S00477,C029,2025-04-28
S07418,C024,2025-04-09
S06877,C026,2024-02-26
S05480,C014,2025-08-31
S05312,C001,2025-01-15
S01307,C040,2024-07-05
S09166,C018,2025-10-31
S07149,C049,2025-05-22
S07011,C042,2024-08-15
S06700,C018,2025-07-18
S05362,C028,2025-07-19
S03809,C049,2024-09-17
S01844,C002,2024-03-24
S01632,C001,2024-11-13
S02810,C042,2025-03-06
S04086,C046,2024-08-07
S09075,C016,2025-02-03
S09156,C038,2024-12-03
S05173,C009,2025-08-19
S02488,C040,2024-10-16
S01492,C033,2025-04-02
S02241,C009,2024-08-13
S02346,C031,2024-06-26
S07658,C013,2025-08-17
S08451,C005,2025-05-26
S08055,C003,2024-01-28
S04710,C012,2025-04-09
S01162,C039,2025-01-12
S05815,C012,2023-12-22
S06975,C016,2025-11-02
S07918,C003,2025-03-03
S04191,C004,2024-06-30
S07980,C042,2024-12-31
S07976,C030,2025-07-05
S05346,C049,2025-03-17
S08558,C038,2024-06-02
S01613,C029,2024-06-16
S05660,C019,2024-11-22
S09298,C044,2024-04-07
S03788,C021,2024-10-19
S09626,C048,2025-05-28
S01680,C015,2025-01-17
S05635,C012,2024-06-01
S08337,C024,2025-02-11
S03145,C023,2025-05-31
S03923,C048,2025-05-20
S00720,C048,2025-08-11
S01976,C011,2025-07-04
S07136,C021,2025-05-14
S08051,C005,2024-07-17
S01838,C009,2024-01-30
S05372,C004,2024-05-20
S03109,C027,2025-10-20
S04171,C012,2025-05-28
S07973,C035,2025-11-29
S03118,C038,2024-01-26
S06979,C001,2025-09-10
S01965,C014,2024-12-18
S01866,C006,2025-08-26
S08341,C021,2024-10-01
S05016,C020,2025-05-08
S00571,C027,2025-01-10
S08798,C045,2025-02-10
S02759,C039,2025-08-25
S05332,C019,2023-12-15
S09219,C026,2025-08-02
S04216,C002,2024-01-05
S08815,C010,2024-02-13
S02981,C005,2024-07-09
S05511,C008,2025-11-25
S04978,C004,2023-12-29
S09973,C021,2024-08-17
S03067,C050,2024-04-15
S02711,C026,2025-08-29
S06552,C020,2024-08-14
S04797,C011,2024-07-13
S06573,C017,2025-02-01
S06146,C001,2023-12-23
S03964,C018,2024-03-25
S02271,C036,2025-03-21
S07431,C050,2025-09-30
S00586,C004,2024-11-21
S08743,C016,2025-10-15
S00528,C039,2025-02-20
S06472,C045,2025-02-11
S07265,C015,2025-09-21
S09741,C020,2024-11-16
S06801,C006,2024-02-08
S04823,C042,2025-08-16
S02794,C045,2025-11-19
S00533,C050,2023-12-31
S05112,C041,2025-01-20
S00931,C029,2024-05-19
S00979,C040,2025-11-16
S08758,C027,2024-03-22
S07449,C041,2025-07-17
S06138,C041,2025-03-11
S05953,C031,2024-12-27
S05562,C047,2023-12-13
S09452,C009,2024-11-28
S00203,C027,2025-04-02
S00725,C042,2024-12-24
S06866,C014,2024-04-17
S01597,C016,2025-06-03
S07502,C029,2024-05-15
S05744,C025,2024-01-28
S00711,C046,2024-12-01
S04373,C039,2024-06-17
S03007,C015,2024-12-03
S02239,C024,2025-05-12
S06726,C009,2025-01-11
S09029,C004,2024-05-24
S07329,C001,2024-06-18
S05684,C022,2024-12-10
S07815,C050,2025-07-05
S07427,C038,2024-08-30
S07277,C018,2025-03-07
S02090,C029,2024-02-22
S07474,C048,2024-08-04
S09041,C017,2025-04-08
S04783,C007,2024-05-09
S08757,C007,2025-07-09
S08162,C026,2025-07-05
S05216,C024,2024-03-09
S04637,C018,2024-06-03
S01685,C001,2025-06-15
S00424,C001,2024-09-06
S02803,C001,2024-05-01
S07983,C044,2025-08-26
S06730,C004,2025-10-22
S09307,C044,2024-10-09
S06469,C015,2025-06-01
S01824,C003,2024-05-04
S04870,C003,2024-03-02
S07976,C028,2024-01-07
S06010,C001,2025-09-02
S04976,C033,2024-09-20
S04412,C012,2024-08-26
S09050,C020,2024-04-17
S07173,C049,2024-07-12
S08489,C001,2024-12-14
S06432,C047,2025-12-01
S05520,C048,2024-04-04
S01832,C013,2025-08-06
S02802,C048,2024-10-10
S07927,C022,2024-10-07
S05259,C008,2024-10-28
S03068,C022,2025-10-20
S06647,C033,2024-08-22
S08658,C043,2024-08-23
S05489,C029,2025-08-21
S01266,C030,2025-11-25
S03195,C043,2024-11-01
S02347,C034,2023-12-14
S01559,C050,2024-04-20
S02215,C015,2025-04-04
S02980,C046,2024-07-22
S06269,C046,2024-07-06
S04172,C019,2024-12-05
S04915,C050,2025-05-18
S04030,C033,2024-11-06
S04003,C026,2024-01-07
S01087,C001,2025-01-03
S09794,C008,2025-02-16
S06561,C016,2024-02-11
S02040,C012,2024-03-17
S08997,C048,2024-12-12
S01913,C012,2024-08-26
S01417,C031,2025-10-10
S06874,C045,2024-07-31
S02978,C035,2024-10-03
S09472,C044,2024-05-17
S07940,C026,2025-09-01
S05695,C037,2025-02-27
S08941,C046,2025-05-25
S03779,C025,2023-12-26
S04291,C049,2025-03-07
S04438,C002,2025-11-08
S03525,C012,2025-11-16
S01844,C016,2024-11-19
S06086,C016,2025-02-03
S03980,C004,2024-09-13
S04038,C032,2025-02-02
S06267,C014,2024-08-18
S04908,C021,2024-06-23
S06822,C032,2024-07-11
S08741,C022,2025-11-15
S08950,C010,2025-04-20
S06644,C027,2024-03-17
S01794,C022,2024-02-24
S02067,C006,2024-12-02
S09016,C033,2024-03-03
S07766,C026,2025-03-11
S06157,C048,2025-11-10
S08695,C001,2025-05-08
S09561,C027,2025-05-06
S06515,C034,2025-07-17
S09000,C001,2024-10-01
S02658,C023,2024-02-10
S00024,C004,2025-03-03
S07025,C014,2024-04-19
S09088,C025,2024-12-17
S02427,C028,2024-02-02
S09264,C039,2024-06-15
S00853,C019,2024-08-08
S06754,C010,2025-07-05
S04220,C050,2024-07-11
S01800,C046,2025-02-01
S02129,C045,2024-10-21
S09846,C012,2025-03-10
S06493,C035,2025-09-30
S07104,C039,2024-09-15
S00448,C035,2025-01-31
S04131,C034,2025-02-26
S08374,C049,2024-02-25
S04243,C040,2025-04-09
S03190,C023,2025-08-20
S08341,C040,2024-04-19
S06683,C006,2025-05-04
S04035,C016,2025-01-19
S07618,C022,2024-09-15
S08259,C007,2025-02-11
S00304,C006,2025-05-22
S09216,C002,2024-07-05
S09575,C019,2024-03-30
S08072,C039,2025-08-20
S07299,C033,2025-01-18
S05135,C037,2025-08-13
S06317,C006,2025-01-22
S05314,C010,2025-05-09
S09367,C006,2025-08-22
S05944,C049,2025-02-10
S07764,C048,2025-04-21
S09863,C027,2024-03-22
S04039,C037,2025-02-07
S01652,C023,2024-05-10
S05315,C001,2024-09-01
S01119,C033,2024-06-17
S08895,C024,2024-01-15
S06441,C050,2023-12-17
S01258,C037,2025-09-09
S03768,C049,2024-01-05
S04278,C033,2025-11-26
S06098,C027,2024-02-18
S09205,C021,2025-02-08
S05384,C029,2025-07-30
S00976,C033,2025-05-13
S01943,C048,2025-06-14
S00264,C009,2024-08-11
S08387,C007,2024-11-05
S05172,C042,2025-02-15
S07411,C026,2025-03-13
S09632,C019,2024-12-06
S05636,C021,2025-02-21
S09640,C028,2024-01-13
S06947,C022,2024-01-22
S02159,C050,2025-02-12
S03489,C043,2025-02-17
S06543,C028,2025-01-07
S09357,C040,2025-08-04
S02502,C004,2024-05-26
S01634,C037,2025-01-19
S03267,C018,2024-12-16
S00810,C025,2024-12-04
S07668,C012,2025-02-19
S00362,C027,2024-02-27
S03898,C004,2025-03-13
S06536,C040,2024-06-02
S06627,C039,2025-05-23
S07420,C028,2025-11-23
S08449,C033,2024-01-08
S05011,C005,2024-06-24
S06971,C040,2025-03-08
S04792,C048,2024-05-02
S02742,C027,2023-12-12
S07843,C044,2025-07-04
S01487,C006,2024-05-17
S03072,C048,2024-11-18
S06070,C027,2024-09-18
S08021,C022,2024-07-09
S08428,C030,2025-01-30
S06810,C046,2024-12-05
S02007,C024,2024-02-14
S00975,C043,2024-03-07
S03420,C047,2024-04-14
S06847,C042,2025-01-06
S01906,C041,2024-03-18
S00702,C040,2024-04-24
S03274,C043,2024-07-03
S00989,C037,2024-06-06
S06126,C038,2025-11-05
S04098,C014,2023-12-17
S06585,C039,2024-04-10
S02526,C003,2024-06-30
S02241,C049,2024-11-01
S01166,C019,2025-03-15
S08469,C002,2025-11-22
S04087,C029,2024-01-15
S04068,C007,2025-11-03
S04343,C001,2024-06-20
S02982,C036,2025-01-04
S09740,C038,2025-08-16
S06259,C046,2024-08-18
S08739,C041,2025-04-30
S00961,C025,2025-10-22
S07373,C012,2025-06-04
S03675,C003,2024-07-21
S06003,C049,2024-10-24
S03620,C036,2025-10-27
S05147,C032,2024-06-22
S05099,C042,2025-08-06
S03054,C028,2025-09-18
S06857,C008,2024-10-13
S06128,C010,2024-12-16
S04502,C019,2025-07-11
S06464,C030,2025-09-07
S01481,C028,2024-05-08
S03001,C026,2025-11-28
S06285,C012,2024-03-14
S09781,C019,2025-08-03
S00471,C042,2023-12-23
S05623,C024,2025-02-01
S06939,C038,2024-07-03
S08792,C010,2024-09-24
S01777,C027,2025-10-25
S02420,C043,2025-03-06
S04877,C050,2025-08-22
S05183,C030,2024-04-17
S09003,C031,2025-01-10
S01264,C009,2024-11-05
S09983,C001,2024-10-28
S04831,C050,2025-02-09
S09478,C016,2024-01-15
S04135,C010,2025-03-22
S02805,C032,2024-11-27
S09986,C002,2025-06-04
S09366,C043,2024-08-23
S02960,C013,2025-04-28
S02240,C033,2025-04-22
S01671,C049,2025-09-01
S02850,C032,2024-11-15
S01945,C033,2025-06-21
S09990,C016,2024-12-07
S09337,C004,2025-09-06
S00624,C046,2024-03-01
S07274,C012,2024-11-16
S08627,C002,2024-08-24
S09609,C015,2025-10-19
S07558,C001,2025-10-28
S05198,C011,2024-08-28
S04677,C027,2024-10-22
S08561,C015,2025-01-14
S07599,C045,2024-10-19
S01864,C012,2025-02-09
S01931,C004,2025-10-05
S08987,C004,2025-11-10
S03204,C018,2024-02-27
S07510,C015,2024-04-24
S07759,C018,2025-10-10
S04909,C046,2024-05-29
S04850,C023,2024-11-04
S00170,C001,2025-11-08
S00793,C045,2024-12-06
S02856,C046,2024-03-27
S02501,C042,2025-04-27
S01596,C009,2025-02-07
S02810,C040,2024-09-09
S08192,C039,2024-08-12
S07325,C033,2024-10-23
S06051,C032,2025-09-21
S08373,C019,2025-02-03
S07244,C030,2024-10-08
S05371,C009,2024-12-29
S07822,C049,2023-12-19
S01891,C012,2025-11-16
S06132,C028,2025-10-10
S04551,C019,2025-08-18
S05159,C013,2025-07-31
S05804,C043,2025-03-14
S01679,C012,2024-06-28
S08210,C043,2025-02-23
S05443,C029,2024-03-28
S07088,C040,2024-09-22
S05574,C040,2024-08-16
S05140,C011,2024-02-29
S05736,C021,2024-10-08
S05128,C032,2024-10-05
S03673,C016,2025-06-18
S01047,C041,2024-05-03
S06922,C018,2025-05-31
S06341,C001,2025-03-21
S08756,C015,2024-09-27
S08989,C035,2024-12-16
S07811,C029,2024-09-12
S03688,C005,2025-05-25
S08976,C031,2025-06-07
S01832,C020,2024-09-10
S07048,C034,2025-09-12
S05351,C047,2025-02-11
S03459,C008,2024-12-11
S03560,C043,2024-05-10
S07854,C031,2024-12-01
S00105,C037,2024-10-16
S01524,C022,2024-01-02
S07070,C013,2024-11-01
S03746,C047,2023-12-30
S07518,C031,2024-09-12
S04866,C004,2024-02-24
S08834,C003,2025-07-04
S02549,C044,2023-12-14
S04814,C035,2025-10-07
S02980,C034,2025-05-21
S08224,C041,2025-03-17
S05691,C008,2023-12-25
S02174,C026,2025-09-04
S09196,C001,2024-02-07
S09597,C021,2024-11-11
S02777,C046,2024-07-24
S09942,C015,2025-07-21
S05868,C017,2024-03-22
S05959,C020,2024-12-22
S01291,C021,2024-05-31
S05299,C044,2025-01-03
S09476,C041,2024-08-16
S03277,C014,2025-06-10
S04290,C030,2025-09-03
S09221,C017,2025-10-26
S04504,C042,2025-04-22
S06204,C017,2024-03-13
S06070,C044,2024-12-27
S03794,C042,2024-04-23
S02367,C041,2024-12-14
S07362,C042,2025-07-26
S05590,C043,2024-11-09
S05691,C037,2025-07-10
S03855,C042,2024-03-11
S06814,C039,2025-02-16
S02590,C019,2024-02-19
S05492,C028,2025-01-03
S08339,C005,2025-08-22
S03516,C006,2024-12-29
S08707,C035,2025-01-23
S06790,C021,2024-01-02
S09224,C015,2025-04-24
S06687,C027,2025-05-27
S01892,C037,2024-05-10
S08469,C046,2024-06-26
S01413,C033,2025-02-21
S07836,C016,2024-09-05
S00582,C031,2024-03-28
S01731,C001,2024-09-11
S06934,C025,2024-11-26
S05823,C048,2025-02-08
S06325,C009,2024-08-09
S03789,C029,2025-09-25
S02620,C031,2023-12-18
S04586,C005,2023-12-16
S08597,C007,2024-11-01
S01554,C003,2025-06-26
S08129,C013,2025-10-09
S07907,C025,2024-03-30
S01142,C048,2025-05-27
S05604,C034,2024-05-25
S03368,C018,2024-03-07
S08257,C026,2024-06-20
S00597,C019,2024-05-28
S03935,C021,2024-01-07
S02559,C020,2024-01-27
S04472,C025,2024-04-19
S02131,C044,2025-05-17
S01308,C014,2024-08-14
S02779,C038,2025-09-22
S06649,C025,2024-11-27
S00842,C043,2024-01-09
S09732,C029,2025-06-05
S03714,C014,2025-08-24
S05960,C039,2024-03-26
S03665,C018,2025-09-07
S08857,C003,2024-09-21
S03242,C026,2024-02-13
S00255,C013,2025-04-21
S00733,C005,2024-11-02
S06476,C016,2024-04-02
S05143,C050,2024-02-02
S02340,C021,2025-09-28
S00512,C001,2024-06-01
S03462,C030,2025-06-14
S06330,C026,2024-08-27
S08855,C047,2024-09-23
S01435,C026,2025-06-06
S09364,C028,2025-01-03
S00654,C036,2025-01-01
S06339,C020,2025-11-21
S04420,C030,2025-11-05
S08543,C031,2025-04-24
S00409,C043,2025-05-14
S02784,C017,2025-01-15
S07825,C008,2025-01-11
S00598,C037,2024-07-26
S04725,C033,2025-01-18
S02502,C021,2024-12-26
S07325,C014,2024-02-25
S01377,C017,2024-03-15
S06816,C031,2024-03-08
S00783,C028,2025-08-19
S04956,C003,2024-01-05
S09738,C034,2025-08-23
S00967,C050,2025-02-26
S09206,C027,2024-07-26
S06535,C011,2025-06-01
S08664,C045,2024-08-31
S09817,C026,2024-09-22
S01498,C008,2024-08-21
S05701,C020,2025-05-04
S02842,C011,2024-12-23
S03208,C005,2025-07-23
S00988,C004,2024-12-11
S05337,C029,2025-03-01
S01004,C025,2024-08-29
S07504,C014,2024-05-13
S02863,C040,2025-04-06
S04428,C039,2024-08-18
S01708,C013,2025-04-03
S09072,C031,2025-07-03
S04747,C037,2024-08-13
S01822,C018,2024-08-11
S08035,C030,2025-06-10
S05462,C016,2025-09-18
S04274,C015,2025-02-04
S08032,C039,2024-09-29
S04561,C017,2024-04-29
S07244,C049,2024-04-02
S09361,C010,2024-07-31
S05418,C038,2024-10-20
S04781,C001,2025-07-21
S09966,C040,2025-02-22
S00935,C049,2024-06-08
S01402,C041,2025-03-18
S02812,C008,2025-01-03
S01691,C015,2024-11-17
S08188,C032,2025-06-20
S02554,C035,2024-03-02
S00663,C029,2025-04-23
S07088,C012,2025-05-21
S00018,C045,2025-12-03
S04135,C021,2025-09-18
S00852,C034,2025-01-20
S07889,C011,2024-04-08
S09576,C023,2025-04-14
S05955,C049,2024-10-20
S04204,C036,2024-05-15
S02967,C022,2025-04-09
S09269,C009,2025-09-23
S00087,C029,2024-02-09
S02774,C006,2024-05-03
S08987,C020,2024-08-17
S09452,C038,2024-05-27
S07976,C022,2025-07-28
S03215,C026,2025-06-29
S07177,C033,2025-08-27
S07091,C027,2025-10-12
S07977,C009,2025-09-18
S06569,C017,2025-03-06
S09347,C043,2024-12-15
S05611,C048,2025-07-04
S07604,C024,2025-05-08
S04518,C026,2025-02-18
S06169,C014,2025-07-01
S04054,C044,2025-08-19
S02752,C030,2025-09-10
S03047,C034,2024-04-09
S08668,C011,2024-05-14
S08909,C020,2024-01-24
S04969,C015,2025-07-22
S08231,C004,2024-08-09
S09582,C038,2024-07-29
S09654,C017,2025-06-01
S03818,C045,2025-10-09
S03768,C008,2023-12-15
S05502,C034,2024-02-11
S08000,C006,2025-06-17
S05548,C029,2025-07-14
S00732,C047,2024-12-31
S04199,C030,2024-07-03
S03938,C032,2024-03-09
S03619,C033,2024-10-02
S09061,C009,2024-05-18
S09458,C006,2024-03-27
S05480,C039,2024-12-03
S07379,C049,2023-12-13
S04386,C009,2025-08-29
S00569,C008,2025-08-12
S05505,C019,2024-08-31
S08411,C009,2025-03-17
S08149,C003,2025-07-29
S02673,C027,2024-07-15
S04762,C043,2023-12-13
S07862,C037,2023-12-27
S09450,C028,2024-03-19
S00576,C002,2025-07-13
S08175,C049,2024-03-25
S07807,C024,2024-06-15
S08743,C006,2025-01-09
S04777,C048,2025-09-02
S03504,C026,2025-05-29
S01210,C027,2025-10-16
S09899,C038,2025-01-04
S09146,C023,2025-03-30
S08790,C038,2024-08-17
S06151,C047,2024-06-29
S04083,C012,2025-08-18
S02801,C041,2024-05-08
S08810,C043,2025-07-24
S01708,C042,2025-06-06
S02929,C013,2024-07-22
S09685,C011,2024-06-17
S03602,C014,2024-02-07
S01480,C019,2024-10-10
S09994,C016,2024-04-09
S09222,C011,2024-07-08
S02006,C028,2025-06-01
S05552,C005,2024-09-13
S02172,C039,2024-04-06
S05777,C033,2025-11-27
S09809,C038,2024-08-24
S06731,C035,2025-08-08
S06893,C014,2023-12-12
S01232,C003,2025-07-02
S02190,C042,2024-07-03
S04475,C020,2024-04-28
S08534,C023,2023-12-10
S08448,C018,2024-12-03
S00267,C022,2025-11-24
S03547,C007,2024-03-23
S05723,C008,2024-05-17
S05482,C048,2025-07-09
S09045,C004,2025-10-30
S09931,C030,2025-09-14
S09345,C010,2025-11-18
S05087,C023,2025-07-28
S04993,C004,2024-05-12
S03956,C034,2025-01-31
S01807,C019,2024-12-08
S07266,C038,2025-09-28
S00025,C026,2024-01-25
S00676,C021,2024-11-26
S06279,C016,2025-07-01
S01326,C042,2024-04-15
S01563,C023,2024-09-30
S06923,C002,2025-06-12
S04175,C042,2025-08-11
S05097,C011,2024-03-09
S04929,C013,2025-02-22
S09256,C028,2024-12-21
S00441,C048,2024-01-27
S09124,C039,2024-04-17
S08300,C047,2025-07-25
S04777,C036,2024-10-05
S09448,C046,2025-03-24
S01187,C041,2025-11-22
S05697,C011,2025-01-02
S07794,C029,2025-06-01
S06665,C036,2024-06-15
S08190,C002,2024-12-26
S08292,C020,2024-01-24
S07434,C048,2025-10-03
S01708,C006,2024-09-12
S04816,C035,2025-01-09
S05080,C019,2024-12-11
S07723,C037,2025-01-09
S03359,C036,2025-06-17
S02979,C048,2025-08-16
S00227,C048,2024-02-29
S04744,C047,2025-06-16
S00703,C021,2025-05-31
S05308,C020,2023-12-27
S04017,C008,2024-07-25
S02862,C042,2025-09-30
S06954,C040,2024-11-22
S06024,C046,2023-12-17
S03107,C010,2024-03-15
S03554,C005,2025-09-20
S01470,C002,2025-04-07
S02381,C032,2024-07-22
S06668,C026,2025-11-07
S08621,C026,2024-05-15
S03155,C002,2024-05-17
S01924,C038,2024-09-23
S05878,C043,2025-06-19
S02185,C048,2025-11-25
S04965,C036,2024-02-05
S02330,C035,2024-01-04
S09618,C020,2025-03-20
S08828,C031,2024-07-04
S03301,C042,2024-05-18
S07055,C031,2025-07-12
S07201,C042,2024-11-05
S01985,C027,2025-07-15
S09499,C042,2024-04-08
S09072,C042,2025-07-12
S07258,C011,2024-10-18
S07056,C032,2024-10-17
S04042,C005,2025-04-20
S01562,C050,2025-09-30
S03304,C024,2024-10-27
S09877,C010,2024-09-28
S04971,C048,2024-08-23
S05969,C038,2023-12-19
S02077,C016,2024-01-17
S00614,C023,2025-08-30
S06898,C031,2024-09-24
S08616,C001,2025-01-23
S06608,C042,2025-11-14
S01457,C038,2024-08-05
S09276,C015,2025-11-13
S06995,C009,2025-05-21
S04517,C042,2024-10-11
S09251,C018,2025-07-01
S05160,C041,2024-03-27
S03988,C049,2025-10-09
S07175,C005,2024-02-04
S03417,C019,2025-02-06
S03213,C017,2024-05-11
S04719,C042,2024-01-01
S01857,C017,2024-05-01
S00396,C044,2025-02-03
S03172,C037,2025-02-11
S03561,C037,2024-06-01
S01988,C001,2024-08-14
S08991,C049,2025-01-31
S02108,C034,2024-08-03
S01563,C018,2024-06-03
S09598,C049,2025-07-27
S05318,C031,2024-08-29
S04532,C039,2024-05-19
S02276,C031,2025-01-04
S07404,C004,2025-03-10
S03916,C041,2024-10-22
S06178,C005,2025-07-12
S00112,C045,2025-03-19
S00325,C034,2025-06-28
S08888,C001,2025-10-20
S07316,C020,2024-02-17
S06555,C035,2024-12-07
S05706,C048,2024-09-10
S02185,C008,2025-06-27
S07447,C025,2024-04-14
S08408,C001,2025-08-08
S08396,C017,2025-01-13
S09260,C037,2024-03-29
S08306,C015,2025-06-17
S04574,C049,2024-06-13
S05355,C014,2025-10-13
S05842,C014,2025-05-29
S06212,C030,2024-01-25
S04985,C047,2024-10-23
S06929,C029,2024-12-15
S08588,C023,2024-09-13
S02608,C004,2024-10-25
S05016,C019,2025-12-01
S03105,C010,2024-08-05
S04088,C040,2024-09-08
S05057,C031,2025-02-05
S06917,C015,2025-04-06
S08617,C043,2024-04-07
S00548,C026,2025-07-20
S00099,C007,2025-01-18
S01776,C046,2025-06-06
S08844,C031,2025-01-03
S05642,C020,2024-11-08
S08531,C043,2024-04-24
S04319,C026,2025-01-27
S01252,C038,2024-04-07
S05635,C015,2024-12-01
S04938,C006,2024-01-14
S02559,C049,2024-11-16
S00758,C031,2025-03-10
S01028,C029,2024-06-03
S02897,C011,2024-08-09
S06990,C007,2024-05-05
S06112,C012,2024-01-09
S09421,C033,2024-01-08
S03569,C050,2024-01-22
S04688,C027,2024-02-13
S01135,C015,2024-06-14
S04262,C042,2025-05-18
S02686,C043,2024-06-27
S05859,C045,2025-04-06
S02673,C021,2024-07-01
S00204,C010,2025-03-13
S05599,C001,2024-10-23
S02248,C028,2024-04-08
S03353,C003,2024-08-30
S07087,C038,2025-09-30
S09522,C039,2024-11-24
S04090,C049,2025-07-16
S01092,C016,2025-11-06
S00974,C030,2024-07-02
S08519,C029,2024-01-13
S02383,C032,2024-03-03
S05685,C021,2025-10-01
S09714,C007,2024-04-01
S08377,C011,2025-07-24
S04036,C014,2025-05-28
S03190,C014,2024-08-17
S05819,C040,2025-07-23
S05545,C002,2024-03-12
S08694,C015,2025-09-21
S04132,C043,2024-12-22
S08565,C050,2025-11-12
S03334,C023,2024-05-10
S09252,C021,2023-12-22
S01766,C028,2025-04-11
S03606,C016,2025-04-05
S08718,C050,2025-01-06
S00858,C044,2024-10-04
S02922,C038,2024-09-10
S07884,C031,2024-02-16
S04800,C012,2024-09-27
S08804,C047,2024-10-15
S05878,C007,2025-07-25
S06206,C031,2025-07-31
S01819,C012,2024-12-22
S05067,C037,2024-03-11
S00793,C020,2025-10-26
S06359,C006,2024-11-12
S04663,C021,2024-03-29
S01726,C005,2025-11-02
S05728,C043,2025-08-24
S02576,C050,2025-08-26
S02113,C022,2024-04-03
S07933,C028,2025-08-20
S01045,C044,2025-10-26
S00859,C020,2025-06-26
S04913,C018,2025-11-05
S01163,C011,2024-11-22
S00165,C005,2025-07-06
S01722,C033,2024-10-22
S00174,C022,2024-02-28
S09128,C014,2024-03-17
S00445,C038,2025-05-21
S04959,C025,2025-04-04
S05004,C050,2024-03-16
S02276,C044,2024-12-05
S09503,C020,2025-07-14
S02552,C006,2025-11-11
S03587,C028,2024-06-12
S06423,C035,2025-04-04
S03890,C034,2024-05-23
S01444,C027,2025-10-18
S05161,C016,2025-11-24
S04599,C035,2024-11-06
S08554,C007,2025-07-13
S08509,C020,2025-11-09
S00678,C041,2025-02-24
S08893,C039,2024-08-26
S02134,C014,2025-10-19
S06642,C005,2025-05-08
S03684,C025,2024-11-27
S00865,C016,2025-10-11
S01142,C017,2024-08-29
S01456,C030,2025-05-08
S00338,C019,2025-05-31
S09114,C034,2025-11-21
S04340,C046,2024-11-17
S05754,C013,2024-05-13
S08726,C007,2023-12-11
S03750,C032,2024-08-09
S03477,C048,2025-03-11
S00281,C003,2024-04-13
S06416,C026,2024-09-23
S08160,C034,2025-11-24
S01439,C040,2025-10-30
S09098,C025,2024-05-04
S04708,C045,2024-09-28
S00250,C028,2025-09-26
S01582,C038,2025-09-26
S07865,C036,2024-02-01
S01898,C007,2025-01-13
S05799,C013,2025-04-03
S01675,C047,2025-01-24
S00169,C040,2024-10-06
S01467,C003,2025-08-27
S08151,C035,2025-09-15
S00483,C038,2025-07-29
S03740,C050,2025-03-29
S07003,C043,2024-03-22
S02192,C008,2025-08-01
S04229,C010,2025-08-28
S07606,C006,2024-12-03
S09005,C010,2024-02-27
S04330,C005,2025-11-02
S09315,C002,2024-12-06
S08924,C032,2024-11-11
S06477,C021,2024-10-22
S03795,C004,2024-06-24
S08352,C024,2023-12-17
S05645,C008,2024-03-19
S01707,C036,2025-09-09
S06476,C040,2024-03-21
S03467,C009,2025-12-01
S01020,C037,2024-08-07
S01529,C019,2024-08-07
S09200,C020,2025-07-22
S09202,C008,2024-03-02
S08830,C003,2024-08-31
S09782,C035,2024-09-21
S00239,C024,2024-03-30
S08152,C046,2024-02-17
S00443,C013,2025-01-24
S02508,C031,2024-12-06
S01326,C026,2024-05-22
S01368,C027,2023-12-06
S09871,C037,2024-02-25
S06477,C025,2025-07-12
S09072,C033,2025-03-20
S01285,C008,2025-05-08
S05185,C040,2025-03-31
S02658,C033,2025-04-18
S00796,C024,2025-09-29
S03079,C034,2025-09-11
S09912,C009,2025-06-10
S09060,C008,2024-07-19
S01514,C029,2025-01-15
S01743,C020,2024-02-13
S00906,C011,2025-07-26
S03809,C028,2024-02-06
S00913,C038,2025-04-07
S02424,C029,2025-08-27
S04821,C005,2024-05-08
S03546,C050,2024-02-09
S08964,C028,2025-11-06
S02334,C005,2025-04-11
S03666,C033,2025-01-07
S02550,C050,2025-09-12
S08215,C036,2024-10-26
S02622,C007,2025-01-07
S00640,C007,2025-07-29
S00005,C049,2024-03-30
S02347,C028,2025-10-19
S08454,C002,2024-12-09
S08359,C016,2025-04-25
S03147,C020,2024-08-23
S04639,C048,2025-03-19
S06244,C015,2025-04-18
S08949,C043,2024-08-19
S00899,C042,2025-07-05
S00877,C046,2025-09-16
S03274,C049,2025-02-01
S06285,C024,2023-12-18
S03252,C042,2025-07-20
S08889,C026,2024-06-07
S06829,C005,2025-10-11
S03395,C021,2025-02-25
S03107,C041,2024-09-02
S04287,C018,2024-02-16
S08469,C036,2024-01-14
S06637,C049,2024-08-10
S01574,C026,2024-02-08
S02105,C013,2024-01-31
S02627,C002,2024-07-28
S02589,C010,2024-12-12
S08117,C029,2024-07-04
S02480,C035,2024-06-18
S05739,C017,2024-06-22
S04004,C038,2024-08-06
S02213,C035,2025-08-28
S03647,C019,2025-11-04
S07049,C002,2024-06-09
S09265,C023,2024-05-06
S02617,C049,2024-10-15
S01310,C019,2025-06-20
S09876,C036,2024-01-09
S05425,C021,2025-06-12
S08569,C014,2025-11-11
S06212,C049,2024-04-30
S09006,C018,2024-02-12
S08223,C020,2025-02-01
S02455,C015,2025-10-04
S04786,C004,2024-05-16
S02540,C022,2025-10-09
S00287,C003,2025-02-06
S09331,C006,2024-01-25
S05179,C005,2025-07-14
S04735,C005,2024-01-03
S02119,C049,2024-11-13
S02304,C024,2025-06-09
S08091,C007,2024-07-21
S01843,C009,2025-04-11
S08507,C025,2024-05-08
S08536,C034,2024-04-17
S01176,C019,2024-04-29
S03740,C050,2024-07-31
S00822,C004,2024-01-29
S02966,C036,2025-09-25
S01351,C008,2025-04-09
S01308,C037,2024-01-12
S08889,C012,2025-07-07
S04495,C037,2025-05-01
S09517,C015,2025-04-24
S06479,C042,2024-02-15
S07796,C049,2025-07-29
S04072,C019,2024-07-07
S06047,C004,2025-01-10
S04720,C011,2024-06-26
S07421,C026,2025-11-15
S05045,C028,2024-03-16
S03877,C003,2024-03-22
S09390,C032,2024-07-01
S01797,C030,2024-11-09
S02608,C026,2025-08-02
S07800,C024,2025-10-10
S09877,C023,2025-06-03
S04646,C007,2025-06-25
S08986,C007,2024-02-16
S03041,C019,2025-07-03
S07902,C050,2024-07-26
S04512,C045,2024-06-16
S01419,C029,2024-04-14
S06601,C028,2024-03-18
S07316,C042,2024-01-29
S03552,C044,2024-03-10
S04300,C032,2024-08-06
S03588,C043,2025-08-13
S08071,C018,2025-11-19
S06468,C031,2025-06-09
S05700,C026,2025-01-13
S09035,C032,2025-08-11
S09687,C010,2025-04-16
S09791,C036,2025-10-21
S02807,C008,2025-07-29
S04840,C029,2025-06-10
S02862,C019,2025-09-28
S03324,C017,2024-04-10
S02572,C024,2025-06-22
S00724,C021,2025-04-23
S09902,C029,2024-09-12
S04263,C042,2025-09-13
S05789,C012,2024-08-14
S05648,C010,2024-04-10
S02665,C038,2024-10-11
S03277,C035,2025-07-22
S01446,C004,2025-11-03
S00292,C046,2025-01-02
S06538,C017,2025-10-23
S02411,C022,2024-03-03
S01742,C008,2024-06-24
S00877,C029,2024-07-08
S06060,C050,2025-06-03
S08109,C004,2025-08-02
S08935,C026,2025-02-16
S04820,C035,2024-03-10
S05933,C030,2024-10-19
S08110,C023,2025-06-06
S01442,C002,2025-11-26
S00771,C019,2025-06-22
S07136,C024,2025-03-26
S09373,C043,2024-02-26
S04750,C036,2025-04-15
S00508,C045,2024-02-04
S02963,C018,2025-10-08
S02384,C038,2025-10-25
S01362,C006,2024-11-15
S07215,C035,2024-07-21
S01300,C014,2025-08-29
S02289,C034,2024-03-04
S09538,C018,2024-06-11
S03149,C023,2025-10-31
S01207,C007,2025-04-01
S00802,C014,2025-08-17
S04872,C039,2024-03-26
S01739,C018,2025-04-08
S08206,C012,2024-08-09
S01199,C038,2024-03-12
S02019,C032,2025-02-27
S03693,C032,2024-09-08
S05581,C016,2025-11-26
S04954,C007,2024-08-31
S04869,C009,2024-12-02
S08903,C039,2025-03-09
S03511,C030,2024-02-08
S00622,C008,2024-11-24
S05773,C027,2024-10-27
S07837,C029,2025-01-03
S07588,C004,2024-11-29
S06517,C012,2025-01-27
S07137,C045,2025-09-14
S06549,C020,2024-08-23
S01159,C027,2024-01-13
S07997,C038,2024-02-18
S01847,C028,2024-07-28
S08622,C015,2025-09-26
S00916,C017,2024-10-21
S05871,C043,2024-01-15
S08908,C045,2025-01-26
S08649,C005,2024-10-24
S04199,C035,2025-04-15
S03592,C019,2024-06-26
S05190,C013,2025-03-24
S06433,C016,2025-09-01
S06697,C042,2025-07-03
S03179,C014,2025-10-10
S03421,C046,2024-03-24
S05799,C038,2024-09-16
S05033,C003,2025-02-08
S05751,C024,2025-01-16
S08945,C036,2024-05-02
S05911,C012,2025-03-03
S04527,C041,2025-11-18
S06618,C022,2025-05-16
S04766,C009,2024-06-20
S06957,C001,2023-12-09
S02941,C032,2024-11-19
S07835,C034,2024-08-26
S02602,C006,2024-08-04
S03796,C023,2024-03-03
S05265,C047,2024-11-26
S02741,C032,2024-09-11
S06673,C011,2025-07-17
S06290,C032,2024-06-25
S05909,C048,2025-04-06
S03201,C039,2024-01-05
S06052,C011,2024-07-01
S09734,C046,2025-02-20
S09055,C028,2024-10-07
S07930,C002,2024-12-28
S05007,C046,2024-03-29
S03219,C035,2025-07-31
S00517,C041,2025-03-09
S09725,C031,2025-01-25
S07127,C046,2025-06-30
S05525,C042,2025-03-11
S07825,C049,2025-05-09
S08549,C023,2024-05-27
S06353,C020,2024-01-11
S01927,C046,2025-04-06
S09208,C013,2025-10-30
S08795,C007,2024-03-11
S01309,C047,2024-07-08
S03282,C010,2025-04-02
S06711,C049,2024-04-23
S09099,C038,2023-12-28
S05272,C048,2025-08-20
S07488,C010,2025-09-25
S06227,C015,2024-03-26
S09943,C024,2025-04-29
S00327,C035,2025-10-17
S09622,C016,2024-12-27
S05051,C018,2024-10-07
S01364,C020,2025-08-01
S07743,C014,2025-06-20
S08386,C040,2023-12-30
S01636,C021,2025-09-15
S07350,C028,2025-06-15
S09064,C009,2024-06-04
S04831,C009,2024-01-22
S03174,C030,2024-02-19
S04632,C045,2024-08-22
S01713,C032,2024-05-15
S01443,C005,2024-12-05
S01738,C038,2024-08-26
S05105,C028,2024-02-18
S07128,C020,2025-07-11
S09820,C001,2025-01-19
S04484,C007,2025-01-27
S01661,C035,2024-10-20
S00537,C013,2025-08-07
S08879,C047,2024-01-26
S08037,C044,2024-01-16
S03153,C042,2024-05-08
S05493,C034,2025-05-22
S02585,C048,2024-04-23
S09180,C037,2024-08-06
S05814,C038,2024-04-12
S02201,C046,2024-01-17
S00509,C030,2025-07-14
S07321,C019,2024-03-20
S00056,C040,2024-04-13
S09084,C042,2024-09-26
S07328,C046,2024-06-18
S09236,C044,2025-11-28
S04229,C047,2025-01-28
S08677,C007,2024-12-09
S05706,C004,2024-05-05
S07042,C016,2024-05-09
S02436,C043,2025-04-28
S00811,C005,2025-07-26
S04042,C012,2024-09-06
S08345,C015,2025-08-05
S08722,C017,2024-08-09
S08423,C008,2024-04-26
S00002,C016,2025-09-27
S09249,C016,2024-02-04
S02152,C035,2023-12-10
S05932,C037,2025-02-23
S02239,C031,2023-12-19
S06963,C024,2024-07-11
S04763,C001,2024-12-18
S05907,C014,2024-10-12
S06788,C041,2024-01-16
S09662,C019,2025-03-01
S09254,C044,2024-11-11
S01470,C015,2025-01-11
S02617,C047,2024-11-22
S03244,C038,2024-06-05
S05088,C031,2024-09-02
S05812,C007,2024-09-09
S09102,C007,2025-10-15
S07258,C024,2024-04-23
S08986,C008,2025-01-16
S09883,C024,2024-11-02
S06538,C034,2025-10-12
S02053,C046,2024-03-03
S02857,C020,2025-06-02
S09118,C006,2025-08-31
S06280,C035,2024-04-07
S06136,C014,2025-08-16
S03113,C029,2024-03-03
S00752,C033,2025-08-09
S06892,C028,2024-04-12
S01801,C011,2024-01-17
S03482,C014,2024-11-06
S00647,C019,2024-04-01
S00882,C017,2025-11-18
S03085,C042,2024-06-26
S04678,C006,2024-10-01
S07337,C038,2025-11-07
S07804,C041,2025-07-05
S02602,C042,2024-04-24
S08086,C030,2024-11-30
S04523,C044,2024-04-03
S09420,C028,2024-11-17
S02223,C007,2024-08-12
S07453,C034,2025-05-22
S04410,C014,2024-07-28
S06444,C037,2024-01-14
S09897,C029,2024-03-21
S03506,C023,2024-02-11
S00655,C021,2024-02-10
S01227,C025,2025-04-23
S06059,C005,2025-10-23
S03335,C008,2025-01-28
S09204,C021,2025-02-13
S09882,C002,2025-01-21
S09376,C027,2025-10-28
S04322,C017,2025-11-07
S01911,C040,2025-04-23
S05098,C010,2025-01-13
S08582,C004,2024-03-03
S02928,C011,2024-09-24
S06532,C049,2024-10-23
S08390,C037,2025-07-11
S00452,C022,2024-05-15
S01596,C049,2025-08-20
S05642,C021,2025-08-14
S06872,C001,2025-09-16
S05287,C042,2025-01-12
S01393,C015,2024-02-10
S01682,C040,2024-09-11
S04579,C041,2025-08-15
S02924,C001,2025-07-10
S02318,C006,2024-12-06
S08112,C033,2025-11-14
S00453,C021,2024-07-18
S07739,C036,2025-06-24
S07302,C045,2024-03-09
S04799,C041,2025-07-23
S02494,C008,2025-09-09
S08414,C032,2024-11-13
S07379,C018,2025-08-30
S08163,C043,2025-03-18
S05592,C010,2023-12-30
S00045,C034,2025-06-13
S04808,C005,2024-12-03
S07135,C014,2025-05-21
S01691,C024,2024-05-16
S06327,C036,2025-05-20
S02296,C003,2025-03-11
S01938,C016,2023-12-21
S02427,C001,2024-09-14
S03469,C047,2025-04-26
S04145,C041,2024-05-19
S05722,C038,2024-06-03
S06100,C047,2025-07-18
S01878,C039,2025-09-18
S01348,C008,2025-07-21
S05079,C035,2024-06-20
S02487,C007,2024-12-19
S02473,C007,2025-06-29
S00074,C011,2024-12-08
S05498,C046,2024-05-12
S00017,C024,2025-05-12
S01753,C006,2024-04-25
S04180,C020,2024-06-03
S03873,C037,2025-01-19
S03741,C009,2025-06-24
S05102,C001,2025-11-04
S08613,C045,2025-07-20
S00730,C041,2025-02-12
S00926,C004,2024-03-04
S03030,C007,2025-01-25
S07368,C033,2024-07-11
S02987,C009,2024-09-27
S02270,C004,2024-01-06
S01432,C018,2024-05-21
S03030,C036,2025-09-05
S04631,C006,2025-02-12
S04593,C013,2024-12-02
S05375,C009,2024-10-19
S05803,C026,2024-06-03
S07687,C009,2024-06-07
S04841,C023,2025-02-21
S06877,C028,2025-10-16
S02953,C042,2025-06-18
S09317,C034,2025-11-12
S08518,C044,2024-09-24
S05610,C025,2025-10-11
S00046,C024,2024-06-20
S02084,C002,2024-03-18
S08431,C045,2025-11-05
S05803,C009,2025-08-15
S00463,C041,2024-07-10
S07218,C011,2024-09-22
S05201,C014,2025-02-06
S08436,C022,2025-08-04
S05492,C036,2025-09-09
S03138,C006,2024-04-08
S05153,C009,2025-02-20
S07635,C005,2025-11-16
S02612,C009,2025-03-28
S04318,C019,2024-01-07
S08342,C049,2023-12-19
S09999,C006,2025-02-07
S01271,C009,2025-08-28
S09246,C002,2024-08-12
S09839,C014,2025-07-17
S09563,C018,2025-08-16
S00230,C045,2025-02-01
S02373,C021,2025-10-06
S08400,C042,2025-09-18
S07257,C048,2024-06-11
S09188,C031,2025-05-07
S05414,C016,2025-05-24
S06274,C012,2024-01-20
S09256,C008,2025-04-09
S00302,C041,2025-08-04
S09941,C024,2025-08-13
S09403,C041,2024-10-17
S07880,C003,2024-03-19
S09700,C044,2025-01-17
S02421,C027,2024-05-21
S01189,C042,2024-02-13
S04407,C017,2024-02-28
S08994,C035,2025-11-04
S03988,C015,2025-01-02
S03291,C007,2024-09-27
S06471,C002,2024-09-21
S08295,C042,2024-12-06
S04582,C001,2024-07-30
S01446,C009,2024-08-18
S04262,C028,2024-05-25
S05507,C037,2023-12-13
S03344,C037,2024-01-09
S09522,C023,2024-08-13
S07061,C016,2025-05-30
S09730,C025,2024-10-21
S08935,C026,2023-12-13
S00371,C018,2024-07-19
S05720,C002,2025-09-01
S06105,C018,2025-09-19
S03222,C025,2024-01-27
S01907,C037,2024-02-21
S03457,C025,2025-08-05
S02443,C042,2025-03-13
S00063,C027,2025-05-17
S01439,C036,2025-10-02
S06877,C018,2024-01-04
S06622,C025,2025-07-30
S02267,C027,2025-04-08
S08344,C005,2025-04-13
S04860,C044,2025-07-07
S06728,C026,2025-02-20
S08664,C034,2023-12-20
S09504,C037,2025-09-22
S08914,C021,2024-11-01
S09856,C025,2024-05-16
S02361,C048,2024-07-31
S07934,C011,2024-03-27
S08188,C034,2024-07-14
S07045,C024,2024-04-09
S00482,C029,2024-03-15
S01658,C041,2025-03-09
S06206,C016,2024-01-24
S08371,C042,2024-08-27
S04854,C002,2024-11-11
S09076,C039,2024-08-28
S01981,C012,2024-03-13
S09189,C014,2025-06-13
S09770,C023,2025-09-28
S05216,C015,2024-07-26
S08298,C041,2023-12-27
S03327,C027,2024-07-24
S09241,C033,2025-02-08
S02274,C030,2024-11-08
S09274,C005,2024-09-27
S00187,C043,2024-12-04
S08394,C022,2025-05-15
S05244,C019,2024-01-10
S09989,C015,2025-10-08
S03671,C026,2024-11-24
S05303,C036,2024-08-11
S07436,C006,2025-03-17
S00369,C034,2025-02-27
S01886,C005,2024-05-04
S01524,C035,2025-02-06
S01345,C021,2025-05-01
S00750,C032,2025-02-07
S08340,C021,2024-12-22
S02285,C041,2023-12-09
S07193,C017,2024-01-24
S03228,C018,2025-01-19
S03344,C045,2025-11-19
S06167,C041,2024-08-22
S01286,C031,2025-08-14
S07329,C045,2025-06-21
S02438,C040,2025-04-03
S08767,C040,2025-11-17
S04683,C024,2025-03-15
S07059,C012,2025-07-28
S00942,C007,2024-06-14
S01908,C022,2023-12-17
S05573,C026,2024-03-11
S07388,C029,2025-07-30
S01180,C010,2025-09-28
S03018,C032,2024-04-02
S07084,C047,2025-05-19
S07038,C041,2024-06-26
S09886,C021,2025-05-03
S01802,C042,2024-09-13
S01127,C028,2025-03-19
S00493,C006,2024-03-04
S05886,C046,2025-02-27
S06384,C033,2025-10-24
S09642,C047,2025-08-22
S05572,C006,2023-12-29
S08233,C032,2024-08-23
S08990,C028,2024-06-19
S07498,C045,2024-05-27
S05587,C049,2025-02-15
S02831,C017,2025-10-06
S05471,C013,2024-12-22
S01618,C017,2025-03-14
S08126,C005,2024-05-28
S08828,C032,2024-12-13
S03162,C014,2024-02-21
S08264,C001,2024-02-17
S05150,C029,2024-03-28
S01531,C040,2025-09-27
S07709,C048,2024-02-28
S05804,C035,2024-05-23
S03263,C042,2025-02-27
S07041,C044,2024-08-07
S09679,C050,2024-05-27
S08496,C001,2025-05-12
S08434,C016,2025-09-30
S02945,C018,2025-08-16
S07363,C034,2025-11-10
S04837,C026,2024-06-08
S06164,C018,2024-11-10
S07813,C038,2025-10-15
S04352,C019,2025-02-11
S07386,C028,2025-09-25
S02774,C026,2024-08-03
S08611,C049,2025-11-09
S01782,C019,2024-06-16
S09217,C049,2025-03-14
S02542,C050,2024-12-04
S00052,C019,2024-07-31
S03485,C019,2024-01-19
S08688,C025,2024-11-16
S08744,C010,2025-07-09
S02949,C029,2025-10-09
S00551,C020,2024-06-23
S07735,C037,2024-11-11
S08036,C043,2025-11-30
S07522,C003,2024-04-24
S06286,C018,2025-02-24
S00825,C043,2024-10-04
S06366,C012,2025-12-04
S05143,C010,2025-01-29
S04638,C044,2025-02-04
S08847,C046,2024-01-12
S07877,C016,2025-09-22
S08049,C029,2024-07-11
S02478,C047,2024-05-22
S04579,C031,2025-07-19
S02533,C022,2025-01-18
S00051,C004,2024-07-08
S05149,C024,2024-08-03
S00877,C042,2025-07-22
S04904,C013,2024-02-21
S06317,C017,2025-10-11
S00767,C002,2025-04-04
S09120,C017,2024-08-21
S02036,C027,2025-08-05
S00489,C045,2025-11-21
S05867,C013,2024-06-12
S09571,C005,2025-03-26
S04064,C049,2024-09-11
S00824,C050,2024-02-03
S01124,C038,2024-10-11
S06575,C010,2024-07-07
S02091,C037,2024-02-21
S02085,C025,2025-05-15
S03931,C009,2025-02-14
S07314,C009,2024-07-16
S04482,C042,2025-06-13
S08570,C021,2024-12-06
S02417,C033,2024-02-27
S07703,C023,2025-08-18
S06913,C037,2025-08-29
S00135,C049,2025-05-06
S02225,C034,2024-07-23
S04972,C034,2025-08-24
S00705,C004,2024-01-20
S00438,C022,2024-04-11
S09815,C023,2025-03-18
S04338,C022,2024-08-25
S06372,C040,2025-04-08
S08413,C048,2024-10-20
S07176,C030,2025-11-06
S04589,C022,2024-02-01
S09173,C022,2024-04-22
S09245,C004,2025-08-01
S09799,C018,2024-02-24
S00318,C006,2024-10-11
S06511,C036,2024-04-11
S06634,C003,2024-08-04
S06169,C007,2025-06-16
S07910,C016,2025-02-19
S04444,C037,2024-08-27
S06620,C005,2025-08-02
S02745,C015,2025-03-12
S02961,C042,2024-06-24
S02348,C008,2024-11-14
S08345,C023,2024-03-19
S02894,C042,2024-09-01
S09724,C043,2024-10-16
S07496,C023,2024-12-17
S09899,C016,2024-03-23
S04692,C009,2025-07-09
S03104,C025,2024-07-31
S08534,C047,2025-04-27
S05583,C019,2024-05-02
S06379,C025,2024-12-23
S09720,C004,2024-03-05
S02079,C029,2024-04-02
S06153,C006,2024-06-07
S04725,C014,2024-09-06
S00548,C022,2025-07-17
S01337,C022,2025-02-21
S08865,C027,2024-06-30
S05576,C016,2024-08-04
S03086,C021,2025-10-22
S01887,C036,2025-04-14
S08791,C047,2024-05-23
S06818,C018,2024-07-19
S00980,C018,2024-03-24
S05740,C018,2025-02-05
S00848,C010,2024-09-21
S06898,C032,2024-10-24
S03770,C023,2024-06-25
S04280,C035,2024-10-10
S08101,C017,2025-04-13
S06337,C029,2024-01-20
S09346,C038,2025-07-09
S08497,C008,2025-08-12
S04054,C004,2025-05-01
S07711,C023,2025-03-18
S01044,C005,2025-09-08
S05852,C003,2024-01-23
S02180,C044,2024-02-24
S09485,C029,2025-07-14
S09654,C013,2025-03-04
S00520,C048,2024-12-03
S01915,C050,2024-12-11
S04587,C021,2024-11-19
S08417,C026,2024-01-04
S03343,C005,2024-04-13
S07293,C039,2024-06-23
S05239,C003,2025-05-03
S06648,C015,2025-01-27
S03425,C005,2024-11-14
S04858,C045,2025-06-26
S09197,C047,2024-06-11
S03191,C043,2024-11-19
S06084,C013,2025-03-30
S02540,C033,2025-02-17
S06281,C040,2024-01-16
S09534,C036,2024-01-22
S01158,C027,2025-02-12
S08362,C024,2025-05-12
S08630,C050,2024-02-11
S06612,C029,2024-12-26
S05327,C046,2024-05-04
S06504,C041,2024-04-04
S02341,C045,2024-03-16
S07370,C002,2023-12-31
S08559,C033,2024-03-01
S02488,C006,2025-10-22
S05159,C043,2025-03-07
S01646,C039,2025-07-10
S01694,C030,2024-12-13
S00538,C007,2025-09-11
S01267,C016,2025-06-22
S09946,C001,2024-01-01
S03563,C005,2024-11-29
S07630,C047,2024-10-04
S03474,C032,2025-04-26
S09273,C037,2024-09-05
S03217,C049,2024-03-03
S07528,C008,2024-09-26
S09120,C026,2025-02-28
S03695,C045,2024-09-25
S01739,C023,2025-05-28
S02149,C023,2025-07-17
S03524,C046,2024-12-02
S01412,C050,2025-01-07
S04235,C037,2024-08-27
S05034,C031,2025-02-23
S04108,C045,2025-04-25
S02772,C038,2025-10-11
S09199,C033,2024-02-08
S01599,C047,2024-03-28
S06702,C015,2025-10-12
S06491,C020,2025-09-25
S03151,C010,2025-03-04
S03316,C017,2025-09-13
S01892,C043,2025-01-26
S07864,C035,2024-11-01
S06088,C001,2025-04-28
S03146,C019,2024-02-28
S08206,C003,2025-10-30
S01952,C006,2024-11-25
S00779,C033,2024-08-06
S07541,C026,2025-05-30
S00337,C008,2025-05-10
S08307,C038,2024-10-01
S01406,C013,2025-11-06
S09113,C017,2024-01-14
S02488,C034,2024-09-08
S04823,C036,2024-05-15
S04112,C009,2023-12-21
S04608,C011,2024-04-06
S01564,C044,2025-08-12
S02324,C026,2024-04-30
S05531,C045,2025-11-17
S01622,C019,2024-07-02
S03900,C013,2023-12-05
S09128,C002,2024-03-08
S06072,C045,2023-12-12
S08610,C011,2025-11-22
S00600,C014,2024-04-08
S02314,C018,2025-05-30
S04773,C012,2024-06-12
S00390,C001,2025-02-12
S07599,C006,2025-11-03
S07425,C029,2023-12-21
S09470,C001,2024-09-29
S05289,C035,2025-01-29
S05901,C032,2025-08-10
S01123,C017,2025-06-27
S09988,C024,2025-06-13
S02116,C042,2025-07-30
S02910,C041,2025-08-03
S05227,C013,2024-03-27
S09195,C032,2025-01-30
S07960,C017,2025-04-10
S02644,C014,2024-05-15
S08348,C015,2025-04-25
S08378,C016,2024-09-11
S06551,C002,2025-01-24
S06334,C015,2025-05-08
S06668,C004,2024-08-22
S06437,C012,2024-07-19
S03452,C039,2025-02-10
S01363,C031,2025-04-20
S06198,C045,2024-04-09
S06911,C011,2025-03-12
S00222,C028,2025-09-07
S07641,C018,2025-05-15
S09898,C018,2025-10-01
S07656,C018,2025-07-11
S05138,C033,2025-10-02
S08537,C023,2025-08-07
S06220,C020,2024-06-09
S08071,C016,2025-02-20
S05449,C026,2024-10-03
S00276,C002,2024-05-01
S08547,C048,2025-10-24
S05338,C009,2024-10-06
S03478,C034,2024-09-04
S07261,C003,2024-05-09
S02525,C044,2024-12-08
S05784,C016,2024-07-24
S07049,C043,2024-11-12
S00281,C005,2024-12-25
S02080,C016,2024-09-14
S00481,C041,2025-03-29
S01313,C002,2025-02-05
S08249,C003,2025-05-31
S07726,C008,2024-04-06
S02623,C004,2025-05-17
S06097,C012,2024-07-24
S08128,C037,2024-10-29
S00019,C014,2024-08-07
S01922,C035,2024-07-24
S04713,C039,2024-12-30
S06565,C036,2025-11-08
S02492,C036,2024-12-15
S07698,C028,2025-05-08
S07480,C015,2024-09-11
S02369,C026,2024-01-09
S07322,C007,2025-03-01
S04078,C037,2024-06-15
S05338,C041,2024-06-16
S04273,C020,2025-07-25
S06178,C028,2025-10-11
S06380,C029,2025-06-13
S08186,C036,2024-07-28
S01447,C033,2025-01-30
S06217,C048,2024-06-03
S04170,C012,2025-06-28
S09434,C021,2024-08-25
S00595,C027,2025-05-23
S09553,C050,2025-11-05
S08247,C047,2024-07-08
S00967,C005,2025-08-03
S05731,C046,2024-06-14
S00249,C017,2023-12-09
S05733,C033,2025-06-10
S00954,C003,2024-03-15
S02188,C044,2025-06-04
S03932,C039,2024-04-10
S00264,C027,2025-08-09
S03445,C008,2025-02-09
S02882,C031,2024-01-23
S03475,C027,2024-05-19
S01813,C044,2024-09-17
S05436,C040,2023-12-27
S06337,C048,2025-06-15
S03183,C034,2025-08-31
S07328,C020,2024-10-21
S02356,C029,2025-01-05
S06635,C010,2024-12-24
S04827,C045,2025-03-21
S02173,C039,2024-09-22
S06157,C014,2025-03-08
S06981,C010,2024-05-13
S09531,C008,2024-12-26
S01614,C044,2024-12-10
S02448,C015,2025-02-02
S04266,C002,2025-05-06
S05681,C009,2025-07-30
S09670,C006,2025-02-28
S01323,C047,2024-10-31
S01289,C020,2024-08-29
S02251,C025,2025-06-16
S04567,C022,2024-10-12
S00958,C008,2024-11-07
S09859,C024,2024-12-22
S07604,C014,2024-06-15
S03614,C044,2025-07-31
S05445,C009,2024-05-19
S03004,C022,2024-12-20
S01823,C010,2024-07-16
S08118,C026,2024-07-09
S01410,C044,2025-12-01
S04770,C015,2024-11-06
S04111,C017,2024-06-03
S07615,C019,2025-08-07
S07533,C003,2024-12-20
S09243,C047,2024-01-22
S09385,C021,2024-05-27
S06373,C030,2025-01-31
S08380,C032,2024-09-27
S04306,C001,2024-04-11
S09902,C033,2025-10-20
S09340,C001,2025-09-29
S06807,C021,2024-08-20
S04992,C011,2024-12-13
S00164,C022,2024-11-17
S07862,C031,2024-01-18
S08872,C013,2024-05-18
S06272,C036,2025-06-04
S05466,C029,2024-05-07
S04576,C033,2024-09-27
S07049,C050,2024-10-05
S07020,C011,2024-08-21
S02412,C028,2024-03-17
S07425,C035,2024-09-30
S05425,C025,2023-12-17
S08216,C037,2025-06-18
S02454,C015,2024-01-25
S00047,C015,2025-10-15
S04137,C044,2025-11-03
S03417,C012,2024-12-21
S08339,C014,2025-01-10
S01821,C022,2024-12-28
S07734,C036,2025-09-22
S06813,C033,2024-08-13
S06118,C008,2024-03-05
S05021,C032,2025-08-03
S02809,C029,2024-07-23
S03308,C022,2025-09-05
S04984,C021,2025-03-16
S03868,C030,2024-10-26
S05930,C033,2024-10-20
S01113,C042,2024-02-16
S04140,C037,2025-10-12
S01290,C007,2024-11-30
S07734,C004,2025-09-29
S01228,C046,2025-08-01
S05712,C046,2025-12-03
S05426,C029,2025-01-03
S05295,C009,2025-04-09
S00936,C034,2024-11-21
S06153,C040,2025-10-20
S00205,C028,2024-08-02
S09048,C012,2025-03-31
S00987,C023,2025-05-15
S07491,C044,2025-03-11
S05563,C041,2025-06-25
S00505,C021,2025-11-26
S07440,C047,2025-06-12
S05317,C027,2025-11-14
S05387,C017,2025-02-19
S02886,C041,2025-08-10
S00151,C039,2025-06-25
S03006,C048,2025-11-12
S06247,C039,2025-02-06
S00823,C030,2024-08-04
S07118,C030,2024-02-05
S05154,C013,2024-03-31
S08463,C049,2025-04-29
S05899,C029,2025-07-12
S08566,C036,2025-08-13
S05516,C046,2025-05-17
S02049,C032,2023-12-29
S01192,C015,2024-03-03
S03382,C029,2024-05-09
S06896,C018,2025-05-24
S08007,C023,2024-07-03
S09182,C014,2024-10-11
S06138,C011,2024-02-19
S00160,C018,2025-04-28
S07262,C004,2025-07-18
S05310,C048,2024-09-24
S03113,C001,2024-09-30
S03753,C049,2025-09-18
S01120,C005,2024-03-01
S06372,C042,2024-06-18
S02021,C031,2025-04-08
S01511,C005,2024-08-31
S02452,C048,2025-03-14
S06473,C046,2024-04-13
S04300,C029,2024-12-10
S06518,C019,2024-02-20
S02816,C049,2025-09-16
S06774,C003,2024-04-30
S07475,C001,2025-06-07
S09826,C002,2025-08-20
S01588,C029,2024-04-22
S09667,C025,2024-05-08
S01143,C008,2024-02-09
S03919,C011,2025-08-06
S05737,C030,2024-07-23
S02835,C044,2025-01-19
S00461,C045,2025-03-20
S02540,C047,2024-11-25
S07472,C004,2025-05-12
S09948,C021,2025-05-31
S00057,C050,2024-09-10
S06647,C049,2025-03-31
S08634,C020,2024-06-27
S01056,C023,2025-05-02
S04951,C009,2025-11-19
S00873,C028,2025-09-08
S09228,C015,2024-04-13
S05464,C023,2024-07-28
S04927,C027,2024-05-25
S02221,C009,2024-01-19
S05388,C035,2024-09-27
S05804,C015,2025-07-21
S02561,C007,2024-04-04
S01563,C021,2024-09-21
S09585,C006,2024-03-03
S06748,C016,2024-01-09
S08227,C038,2024-06-23
S02116,C039,2024-10-04
S03060,C001,2025-04-12
S03633,C028,2024-02-23
S09780,C028,2025-07-24
S03112,C005,2025-10-06
S03673,C033,2024-07-21
S06311,C034,2025-07-17
S08926,C043,2025-07-03
S04886,C023,2025-05-01
S06912,C031,2025-11-13
S02098,C024,2024-05-04
S08216,C034,2025-05-05
S06538,C008,2025-09-09
S01003,C044,2024-08-17
S05359,C016,2024-01-24
S05107,C015,2025-05-08
S06397,C037,2025-01-16
S07804,C012,2024-09-26
S00546,C049,2025-04-27
S05855,C034,2025-10-17
S09235,C028,2024-02-10
S08967,C014,2024-05-29
S05525,C022,2024-04-03
S04669,C034,2024-05-13
S00433,C038,2024-07-11
S00023,C023,2024-12-07
S09551,C026,2024-01-03
S08605,C033,2024-09-20
S09150,C018,2025-08-05
S04132,C008,2025-02-20
S07096,C048,2025-02-24
S08881,C037,2025-10-30
S03122,C034,2025-01-22
S06220,C028,2024-07-28
S05970,C004,2024-01-07
S03429,C014,2024-02-17
S01844,C044,2024-12-12
S07959,C011,2023-12-06
S05363,C002,2024-01-16
S09002,C031,2025-06-19
S04917,C004,2025-03-26
S00030,C006,2025-09-14
S00433,C041,2025-04-07
S06719,C020,2024-01-15
S03548,C007,2024-11-22
S01241,C035,2025-04-10
S07959,C009,2024-11-03
S07403,C045,2024-02-27
S04439,C045,2024-03-20
S02642,C018,2025-08-21
S05420,C014,2024-11-17
S07154,C035,2024-09-14
S05727,C006,2024-02-17
S05478,C043,2025-07-15
S03595,C045,2024-07-09
S01023,C003,2024-10-27
S05111,C050,2025-07-07
S08169,C050,2024-07-18
S05396,C020,2024-11-09
S00579,C036,2023-12-09
S05866,C027,2024-05-26
S01107,C002,2025-05-20
S04022,C042,2024-03-16
S02493,C029,2024-05-31
S07699,C009,2025-10-19
S07431,C041,2025-08-13
S05835,C031,2024-09-20
S03964,C040,2025-03-20
S01170,C047,2024-04-10
S08764,C004,2024-11-23
S09998,C031,2025-10-22
S06758,C042,2024-12-20
S03337,C011,2025-10-31
S03371,C032,2024-12-27
S00690,C004,2024-06-04
S03094,C021,2024-01-25
S02903,C018,2024-02-01
S03720,C002,2025-01-24
S08008,C043,2024-07-18
S07441,C045,2025-06-30
S06937,C017,2025-01-27
S07701,C012,2025-06-25
S04944,C034,2025-11-11
S07840,C006,2025-07-23
S03922,C041,2025-05-17
S06511,C040,2024-07-30
S06939,C002,2024-08-02
S06580,C013,2025-06-07
S08314,C032,2025-03-21
S08856,C038,2025-03-27
S09956,C047,2025-05-23
S06791,C034,2024-03-16
S00576,C031,2024-10-22
S01424,C016,2024-03-29
S04977,C003,2025-06-05
S00781,C042,2024-02-22
S02692,C041,2024-02-04
S03862,C018,2025-08-05
S05819,C046,2025-03-16
S07930,C004,2023-12-13
S03572,C024,2025-10-03
S06437,C012,2024-03-07
S02363,C044,2024-08-23
S02079,C024,2024-11-26
S07330,C021,2024-04-22
S06232,C023,2025-07-23
S06164,C043,2024-11-17
S06202,C039,2025-12-03
S07718,C004,2024-08-13
S06274,C029,2024-11-25
S06119,C023,2024-07-27
S06912,C039,2025-06-23
S06380,C002,2025-03-13
S00623,C046,2025-03-23
S02683,C048,2025-09-13
S05587,C040,2024-05-28
S06793,C013,2025-03-06
S01709,C033,2024-12-28
S01646,C014,2024-12-18
S03454,C042,2025-10-05
S02364,C050,2025-04-16
S01567,C041,2025-04-22
S01831,C013,2024-09-24
S05902,C022,2025-02-16
S03583,C006,2024-03-07
S07475,C040,2024-12-02
S06656,C017,2023-12-20
S08757,C042,2025-09-01
S04197,C006,2024-08-23
S02544,C050,2025-11-23
S07261,C021,2025-11-11
S08704,C043,2025-05-08
S07059,C039,2024-10-03
S01201,C025,2024-12-16
S07925,C014,2025-01-06
S05905,C010,2025-06-24
S07028,C007,2025-11-13
S09612,C011,2024-07-28
S08148,C035,2024-10-23
S09168,C036,2025-05-24
S01833,C038,2024-11-22
S06130,C047,2024-08-27
S06645,C006,2025-02-09
S00178,C049,2025-04-10
S07149,C015,2024-03-13
S00542,C009,2025-03-21
S01444,C040,2024-03-16
S02017,C016,2024-02-08
S02886,C030,2024-12-13
S01987,C021,2024-03-24
S05047,C004,2024-04-17
S01483,C033,2024-10-25
S05563,C014,2025-05-26
S04258,C012,2024-02-21
S06016,C021,2025-09-26
S05023,C020,2025-11-05
S02441,C044,2024-05-10
S02761,C035,2025-01-30
S08189,C016,2025-04-28
S02768,C032,2023-12-18
S08289,C030,2024-04-06
S02909,C015,2024-10-24
S01266,C019,2024-10-11
S06337,C003,2024-01-03
S04514,C038,2025-10-02
S07438,C048,2024-10-23
S09062,C008,2025-06-18
S08452,C041,2024-02-20
S01025,C024,2024-07-25
S00878,C023,2024-06-10
S00379,C030,2024-06-26
S09619,C019,2024-02-13
S01729,C033,2024-12-14
S06558,C047,2023-12-06
S01181,C045,2025-10-28
S01208,C037,2024-02-13
S02835,C008,2024-09-15
S00749,C048,2024-12-21
S07564,C015,2024-07-12
S01491,C040,2025-02-19
S08612,C031,2024-12-30
S07578,C012,2025-04-18
S02402,C037,2025-04-20
S05486,C047,2025-04-21
S01165,C019,2025-06-27
S09579,C025,2025-08-16
S06159,C011,2025-06-07
S00988,C007,2023-12-16
S05969,C034,2024-10-20
S03060,C019,2024-09-26
S06066,C003,2025-11-10
S09713,C028,2024-08-16
S03266,C007,2025-03-21
S07209,C035,2025-11-10
S04468,C010,2024-05-15
S00650,C037,2024-06-05
S07348,C003,2024-10-05
S01071,C009,2025-07-14
S08196,C002,2025-11-07
S07200,C007,2025-09-11
S03540,C038,2024-08-31
S08290,C040,2024-07-26
S04379,C040,2025-09-05
S00931,C026,2024-04-13
S00786,C007,2025-10-23
S00763,C006,2024-06-08
S06753,C002,2024-12-15
S08377,C001,2025-07-29
S09475,C028,2025-11-25
S04025,C014,2025-06-06
S01706,C004,2024-06-19
S01313,C028,2025-08-20
S05065,C001,2024-02-19
S03386,C047,2025-02-10
S08270,C027,2025-03-28
S06292,C043,2024-01-14
S07091,C030,2025-05-09
S07826,C041,2024-10-16
S02696,C022,2024-09-01
S07277,C018,2024-10-31
S08003,C045,2025-02-14
S08875,C009,2025-07-18
S00653,C005,2024-03-21
S05716,C004,2024-03-14
S04102,C026,2025-05-10
S06119,C047,2024-09-09
S00439,C031,2025-10-26
S04739,C001,2025-05-26
S00167,C044,2025-10-11
S00346,C050,2025-11-29
S03613,C004,2025-03-28
S00656,C004,2024-04-29
S07424,C019,2023-12-10
S07268,C003,2025-09-21
S06772,C035,2024-12-21
S08941,C050,2024-10-16
S00604,C003,2025-05-16
S00763,C010,2024-07-06
S01045,C016,2025-09-30
S03950,C038,2024-04-02
S06369,C044,2024-04-20
S08872,C012,2024-06-15
S04507,C035,2025-10-11
S05662,C001,2024-02-21
S04025,C010,2024-05-16
S02337,C041,2025-06-08
S00280,C036,2024-11-16
S09685,C007,2025-03-12
S04314,C038,2024-03-17
S06509,C014,2024-09-14
S09237,C021,2025-11-26
S08497,C045,2024-03-12
S07523,C037,2024-08-29
S07715,C016,2024-08-11
S02721,C006,2025-01-27
S00201,C029,2023-12-31
S03096,C048,2025-02-08
S07349,C042,2024-08-18
S01951,C031,2024-02-22
S02141,C044,2024-05-28
S06423,C020,2024-12-09
S09933,C007,2023-12-07
S06432,C009,2025-01-09
S05755,C008,2025-02-15
S01865,C043,2024-02-05
S05798,C031,2024-03-22
S02399,C037,2024-06-15
S08727,C009,2025-11-27
S06284,C008,2025-03-17
S04853,C025,2025-01-10
S08062,C035,2024-02-19
S04615,C004,2025-02-02
S05536,C045,2025-05-10
S03334,C022,2025-01-17
S06188,C027,2025-11-30
S03453,C049,2023-12-22
S06597,C001,2025-11-22
S09486,C042,2024-04-18
S07499,C035,2025-09-14
S07086,C015,2024-04-30
S04603,C023,2024-05-21
S09356,C033,2025-02-06
S00427,C049,2024-08-17
S00161,C050,2025-01-23
S04713,C015,2025-12-03
S08323,C034,2024-02-16
S04413,C037,2024-12-01
S03435,C013,2024-01-31
S00919,C038,2025-03-20
S05071,C010,2024-05-28
S09430,C039,2024-02-27
S05171,C032,2025-03-14
S03540,C040,2025-08-06
S09808,C027,2024-01-02
S00177,C043,2025-04-13
S08901,C040,2025-02-01
S03730,C032,2025-10-27
S00525,C016,2025-01-23
S01860,C038,2024-06-16
S04378,C010,2024-12-13
S02021,C023,2024-01-02
S02017,C026,2024-11-02
S01157,C046,2024-02-10
S09376,C033,2024-09-17
S05203,C050,2024-11-07
S04468,C020,2025-07-01
S06168,C016,2023-12-28
S02829,C010,2025-05-24
S07063,C034,2024-04-30
S01797,C012,2025-03-05
S03229,C014,2024-01-14
S05111,C002,2024-11-13
S03066,C013,2024-05-08
S04732,C032,2024-07-19
S06017,C039,2024-09-26
S00697,C035,2025-03-01
S09168,C042,2025-07-04
S07199,C015,2024-05-25
S03256,C016,2025-06-02
S06304,C012,2024-03-19
S04264,C035,2025-04-27
S04747,C030,2024-04-15
S01010,C025,2025-05-16
S08698,C010,2024-10-26
S06859,C027,2025-01-31
S03103,C034,2024-06-28
S03923,C031,2024-03-23
S04732,C046,2025-10-06
S04873,C023,2025-10-02
S08619,C021,2024-12-31
S03881,C048,2024-03-17
S08685,C010,2024-01-10
S01436,C022,2024-11-27
S03135,C002,2025-02-23
S04240,C043,2023-12-21
S07133,C001,2024-12-06
S00168,C008,2024-03-19
S05684,C014,2025-10-30
S05032,C024,2024-04-30
S05104,C004,2023-12-28
S09018,C001,2025-11-30
S05355,C026,2024-04-08
S06020,C047,2024-01-02
S05944,C030,2024-12-10
S03433,C022,2025-07-28
S08193,C010,2025-02-15
S01326,C021,2025-05-21
S02149,C022,2025-03-08
S04969,C036,2024-10-20
S00230,C031,2025-04-17
S02138,C039,2025-09-15
S07102,C042,2024-11-21
S04473,C021,2024-04-10
S05539,C001,2025-11-04
S07291,C050,2025-02-06
S07321,C018,2023-12-12
S06510,C006,2024-09-28
S05413,C028,2024-09-22
S00824,C040,2025-01-17
S01954,C030,2024-01-22
S02249,C046,2024-11-14
S04670,C048,2024-08-20
S03869,C023,2024-09-21
S09114,C020,2024-05-28
S09846,C033,2025-09-21
S05233,C034,2025-06-02
S07677,C022,2025-10-22
S06442,C010,2024-07-13
S08804,C024,2024-05-28
S01881,C021,2024-12-14
S04194,C046,2024-06-21
S07443,C021,2025-08-27
S07348,C037,2025-11-24
S00483,C010,2024-10-06
S09970,C030,2024-05-21
S03920,C040,2025-08-20
S08668,C028,2024-09-14
S08534,C038,2024-09-29
S06568,C023,2025-05-14
S00234,C007,2024-11-12
S03939,C011,2025-08-30
S02798,C038,2024-02-08
S08480,C033,2025-06-25
S03220,C015,2025-03-17
S09315,C048,2024-11-07
S04038,C010,2023-12-16
S04773,C027,2024-03-11
S08191,C050,2024-08-27
S01045,C044,2025-07-12
S05672,C038,2025-09-23
S03399,C007,2024-12-19
S01360,C032,2025-05-24
S05217,C048,2025-09-17
S02458,C023,2025-04-18
S04892,C038,2025-01-16
S03079,C020,2025-06-27
S08675,C023,2025-01-26
S04942,C010,2024-08-09
S01316,C038,2024-01-18
S04200,C024,2024-08-16
S00124,C005,2024-06-05
S07988,C023,2024-03-06
S03616,C048,2024-11-13
S04750,C049,2024-09-05
S02848,C003,2024-04-22
S03276,C043,2025-11-03
S04822,C018,2025-05-11
S06438,C036,2024-08-31
S04685,C047,2024-05-04
S08803,C033,2025-02-05
S03159,C012,2025-02-14
S04873,C005,2025-08-27
S05145,C045,2024-05-18
S05167,C017,2025-01-25
S02233,C047,2025-04-26
S02012,C024,2024-04-03
S09245,C023,2025-09-04
S05194,C007,2025-08-11
S05191,C029,2024-05-28
S04955,C048,2024-01-11
S03618,C004,2024-06-23
S00061,C049,2024-02-17
S09054,C031,2025-05-20
S05110,C023,2025-02-03
S07036,C032,2025-10-23
S03274,C004,2025-03-04
S07887,C040,2024-07-05
S03832,C017,2025-01-19
S04105,C030,2025-10-04
S02488,C024,2025-06-27
S05455,C027,2024-08-14
S03839,C040,2024-07-11
S01941,C017,2024-10-25
S05803,C004,2024-06-29
S02918,C006,2024-04-12
S02994,C034,2025-11-07
S01240,C001,2025-04-10
S00891,C009,2024-05-25
S02505,C026,2025-05-30
S01891,C032,2025-09-14
S04633,C024,2025-01-31
S01187,C045,2024-10-22
S06312,C029,2025-10-07
S03283,C034,2025-09-18
S05040,C047,2024-06-23
S02646,C017,2025-10-05
S03417,C040,2025-08-03
S03095,C019,2025-05-14
S06470,C049,2024-01-13
S07175,C030,2023-12-21
S00396,C021,2024-12-19
S08387,C001,2023-12-23
S02478,C032,2025-10-25
S01181,C007,2025-05-18
S03002,C013,2025-01-11
S03662,C031,2024-01-25
S03115,C019,2025-04-10
S03701,C035,2025-03-12
S03132,C041,2025-05-02
S02778,C020,2025-05-12
S07267,C049,2024-04-07
S09888,C005,2024-11-26
S00577,C043,2024-05-27
S03573,C037,2024-05-20
S01789,C028,2024-01-31
S02404,C049,2025-02-16
S09396,C010,2025-06-28
S00092,C021,2025-09-10
S05016,C025,2025-04-29
S07275,C013,2025-02-06
S02728,C029,2025-01-16
S07388,C031,2025-05-30
S03373,C018,2025-11-02
S09407,C003,2025-02-15
S03970,C048,2025-06-04
S04032,C044,2024-12-11
S05733,C015,2024-12-27
S01428,C033,2024-09-11
S09600,C049,2025-09-03
S04332,C029,2024-05-17
S06311,C019,2025-08-19
S01849,C043,2025-09-19
S01270,C034,2025-05-03
S04413,C005,2024-09-10
S04190,C007,2024-03-22
S07736,C012,2025-07-16
S08304,C028,2025-09-19
S06178,C027,2024-10-21
S07119,C048,2025-01-23
S06241,C027,2024-11-14
S05433,C003,2024-07-05
S00092,C023,2024-01-07
S04796,C024,2024-01-20
S08112,C049,2025-09-14
S08871,C038,2024-05-10
S03975,C024,2025-09-08
S02728,C024,2024-11-29
S00013,C032,2025-07-14
S07797,C015,2025-03-26
S07814,C023,2025-07-17
S02244,C039,2025-11-24
S09073,C050,2025-06-28
S09204,C039,2025-06-27
S05090,C013,2025-11-03
S09326,C017,2024-11-24
S04553,C040,2025-04-25
S00634,C026,2025-04-19
S04815,C043,2025-10-08
S03418,C047,2024-08-02
S09511,C048,2025-08-05
S03362,C002,2024-01-21
S04261,C045,2024-04-30
S04158,C019,2024-07-14
S09350,C008,2024-08-20
S05158,C036,2023-12-26
S01960,C032,2025-07-06
S01341,C032,2024-05-19
S06173,C029,2025-10-04
S08654,C014,2025-08-17
S05573,C015,2024-01-25
S05061,C031,2024-05-08
S03386,C038,2025-07-24
S01441,C005,2024-02-16
S08610,C004,2023-12-08
S08437,C040,2025-01-23
S00742,C013,2025-04-16
S00903,C005,2025-12-04
S00746,C001,2024-06-18
S00797,C004,2024-06-30
S00131,C007,2025-03-21
S06852,C039,2024-07-20
S02542,C009,2024-03-03
S02368,C027,2024-08-11
S09290,C046,2025-07-07
S01222,C047,2025-11-09
S08163,C021,2024-07-12
S08542,C003,2024-03-25
S01707,C020,2025-02-06
S07288,C006,2025-04-09
S04742,C017,2025-05-07
S01877,C003,2025-06-29
S05560,C026,2025-05-06
S08367,C003,2024-07-02
S08137,C021,2024-05-04
S03816,C017,2025-02-23
S00508,C010,2025-06-26
S09414,C042,2024-02-29
S07159,C044,2024-02-11
S08344,C026,2024-08-28
S00597,C039,2025-06-03
S07419,C028,2024-08-16
S05905,C006,2025-03-10
S05201,C036,2025-03-06
S00139,C039,2025-07-30
S03344,C005,2024-08-03
S09530,C011,2024-12-02
S03764,C008,2025-07-25
S02352,C001,2025-11-04
S02299,C011,2025-08-27
S03121,C031,2024-11-24
S07617,C005,2025-06-22
S03334,C048,2025-11-08
S02787,C036,2025-07-23
S08717,C042,2024-08-26
S02187,C012,2025-06-20
S08662,C012,2024-05-26
S09953,C016,2024-09-26
S00416,C003,2024-05-22
S04193,C024,2025-07-17
S01497,C020,2024-07-19
S00606,C013,2025-11-05
S07432,C039,2025-02-11
S02254,C011,2024-01-13
S03159,C028,2025-05-09
S09801,C011,2024-01-12
S02978,C042,2024-12-18
S08852,C001,2025-12-04
S04243,C035,2024-03-07
S08275,C043,2025-09-29
S06310,C027,2025-05-26
S00192,C029,2025-11-01
S09466,C047,2025-04-28
S07878,C021,2024-04-25
S09672,C050,2024-11-15
S03638,C006,2025-06-11
S02859,C039,2024-04-29
S09502,C029,2025-03-11
S05707,C039,2025-04-28
S09926,C028,2024-12-09
S03775,C010,2025-01-28
S03647,C025,2024-03-06
S05306,C028,2025-04-30
S00166,C023,2024-05-21
S02460,C033,2025-10-19
S06264,C043,2024-04-02
S06737,C042,2025-02-02
S05262,C043,2024-05-01
S07681,C039,2024-09-03
S05204,C040,2025-09-24
S00230,C045,2024-01-22
S05151,C006,2025-11-24
S04324,C034,2024-09-17
S02239,C041,2025-10-14
S00322,C032,2024-06-24
S00922,C019,2024-04-16
S00965,C001,2024-12-28
S05183,C039,2024-06-19
S05903,C036,2024-08-17
S09094,C042,2023-12-10
S06732,C047,2025-07-09
S07017,C031,2024-05-09
S08653,C007,2024-07-11
S05026,C025,2024-07-26
S02056,C012,2025-02-07
S00359,C017,2024-12-23
S07071,C035,2025-07-31
S01352,C022,2024-12-16
S05735,C020,2024-09-20
S03894,C021,2024-10-01
S04417,C013,2025-05-20
S00032,C028,2024-10-25
S01961,C018,2025-06-17
S06056,C018,2025-11-29
S07529,C036,2025-03-13
S04377,C025,2024-11-11
S02209,C018,2025-04-22
S01133,C030,2024-04-05
S02165,C050,2024-09-09
S00371,C013,2024-05-18
S06485,C035,2024-11-07
S06649,C033,2025-10-24
S06622,C002,2024-03-31
S04105,C048,2024-02-19
S01399,C007,2024-05-12
S08415,C036,2025-05-12
S06612,C019,2024-12-31
S03704,C024,2024-12-05
S01929,C015,2025-11-15
S08072,C002,2025-04-05
S06921,C034,2024-01-04
S08082,C033,2025-01-02
S07061,C049,2024-08-22
S06529,C047,2025-09-19
S08869,C042,2024-04-01
S07221,C049,2024-01-09
S04786,C029,2025-07-11
S00349,C040,2025-03-22
S06706,C011,2025-01-12
S02455,C025,2025-06-27
S07128,C002,2024-02-04
S01591,C034,2025-07-20
S02225,C030,2023-12-05
S06823,C045,2025-01-15
S01855,C014,2024-04-23
S07139,C026,2024-02-26
S08749,C025,2025-05-06
S01337,C011,2024-01-02
S00485,C024,2024-09-04
S09187,C004,2025-10-16
S06614,C047,2024-01-12
S00379,C032,2024-10-23
S08873,C049,2023-12-22
S07947,C033,2023-12-18
S06854,C006,2025-05-13
S02306,C022,2024-10-02
S07315,C048,2024-07-29
S05142,C043,2024-11-02
S03595,C050,2024-09-27
S00050,C035,2024-03-17
S02868,C006,2024-08-31
S05128,C022,2025-08-03
S03998,C018,2024-12-22
S07582,C020,2025-10-11
S08581,C028,2023-12-26
S09343,C047,2024-12-15
S07934,C017,2024-05-21
S09259,C004,2024-05-26
S07366,C038,2025-01-17
S02450,C031,2025-05-24
S05791,C005,2025-07-20
S05440,C026,2024-08-08
S02715,C047,2025-05-28
S03460,C019,2024-05-01
S08656,C040,2025-04-06
S09291,C028,2025-05-28
S03252,C013,2023-12-29
S00934,C033,2024-08-14
S07605,C033,2025-06-05
S03157,C015,2024-04-17
S03701,C031,2025-10-25
S01282,C023,2025-07-25
S02726,C040,2024-07-27
S02202,C023,2024-05-02
S04384,C031,2025-09-04
S04309,C011,2024-11-04
S08113,C036,2025-01-09
S08724,C010,2025-11-12
S00794,C033,2025-03-19
S09782,C030,2024-08-23
S05230,C024,2025-04-17
S06681,C009,2023-12-12
S08087,C025,2025-10-09
S05302,C014,2025-02-11
S09201,C009,2024-08-13
S09392,C033,2024-11-09
S06322,C010,2025-09-14
S00057,C009,2025-02-13
S02392,C044,2024-02-06
S06235,C044,2024-06-05
S03227,C028,2025-08-01
S06777,C030,2024-09-04
S04300,C019,2025-11-13
S09541,C019,2024-08-17
S06013,C023,2024-06-13
S04128,C024,2025-06-27
S04279,C040,2024-02-29
S06900,C012,2024-05-29
S02510,C005,2025-10-28
S04481,C025,2025-05-28
S06355,C019,2025-01-20
S04661,C050,2024-08-20
S09261,C016,2025-04-14
S09247,C012,2024-08-21
S01588,C042,2024-12-09
S00277,C044,2024-05-10
S02557,C038,2024-06-30
S01243,C045,2024-03-30
S06175,C047,2024-03-16
S03546,C050,2024-02-20
S00644,C019,2024-01-09
S05234,C024,2025-07-30
S06432,C033,2025-01-04
S04311,C033,2024-07-31
S08733,C050,2023-12-20
S04992,C024,2025-03-18
S04910,C027,2025-06-10
S03628,C042,2024-11-28
S01189,C044,2024-09-01
S06634,C015,2024-09-01
S09539,C017,2025-07-28
S06405,C040,2024-07-20
S08263,C028,2025-05-12
S09902,C039,2025-06-25
S01578,C002,2024-08-21
S08028,C010,2024-10-14
S05979,C039,2024-12-27
S04717,C014,2024-07-14
S08494,C016,2024-03-20
S08023,C040,2024-04-13
S03637,C040,2025-09-07
S03522,C038,2024-03-01
S09573,C002,2024-09-14
S03705,C019,2025-02-25
S02675,C029,2024-02-23
S08240,C032,2024-04-01
S06992,C020,2025-10-06
S00143,C031,2025-09-16
S08038,C003,2025-11-08
S08584,C034,2024-03-05
S00769,C024,2025-04-05
S06636,C024,2024-07-24
S05994,C028,2025-03-02
S03648,C040,2025-08-12
S04805,C034,2024-07-12
S08227,C022,2024-03-15
S02560,C045,2025-04-29
S06291,C048,2025-10-29
S05861,C049,2025-08-13
S07797,C029,2025-02-19
S08322,C028,2024-01-24
S00854,C002,2025-08-10
S03082,C026,2024-02-06
S07106,C031,2025-09-03
S09690,C026,2024-02-02
S04225,C043,2024-02-28
S05552,C001,2025-10-11
S01012,C029,2024-03-15
S08487,C002,2025-02-16
S09502,C035,2025-08-12
S05371,C031,2024-04-22
S00929,C037,2024-08-06
S08884,C042,2025-02-22
S07743,C003,2024-03-28
S04763,C025,2024-05-25
S05133,C018,2025-07-30
S05862,C031,2025-11-21
S01761,C003,2024-03-11
S09474,C026,2024-09-22
S00735,C007,2024-08-04
S08623,C037,2024-11-30
S04786,C021,2024-05-16
S06755,C018,2025-07-14
S03016,C005,2025-09-21
S06119,C007,2025-08-27
S08593,C002,2023-12-06
S03815,C050,2024-08-23
S03736,C020,2025-10-13
S01690,C018,2025-02-04
S09896,C010,2024-12-28
S01037,C011,2024-03-25
S07371,C016,2025-03-19
S02123,C049,2025-09-24
S06868,C012,2024-08-03
S06209,C008,2024-10-20
S00529,C043,2024-09-14
S05826,C008,2025-10-06
S01146,C032,2025-11-13
S03903,C012,2023-12-11
S09865,C034,2025-06-07
S03356,C026,2024-10-17
S04374,C005,2024-03-28
S02530,C014,2024-01-12
S04756,C021,2024-09-14
S08614,C029,2024-06-15
S03618,C034,2025-02-28
S02334,C047,2025-04-06
S09565,C037,2024-05-26
S02868,C006,2024-02-18
S04650,C005,2024-12-12
S05801,C033,2025-02-18
S07136,C047,2024-07-26
S00690,C047,2024-04-12
S06795,C041,2024-04-30
S09481,C014,2024-11-27
S07537,C022,2024-07-09
S03164,C018,2025-02-22
S07835,C006,2023-12-29
S07941,C050,2025-05-30
S01857,C006,2024-01-21
S06724,C009,2024-11-04
S01043,C008,2024-04-20
S00601,C002,2025-04-29
S07554,C044,2024-03-29
S02555,C029,2024-06-04
S07661,C029,2025-01-01
S08330,C045,2025-08-23
S00673,C048,2024-07-27
S09806,C001,2024-03-04
S06184,C029,2025-08-16
S06204,C032,2025-03-22
S06626,C016,2025-09-07
S05629,C043,2024-04-22
S06746,C031,2024-09-08
S07705,C040,2025-03-25
S06522,C034,2025-12-04
S08742,C012,2025-09-20
S09927,C013,2025-10-11
S09501,C039,2025-11-22
S08722,C049,2025-04-15
S06022,C043,2024-09-28
S00642,C016,2024-11-20
S09938,C047,2024-10-24
S09628,C048,2025-11-04
S09807,C021,2025-04-09
S07380,C030,2025-02-24
S08817,C005,2025-06-20
S08512,C009,2024-04-24
S02346,C008,2025-10-01
S06615,C027,2025-06-12
S09366,C031,2024-12-28
S01831,C005,2025-02-09
S04348,C026,2025-08-05
S04874,C024,2024-10-07
S06770,C049,2024-08-07
S01762,C019,2024-09-11
S08704,C020,2024-12-02
S00740,C003,2024-04-25
S01450,C030,2024-07-06
S06672,C033,2024-07-30
S01165,C011,2024-06-01
S06877,C004,2023-12-05
S04720,C025,2025-10-22
S03371,C010,2024-10-07
S02835,C013,2024-02-17
S07523,C050,2025-09-19
S07284,C050,2024-02-26
S08086,C004,2024-08-25
S03845,C025,2025-01-18
S06204,C043,2025-05-24
S01689,C004,2025-06-21
S06735,C010,2023-12-31
S04852,C012,2025-04-14
S07043,C020,2024-07-29
S07961,C042,2024-08-29
S05106,C023,2023-12-14
S07934,C046,2024-07-28
S00106,C011,2025-03-19
S06639,C039,2025-05-21
S07403,C041,2024-03-22
S08856,C004,2025-10-01
S09869,C003,2025-06-16
S00006,C046,2024-10-28
S03583,C018,2024-05-26
S04827,C007,2024-10-21
S00428,C027,2025-01-22
S01398,C031,2025-02-04
S04376,C012,2024-10-21
S06736,C007,2025-10-19
S07963,C031,2025-07-04
S03348,C042,2024-01-24
S02640,C010,2024-12-22
S04473,C016,2024-09-09
S01896,C044,2024-08-03
S04564,C029,2025-08-30
S07146,C043,2025-06-22
S00939,C001,2024-09-26
S06549,C023,2023-12-24
S07440,C004,2025-03-04
S09938,C011,2023-12-29
S00038,C007,2024-10-26
S05023,C014,2025-08-09
S05104,C004,2025-08-25
S08860,C049,2025-09-10
S07441,C012,2025-01-01
S01495,C013,2025-04-27
S01842,C030,2025-04-03
S07213,C001,2025-08-30
S05976,C005,2023-12-19
S03640,C029,2025-09-22
S03511,C039,2025-08-08
S04339,C049,2024-04-10
S05591,C024,2024-08-12
S05274,C044,2024-01-14
S00984,C037,2025-11-05
S00398,C008,2024-02-03
S02888,C023,2024-11-28
S06253,C006,2024-03-14
S07398,C030,2024-04-28
S03056,C021,2024-01-25
S01261,C016,2025-03-13
S04686,C049,2024-07-22
S01634,C017,2024-05-06
S00101,C033,2024-04-16
S02336,C009,2025-04-19
S09352,C049,2025-01-07
S04148,C036,2025-05-29
S03417,C038,2025-11-07
S04278,C015,2024-07-24
S09522,C023,2025-01-11
S04981,C031,2024-08-25
S09171,C043,2025-05-21
S03570,C041,2025-06-28
S03542,C034,2025-10-24
S09834,C018,2024-10-17
S04932,C004,2024-07-16
S09638,C009,2024-02-23
S01239,C027,2024-10-15
S09127,C023,2025-05-29
S04867,C038,2025-09-06
S03647,C002,2025-10-05
S01586,C006,2024-01-25
S03425,C039,2025-02-10
S09948,C033,2025-08-06
S03471,C021,2024-02-22
S09117,C034,2025-08-25
S07249,C025,2024-07-01
S01447,C013,2024-11-22
S00705,C004,2024-12-21
S00532,C006,2024-07-22
S05331,C047,2025-09-06
S01606,C014,2024-05-06
S02302,C028,2024-02-11
S07325,C029,2024-03-05
S02411,C044,2024-09-15
S00333,C029,2025-05-30
S01855,C021,2025-02-09
S07641,C032,2025-07-24
S07572,C039,2024-12-20
S05519,C024,2024-03-05
S00445,C027,2024-10-13
S01433,C034,2024-01-22
S02575,C002,2025-02-13
S08463,C015,2025-05-17
S05684,C025,2024-07-29
S05021,C014,2024-10-04
S02739,C022,2024-08-24
S07826,C021,2024-12-27
S00338,C026,2025-08-10
S05619,C031,2024-01-30
S02349,C041,2025-10-10
S06452,C013,2025-02-20
S02648,C020,2024-01-01
S01399,C027,2025-02-18
S05530,C025,2024-12-24
S07354,C046,2025-02-22
S00801,C047,2024-01-26
S01141,C011,2025-11-09
S01297,C039,2025-10-27
S08295,C034,2024-12-21
S08313,C043,2025-02-20
S04009,C011,2025-01-16
S04253,C009,2025-11-13
S06886,C018,2025-08-11
S02162,C041,2023-12-17
S07011,C028,2024-01-15
S07797,C006,2024-08-10
S05234,C046,2024-07-18
S04994,C018,2025-01-04
S08166,C039,2025-02-25
S00741,C031,2025-07-24
S01546,C015,2025-03-04
S08990,C031,2024-06-21
S05884,C019,2024-11-30
S07117,C026,2024-02-25
S03560,C010,2024-11-14
S05763,C050,2024-01-06
S03499,C019,2024-09-10
S08407,C001,2024-10-05
S00360,C047,2025-11-22
S00712,C018,2025-12-04
S07364,C008,2025-11-26
S01915,C043,2025-11-04
S06421,C041,2025-07-03
S04720,C049,2025-01-21
S07412,C043,2024-04-03
S06313,C035,2024-09-06
S01428,C009,2023-12-06
S07710,C031,2024-01-03
S08351,C038,2025-10-25
S02257,C035,2025-04-13
S09995,C007,2025-03-21
S06936,C023,2024-11-17
S02394,C003,2024-11-24
S00044,C034,2023-12-28
S07150,C001,2025-03-02
S07822,C050,2024-11-03
S08353,C014,2024-08-25
S06810,C040,2025-05-26
S07955,C033,2025-05-31
S05982,C050,2024-02-26
S08796,C025,2025-06-26
S05219,C037,2025-07-18
S05018,C041,2025-09-12
S01856,C024,2024-09-19
S00042,C038,2025-11-28
S08913,C031,2025-06-07
S01641,C034,2024-12-21
S04294,C023,2024-09-13
S09250,C036,2025-05-12
S02191,C042,2024-10-19
S09234,C045,2024-10-25
S09016,C011,2024-12-14
S00646,C019,2024-10-12
S02330,C032,2024-07-27
S00548,C039,2024-02-21
S01072,C011,2024-09-11
S09165,C028,2025-06-27
S02136,C014,2023-12-11
S02354,C001,2024-02-18
S08199,C025,2024-01-31
S06596,C041,2024-11-09
S01993,C009,2025-01-21
S07384,C020,2023-12-22
S04579,C042,2025-03-28
S09244,C024,2024-09-07
S07744,C021,2024-09-02
S05394,C025,2025-09-01
S07257,C026,2025-07-07
S02114,C010,2024-03-24
S05669,C022,2024-01-12
S08840,C036,2024-07-08
S05798,C008,2024-01-23
S04555,C001,2024-12-13
S03140,C025,2024-11-04
S04212,C018,2024-09-19
S03693,C046,2024-02-05
S00538,C011,2024-03-11
S09547,C004,2025-09-10
S03163,C012,2025-05-28
S02583,C019,2025-12-02
S06485,C030,2024-04-30
S03088,C028,2025-01-26
S07052,C022,2024-03-13
S07677,C037,2024-10-25
S03810,C046,2023-12-20
S01680,C040,2025-07-02
S09824,C015,2024-06-08
S09903,C022,2024-09-14
S06398,C016,2023-12-21
S03136,C042,2025-07-30
S09849,C018,2024-04-20
S05341,C029,2024-10-22
S09873,C022,2025-11-14
S01338,C007,2024-06-10
S07352,C050,2025-10-24
S06197,C004,2025-06-19
S08085,C039,2025-11-10
S09795,C009,2025-08-17
S03672,C041,2024-10-30
S08690,C028,2025-11-25
S03923,C022,2025-03-01
S03064,C010,2025-03-02
S08479,C025,2025-01-31
S08916,C020,2025-05-31
S04973,C003,2025-01-24
S02881,C030,2024-05-31
S06058,C039,2025-07-19
S08520,C003,2025-02-03
S03500,C020,2025-03-11
S05808,C038,2025-02-07
S03043,C011,2024-09-21
S09105,C046,2024-11-22
S07836,C040,2025-08-16
S02946,C025,2025-10-14
S01690,C031,2025-09-20
S07578,C034,2024-12-31
S04563,C026,2025-12-02
S00064,C050,2025-11-24
S00221,C040,2024-08-25
S06629,C049,2024-06-18
S01605,C028,2025-11-28
S00812,C017,2025-05-14
S06923,C015,2025-10-30
S00306,C044,2025-09-28
S01672,C028,2025-05-07
S03271,C012,2025-05-01
S02365,C024,2023-12-16
S06610,C021,2024-06-04
S00913,C038,2024-08-28
S08473,C012,2025-01-26
S04641,C011,2024-03-12
S09401,C012,2025-01-21
S00410,C014,2025-06-27
S04845,C016,2024-04-20
S00156,C016,2024-08-23
S06926,C042,2025-02-03
S00313,C030,2025-10-31
S02932,C017,2024-12-15
S02192,C046,2025-08-31
S03520,C001,2024-11-28
S07206,C017,2025-11-12
S07408,C041,2024-11-09
S02815,C011,2024-07-03
S08385,C012,2024-10-05
S06228,C037,2024-04-14
S03527,C046,2025-01-27
S03849,C022,2024-04-12
S08449,C015,2025-01-16
S06353,C001,2024-02-17
S06711,C041,2025-07-27
S00265,C015,2025-06-10
S04630,C023,2025-06-01
S00012,C024,2025-07-31
S02890,C010,2024-02-08
S00414,C048,2024-11-18
S01572,C032,2025-02-24
S01487,C017,2025-04-16
S05969,C015,2025-11-28
S03820,C008,2024-01-07
S07452,C001,2025-05-24
S00804,C018,2024-06-12
S02028,C021,2024-08-05
S08609,C040,2025-10-15
S09448,C011,2025-05-16
S00388,C041,2024-03-19
S05502,C002,2023-12-17
S02625,C002,2024-07-03
S06206,C007,2025-11-03
S02973,C019,2025-05-25
S07040,C034,2024-11-02
S02918,C031,2024-01-15
S07364,C039,2025-10-29
S09883,C049,2024-10-21
S05736,C009,2025-01-22
S00180,C021,2025-11-23
S07147,C025,2025-10-10
S04126,C023,2024-05-21
S02552,C021,2025-02-10
S08309,C007,2025-01-15
S07612,C043,2024-03-03
S03880,C014,2025-09-05
S01187,C008,2025-08-25
S01137,C027,2025-05-16
S06262,C046,2024-10-06
S04260,C033,2024-02-26
S09396,C026,2024-12-21
S00176,C036,2024-05-10
S09450,C003,2024-09-19
S01704,C015,2025-08-25
S08500,C025,2024-02-16
S01315,C011,2024-03-07
S02087,C050,2024-09-13
S04526,C028,2024-08-08
S08963,C003,2024-06-20
S02021,C001,2024-01-03
S05217,C040,2025-10-30
S09783,C014,2024-02-04
S06031,C006,2024-03-12
S05921,C015,2024-12-03
S00085,C027,2024-03-27
S05546,C048,2024-11-17
S06925,C006,2025-10-26
S09948,C014,2024-11-03
S07279,C029,2025-06-28
S07407,C045,2024-09-27
S03557,C010,2024-12-01
S08933,C029,2025-07-12
S00768,C010,2025-06-21
S05906,C036,2025-10-28
S06941,C010,2023-12-13
S00639,C016,2024-08-30
S01484,C013,2025-07-15
S03396,C046,2025-03-11
S08116,C028,2024-08-17
S09216,C023,2025-09-14
S07337,C014,2024-07-10
S07610,C021,2024-09-30
S04709,C045,2025-10-14
S07579,C025,2024-10-27
S00563,C048,2024-06-06
S00172,C046,2024-07-14
S02526,C038,2025-06-02
S03607,C018,2024-02-24
S09224,C011,2025-04-19
S08993,C038,2024-12-09
S03667,C033,2025-05-16
S05145,C003,2025-05-15
S01249,C027,2025-11-18
S04438,C002,2025-09-22
S02553,C014,2025-02-04
S04156,C025,2024-11-12
S02050,C030,2024-11-11
S02117,C039,2024-10-13
S03559,C046,2024-03-25
S04290,C034,2024-08-19
S06177,C027,2025-07-10
S02638,C008,2024-06-28
S09190,C023,2024-08-22
S04287,C038,2025-02-21
S00474,C018,2024-02-17
S08792,C021,2024-12-06
S00806,C026,2025-05-12
S01165,C017,2024-05-01
S06825,C013,2024-06-11
S02873,C024,2024-11-24
S09015,C025,2025-01-22
S03389,C026,2024-04-14
S05105,C029,2024-04-08
S06770,C011,2024-01-02
S09456,C021,2024-09-26
S05753,C009,2024-10-04
S07736,C042,2025-11-09
S00722,C035,2025-03-28
S04633,C040,2024-06-16
S06244,C013,2024-07-20
S09085,C043,2025-05-31
S06862,C015,2025-01-19
S01462,C039,2024-10-11
S09678,C006,2025-07-03
S03005,C030,2025-10-16
S01660,C026,2025-11-11
S00358,C008,2024-09-12
S05090,C039,2025-06-27
S02510,C004,2024-07-31
S06395,C038,2024-08-07
S07609,C003,2024-06-25
S05787,C011,2024-07-17
S03121,C039,2025-03-28
S04155,C006,2024-06-18
S08937,C006,2024-07-30
S05925,C049,2025-06-05
S05709,C013,2023-12-14
S06303,C043,2024-09-27
S00599,C033,2025-01-20
S04438,C015,2024-10-24
S02102,C001,2024-05-27
S02398,C009,2024-03-13
S03323,C010,2024-07-04
S07301,C033,2024-08-11
S02028,C031,2025-10-24
S01492,C032,2025-07-23
S05660,C039,2024-07-11
S01110,C006,2024-02-02
S03034,C033,2024-07-18
S03282,C038,2025-08-17
S06529,C034,2024-09-03
S08662,C031,2025-08-18
S00170,C023,2025-04-10
S07616,C030,2025-05-22
S06696,C004,2024-07-07
S01609,C047,2025-07-01
S02930,C014,2024-10-02
S02978,C047,2024-06-08
S09877,C028,2025-08-27
S07018,C011,2024-12-16
S02631,C039,2024-09-16
S01691,C037,2024-06-05
S02860,C013,2025-02-13
S09236,C015,2025-01-30
S00746,C035,2024-12-24
S07199,C011,2023-12-26
S02966,C015,2025-10-08
S06701,C021,2024-07-25
S06840,C029,2024-07-20
S05903,C020,2024-09-27
S06801,C001,2025-08-05
S05539,C040,2025-02-27
S06325,C004,2024-04-01
S07023,C010,2024-05-04
S03164,C030,2024-05-14
S09084,C011,2024-06-19
S02781,C003,2024-07-15
S06331,C049,2024-11-05
S06920,C008,2025-06-07
S04021,C049,2025-11-08
S07246,C018,2023-12-05
S02450,C024,2024-07-22
S08968,C027,2024-07-11
S06395,C008,2024-01-04
S09150,C006,2025-07-28
S07792,C011,2024-12-26
S09425,C006,2024-02-27
S01293,C021,2024-01-12
S00671,C037,2025-04-21
S04055,C030,2025-06-05
S06467,C018,2024-05-02
S03766,C031,2025-02-27
S03775,C040,2024-04-12
S00436,C025,2025-05-09
S03841,C046,2024-12-27
S04848,C001,2025-01-11
S04581,C047,2024-02-13
S01253,C042,2025-07-10
S04281,C002,2025-01-21
S01199,C011,2024-03-23
S08486,C032,2024-05-20
S06964,C042,2025-10-25
S05145,C007,2024-10-12
S01929,C011,2024-01-22
S06238,C049,2025-01-21
S02580,C025,2024-02-16
S05136,C025,2024-07-06
S07940,C034,2025-07-17
S02169,C017,2024-01-28
S01744,C024,2025-02-08
S09011,C021,2025-04-15
S03129,C036,2025-04-28
S05475,C036,2024-06-17
S07726,C024,2025-10-05
S03050,C041,2024-01-25
S07883,C007,2024-04-01
S02126,C024,2025-07-26
S06412,C049,2025-11-06
S02467,C026,2025-05-11
S05129,C020,2024-04-03
S04615,C016,2025-02-08
S02318,C004,2024-04-03
S07074,C025,2024-02-18
S08754,C050,2025-08-05
S06389,C019,2025-02-03
S09954,C049,2025-11-12
S03307,C001,2025-07-06
S08519,C004,2024-10-09
S01074,C024,2024-05-19
S07172,C009,2024-08-11
S09306,C050,2025-07-09
S01419,C028,2025-03-29
S01052,C027,2023-12-12
S03130,C044,2024-10-27
S09871,C002,2025-01-31
S00833,C014,2024-04-03
S08860,C023,2025-05-06
S03432,C025,2025-08-10
S03005,C003,2024-06-02
S04048,C038,2025-10-19
S06915,C041,2025-03-08
S08388,C036,2024-02-23
S02444,C008,2024-04-20
S08605,C032,2024-03-16
S01586,C023,2025-04-07
S03804,C012,2024-06-24
S06502,C047,2025-05-06
S07895,C008,2025-06-26
S07025,C033,2025-02-19
S04953,C041,2025-11-18
S08028,C016,2024-10-03
S01771,C050,2024-07-07
S08408,C043,2024-03-07
S08453,C045,2025-04-05
S00317,C011,2025-03-18
S02577,C039,2025-07-12
S09111,C047,2024-10-30
S07248,C038,2025-01-10
S06353,C043,2024-12-15
S09165,C020,2024-08-09
S07734,C040,2024-02-24
S02231,C025,2025-06-17
S06493,C031,2025-09-14
S02186,C028,2025-11-15
S05909,C019,2025-08-09
S01535,C001,2025-04-11
S09428,C025,2025-05-07
S00157,C014,2025-02-03
S03781,C022,2025-05-29
S09255,C024,2024-01-15
S00656,C048,2025-10-02
S00320,C029,2025-03-29
S02104,C035,2024-12-10
S00123,C033,2024-12-27
S06808,C020,2024-12-03
S08956,C036,2024-03-06
S03793,C033,2024-06-23
S03036,C045,2025-04-03
S07453,C020,2025-05-22
S08160,C043,2025-03-04
S05262,C036,2025-05-15
S08828,C014,2024-02-12
S08298,C012,2024-09-11
S01822,C047,2024-03-23
S06518,C045,2024-11-22
S02947,C038,2024-09-27
S04901,C022,2025-03-31
S06729,C046,2025-06-03
S01738,C011,2025-03-29
S04876,C022,2024-09-25
S09117,C047,2025-04-01
S00731,C020,2024-01-12
S09398,C043,2024-11-12
S03390,C040,2025-11-06
S05243,C021,2024-05-04
S04809,C013,2025-02-01
S03877,C036,2025-07-21
S04590,C034,2025-08-07
S08318,C014,2025-06-11
S05304,C048,2024-07-04
S02219,C028,2025-07-15
S09337,C008,2025-03-20
S00533,C031,2025-10-28
S05343,C005,2025-10-17
S04050,C037,2024-01-11
S01258,C002,2025-03-12
S05940,C012,2024-12-18
S02696,C020,2025-10-27
S02181,C004,2025-11-17
S00531,C006,2024-03-17
S00665,C049,2024-05-01
S06992,C010,2024-10-29
S00002,C002,2025-06-24
S03581,C008,2025-09-02
S05640,C029,2025-01-27
S03040,C010,2024-03-28
S04601,C009,2024-11-09
S03058,C025,2025-08-24
S08257,C004,2025-01-22
S02201,C025,2025-03-23
S07569,C002,2024-01-09
S06019,C011,2024-02-27
S09835,C008,2024-02-07
S04886,C045,2024-02-28
S05425,C046,2025-02-25
S01107,C003,2025-05-27
S07178,C017,2024-01-04
S04266,C034,2024-11-21
S05930,C011,2025-02-24
S00940,C006,2024-11-18
S01422,C007,2024-09-29
S02345,C013,2025-08-12
S05068,C043,2024-08-02
S05851,C002,2025-10-19
S04129,C009,2024-10-05
S04222,C003,2024-02-09
S08114,C029,2024-05-01
S08178,C008,2025-09-18
S08422,C030,2025-09-12
S03884,C047,2024-09-07
S02075,C014,2024-03-25
S09698,C030,2025-07-27
S00862,C023,2024-08-06
S03794,C026,2024-05-12
S07056,C019,2024-08-26
S06817,C045,2024-01-28
S06735,C030,2025-04-29
S09031,C020,2025-06-06
S07895,C004,2024-09-17
S08065,C028,2024-04-16
S07697,C027,2025-03-24
S08042,C044,2024-03-08
S01416,C004,2024-11-23
S07674,C039,2024-01-24
S06731,C035,2025-09-03
S05141,C031,2025-06-20
S06399,C034,2025-05-03
S03896,C036,2025-08-27
S07979,C024,2025-01-31
S04335,C032,2024-05-29
S08620,C039,2025-05-31
S08887,C036,2025-12-04
S04088,C041,2024-01-13
S08827,C021,2024-09-10
S08636,C012,2024-07-11
S00085,C029,2025-07-08
S00260,C009,2024-06-22
S01315,C027,2025-06-24
S07813,C022,2025-04-03
S01712,C033,2025-10-14
S02088,C040,2025-09-19
S01347,C011,2024-04-25
S01990,C046,2025-11-20
S05214,C047,2023-12-16
S09293,C046,2024-08-31
S08898,C040,2024-11-09
S08941,C023,2023-12-17
S01331,C034,2024-11-03
S04798,C006,2024-12-10
S08936,C049,2024-07-31
S03382,C034,2025-05-10
S02310,C019,2024-07-31
S09470,C006,2024-10-04
S09689,C046,2024-03-07
S07341,C041,2025-09-25
S08130,C005,2024-08-17
S06209,C042,2024-06-27
S05803,C023,2024-11-27
S00767,C005,2025-05-09
S03589,C045,2024-01-20
S08946,C014,2024-06-25
S01768,C023,2024-12-20
S00438,C008,2025-07-18
S08007,C014,2025-10-13
S08858,C031,2024-05-22
S04311,C005,2024-10-20
S01878,C004,2025-04-28
S07818,C012,2024-06-03
S05032,C049,2025-04-17
S08477,C026,2024-06-24
S02220,C042,2025-07-22
S06723,C049,2024-08-08
S08956,C011,2024-09-10
S00576,C029,2024-01-25
S02032,C037,2025-06-30
S05945,C047,2024-04-16
S03729,C043,2025-02-24
S09475,C012,2025-09-18
S05553,C004,2024-02-14
S07763,C032,2025-11-08
S00338,C048,2025-01-05
S09761,C016,2025-08-17
S04064,C034,2025-11-24
S04588,C044,2025-07-02
S09584,C030,2024-03-24
S06413,C045,2025-06-24
S04382,C008,2024-10-21
S07948,C008,2024-04-28
S03706,C016,2024-01-08
S00146,C032,2024-11-18
S03380,C045,2025-10-17
S07318,C037,2024-10-18
S07840,C018,2025-04-08
S09566,C020,2024-06-23
S01134,C027,2025-06-24
S09746,C009,2024-08-30
S02970,C006,2024-10-17
S09482,C017,2025-03-03
S01101,C019,2025-10-21
S04493,C018,2025-08-05
S05547,C002,2025-10-13
S01551,C036,2024-10-01
S03103,C028,2025-11-04
S04475,C027,2025-04-16
S01561,C012,2025-02-24
S08974,C037,2025-01-08
S02690,C031,2024-05-16
S00826,C047,2025-11-13
S04859,C030,2024-07-02
S06024,C041,2024-01-02
S07579,C018,2024-03-11
S02991,C042,2025-11-08
S03030,C042,2025-01-27
S02273,C049,2025-08-19
S02027,C037,2025-08-13
S05343,C007,2024-08-06
S05834,C046,2025-07-09
S02720,C018,2025-01-17
S08385,C003,2024-02-01
S07269,C017,2024-05-20
S02366,C037,2025-03-02
S00047,C038,2025-11-03
S06779,C045,2024-03-02
S00992,C035,2025-03-05
S08417,C022,2025-09-30
S03756,C042,2025-04-18
S08710,C027,2025-11-28
S05140,C004,2024-01-20
S01679,C020,2024-09-11
S02230,C021,2025-05-30
S06825,C044,2024-02-15
S02620,C005,2024-04-11
S07287,C035,2025-04-25
S02913,C008,2025-01-09
S04669,C012,2024-12-28
S03970,C039,2024-05-11
S07722,C017,2025-11-25
S02068,C017,2025-03-24
S03178,C005,2024-04-19
S08170,C011,2025-05-11
S02075,C029,2024-05-23
S06367,C013,2024-06-18
S06175,C003,2024-04-04
S05454,C013,2025-02-22
S09139,C047,2024-09-30
S06990,C048,2025-02-15
S01892,C021,2025-10-06
S03871,C020,2025-08-09
S09664,C040,2025-02-16
S04024,C045,2024-02-17
S02176,C013,2024-12-15
S06634,C038,2024-07-14
S04428,C047,2025-02-19
S01390,C026,2024-08-20
S06365,C032,2024-11-22
S03778,C018,2023-12-26
S08480,C014,2024-09-18
S06104,C004,2024-02-01
S06045,C010,2024-11-30
S02079,C033,2025-09-03
S02373,C030,2024-05-12
S01755,C023,2025-01-18
S07390,C046,2025-10-20
S04237,C023,2025-10-21
S03032,C047,2024-07-25
S04233,C022,2025-06-07
S09589,C024,2024-01-04
S08963,C013,2025-03-08
S06148,C023,2024-01-05
S06918,C022,2025-04-09
S09654,C029,2025-01-12
S01031,C013,2024-11-27
S09795,C009,2025-08-30
S01694,C026,2025-01-06
S08604,C045,2025-11-11
S06952,C031,2024-09-24
S03967,C036,2025-05-21
S05055,C049,2024-10-13
S02029,C028,2025-08-26
S07039,C045,2024-07-26
S01808,C044,2025-11-02
S01525,C039,2025-07-20
S03832,C033,2024-06-15
S03967,C007,2025-10-07
S06513,C031,2024-12-27
S08503,C033,2024-09-30
S07009,C045,2024-07-20
S08802,C044,2024-02-24
S04330,C029,2024-11-10
S05517,C026,2025-04-30
S06059,C044,2024-09-03
S06214,C026,2023-12-27
S02679,C009,2024-12-06
S08158,C027,2025-03-26
S06359,C002,2025-09-08
S06461,C037,2024-03-17
S09972,C036,2024-03-25
S00332,C038,2024-03-15
S01214,C036,2025-01-05
S02651,C025,2025-09-23
S07251,C006,2024-09-10
S01405,C018,2024-09-06
S07105,C003,2025-08-27
S03069,C034,2025-11-20
S09638,C047,2023-12-08
S03223,C026,2024-02-28
S00514,C049,2024-04-17
S00721,C030,2025-01-25
S02949,C044,2025-08-18
S04265,C005,2024-09-19
S02102,C021,2025-02-27
S03913,C028,2025-03-02
S00729,C049,2024-01-22
S09976,C032,2025-07-17
S07384,C011,2025-05-10
S00273,C016,2024-01-26
S03163,C021,2024-09-05
S00306,C049,2024-04-02
S08635,C012,2025-09-20
S08516,C035,2024-08-09
S07701,C038,2024-03-22
S00400,C013,2024-11-06
S08737,C034,2025-10-08
S08849,C020,2025-03-18
S06228,C039,2024-07-17
S07945,C042,2024-08-29
S03079,C001,2025-02-13
S00193,C009,2024-07-26
S03435,C036,2024-02-16
S09313,C013,2024-11-15
S04249,C036,2024-02-06
S09358,C002,2025-09-09
S06256,C036,2025-10-19
S06348,C023,2025-05-01
S02017,C037,2024-04-30
S02528,C041,2025-02-20
S01694,C033,2025-11-29
S07669,C003,2024-12-08
S07884,C035,2024-05-18
S02168,C029,2025-10-01
S08924,C050,2023-12-29
S09376,C026,2025-08-13
S00660,C007,2025-07-10
S00247,C011,2024-06-18
S07734,C007,2025-08-12
S09095,C028,2024-02-21
S01179,C024,2024-09-21
S02757,C012,2024-01-15
S00270,C029,2025-08-30
S08806,C012,2024-02-23
S04337,C028,2025-10-26
S03873,C023,2024-08-11
S09064,C041,2025-03-26
S02766,C008,2025-03-29
S06652,C022,2025-11-28
S08801,C040,2025-06-20
S09759,C023,2024-11-20
S05028,C014,2024-07-05
S00142,C046,2025-04-22
S00136,C037,2025-04-17
S01512,C032,2024-02-13
S03964,C040,2025-01-01
S00772,C029,2024-06-19
S04102,C024,2025-06-16
S08072,C045,2025-07-22
S04790,C023,2024-09-07
S04689,C021,2025-09-27
S01068,C030,2024-06-01
S05310,C026,2024-04-30
S04139,C026,2025-08-11
S08840,C025,2025-12-03
S03167,C032,2024-09-11
S06827,C027,2024-09-19
S03544,C006,2025-06-23
S07477,C013,2025-03-24
S00457,C018,2024-08-19
S07115,C049,2025-08-01
S08467,C045,2024-12-04
S04081,C027,2025-07-31
S03214,C001,2024-08-15
S09046,C019,2024-03-12
S02245,C044,2025-07-06
S06954,C038,2025-08-20
S05350,C035,2025-10-25
S07458,C040,2024-08-28
S09212,C044,2025-10-25
S05707,C016,2024-01-28
S09074,C022,2024-01-07
S04793,C023,2025-11-09
S00707,C039,2024-08-31
S06621,C007,2024-08-20
S00573,C010,2025-01-21
S08407,C004,2024-05-06
S04873,C020,2025-02-27
S09346,C047,2025-02-09
S01910,C027,2025-10-21
S02808,C013,2024-03-02
S01489,C034,2023-12-05
S08097,C003,2023-12-20
S05038,C038,2024-06-03
S08229,C016,2024-11-15
S09688,C018,2024-08-02
S09157,C001,2024-09-23
S05176,C002,2025-03-29
S05539,C047,2024-08-27
S04968,C015,2025-02-26
S05357,C009,2025-10-31
S08435,C019,2025-07-08
S02664,C024,2025-10-09
S04708,C044,2025-08-25
S05612,C038,2024-10-31
S09329,C041,2024-10-02
S02705,C021,2025-11-07
S09157,C022,2025-06-26
S06761,C012,2024-09-11
S06639,C038,2025-04-03
S00242,C040,2024-02-06
S08114,C003,2024-08-09
S05829,C012,2024-11-07
S00673,C011,2025-04-11
S09365,C027,2024-07-20
S07408,C046,2024-09-06
S03144,C044,2024-12-31
S00113,C039,2025-01-12
S04430,C030,2025-12-03
S09769,C026,2024-03-30
S00823,C045,2025-01-10
S01829,C045,2025-01-04
S00150,C005,2023-12-18
S05735,C031,2024-03-24
S04101,C041,2024-03-14
S03977,C026,2024-04-13
S03945,C017,2025-02-24
S02904,C017,2025-04-10
S02037,C003,2024-04-09
S07680,C001,2024-07-07
S02581,C023,2025-05-11
S00378,C008,2025-10-04
S04851,C021,2025-06-09
S08692,C040,2025-03-29
S02256,C010,2025-03-08
S07056,C018,2024-04-16
S00204,C004,2025-03-18
S05593,C039,2024-05-30
S06277,C019,2025-02-09
S00725,C028,2025-07-19
S06645,C048,2024-02-05
S07724,C039,2025-01-06
S03237,C002,2024-03-15
S09882,C004,2025-11-05
S00826,C019,2025-05-10
S05133,C021,2025-08-17
S01348,C010,2024-01-11
S06822,C033,2024-06-20
S07380,C042,2025-04-29
S05028,C026,2024-08-08
S07377,C030,2024-04-04
S00545,C037,2025-11-15
S05613,C001,2024-09-15
S08418,C033,2025-05-10
S09242,C001,2024-04-29
S07665,C006,2024-04-07
S03381,C038,2025-11-01
S04326,C020,2025-11-20
S02998,C016,2025-05-25
S03810,C042,2025-04-07
S03231,C044,2023-12-22
S06158,C032,2025-08-18
S08257,C005,2024-04-30
S03733,C004,2024-03-16
S07501,C003,2024-02-24
S05651,C021,2025-09-25
S09051,C012,2024-02-11
S07906,C005,2024-12-15
S05150,C050,2025-01-27
S00398,C009,2024-02-01
S05840,C004,2025-08-02
S06587,C038,2024-10-05
S01947,C020,2024-08-03
S09628,C028,2025-07-03
S02953,C002,2025-04-21
S04841,C021,2024-05-27
S04427,C047,2025-04-19
S01641,C040,2025-10-30
S07600,C015,2025-09-06
S09867,C050,2024-12-29
S08345,C032,2024-01-27
S04473,C010,2025-06-08
S06737,C029,2025-07-30
S08703,C008,2025-11-26
S04980,C034,2024-05-07
S04267,C045,2024-12-04
S08627,C021,2024-01-09
S08325,C038,2024-02-18
S00487,C003,2024-05-19
S07133,C027,2024-11-13
S09261,C001,2025-07-27
S08363,C010,2024-11-23
S04382,C042,2024-02-07
S05946,C039,2024-06-04
S06448,C012,2024-02-24
S06122,C032,2025-05-18
S08963,C031,2024-09-08
S03976,C003,2024-06-28
S06546,C025,2025-02-07
S04606,C010,2025-05-03
S00869,C003,2025-02-16
S07728,C005,2025-08-08
S03060,C034,2024-03-22
S08724,C039,2025-06-04
S03276,C040,2025-09-05
S06004,C027,2025-08-20
S09864,C033,2025-11-04
S01564,C036,2025-06-03
S06594,C013,2024-07-21
S08036,C046,2024-06-15
S06996,C017,2025-11-28
S07178,C026,2024-10-24
S00326,C021,2025-06-21
S01772,C010,2025-06-11
S00723,C007,2025-02-06
S05047,C004,2025-10-27
S03065,C049,2025-04-08
S04557,C018,2025-12-01
S02025,C017,2025-01-03
S00961,C033,2024-01-01
S03996,C039,2024-06-20
S06524,C045,2024-07-08
S01544,C027,2025-08-25
S03806,C016,2025-04-26
S06515,C025,2025-11-16
S00313,C046,2024-04-18
S05233,C041,2024-08-04
S01275,C050,2025-08-29
S06138,C024,2025-02-15
S05201,C040,2024-10-09
S01110,C021,2024-04-21
S06531,C047,2025-11-27
S06075,C025,2024-01-03
S03622,C021,2024-11-20
S06515,C038,2024-10-02
S03233,C019,2024-04-11
S07762,C020,2024-07-19
S07005,C010,2024-06-29
S07331,C017,2024-04-22
S02175,C006,2025-01-28
S04914,C038,2024-01-11
S05361,C040,2025-08-01
S07699,C047,2023-12-13
S03732,C021,2024-02-17
S04775,C008,2025-05-03
S02248,C020,2024-06-11
S07250,C047,2024-08-23
S09554,C040,2024-10-10
S06998,C004,2025-09-28
S08605,C038,2025-06-25
S05320,C028,2023-12-07
S02856,C047,2025-04-04
S02884,C001,2025-03-16
S02099,C038,2025-05-02
S01093,C047,2025-06-17
S00137,C023,2024-01-04
S00781,C045,2025-02-02
S02910,C015,2025-01-20
S08112,C005,2025-07-01
S03970,C014,2024-10-06
S07944,C042,2025-05-18
S08388,C042,2024-12-31
S09629,C044,2025-07-24
S00512,C018,2025-05-12
S05529,C021,2024-05-25
S06378,C017,2025-09-20
S02385,C017,2024-08-15
S04768,C025,2025-07-26
S05723,C014,2024-12-22
S03103,C035,2024-05-25
S06274,C004,2025-01-30
S05399,C026,2024-05-26
S03792,C005,2025-03-15
S09930,C039,2025-07-23
S00031,C023,2024-09-21
S03368,C022,2025-02-27
S05481,C016,2023-12-27
S08890,C037,2025-03-25
S00652,C026,2024-11-07
S03736,C031,2024-05-03
S04545,C044,2024-08-24
S04701,C037,2024-12-15
S04605,C037,2024-03-04
S03043,C011,2024-08-27
S01371,C013,2025-04-02
S04677,C006,2024-08-20
S06131,C013,2025-10-14
S09530,C028,2024-01-31
S09457,C014,2025-07-01
S07003,C014,2024-11-30
S00342,C033,2025-03-18
S00507,C030,2024-05-15
S03510,C018,2024-03-04
S09392,C039,2025-03-20
S06956,C026,2025-10-17
S06785,C014,2025-07-07
S02406,C017,2025-07-06
S01427,C031,2024-08-25
S06674,C043,2024-09-18
S06220,C019,2024-05-28
S00391,C040,2023-12-18
S04239,C027,2024-06-29
S05892,C026,2024-03-08
S04631,C018,2025-07-30
S03607,C036,2023-12-19
S07798,C021,2024-04-21
S01422,C012,2024-12-24
S00672,C019,2025-05-12
S01931,C030,2024-06-22
S01758,C001,2025-02-02
S02489,C008,2025-03-19
S00425,C037,2025-07-04
S01815,C021,2025-11-20
S03354,C001,2024-12-14
S07849,C011,2024-09-26
S09306,C049,2024-01-10
S01049,C016,2025-10-07
S01259,C021,2025-08-14
S04224,C017,2025-02-07
S06612,C030,2024-06-07
S07879,C013,2025-05-12
S00778,C004,2024-12-16
S02937,C050,2024-11-13
S00136,C016,2024-06-16
S09201,C019,2023-12-30
S05268,C016,2024-08-03
S04857,C005,2025-01-13
S07392,C020,2025-10-13
S02634,C041,2025-07-16
S09724,C005,2024-07-30
S04122,C043,2024-10-07
S06968,C013,2024-08-15
S06876,C011,2025-08-22
S09393,C035,2025-03-28
S02625,C028,2024-08-26
S09697,C039,2024-07-08
S09765,C018,2024-10-20
S05887,C019,2024-03-21
S05674,C048,2024-12-15
S03064,C043,2024-12-25
S04222,C017,2025-03-12
S03244,C032,2025-06-05
S01545,C017,2024-07-08
S02581,C014,2024-05-04
S03131,C004,2025-10-26
S04709,C032,2025-11-03
S08765,C037,2024-01-18
S01455,C020,2024-03-31
S03591,C040,2024-07-06
S08896,C014,2025-04-04
S03100,C031,2024-07-12
S00293,C050,2025-01-05
S02186,C042,2025-11-28
S09427,C011,2024-07-02
S09998,C050,2024-07-08
S06545,C036,2025-03-22
S07417,C001,2023-12-10
S07180,C032,2024-11-13
S09909,C040,2025-03-29
S03042,C022,2024-12-21
S04677,C043,2023-12-09
S08228,C034,2025-06-11
S08777,C038,2025-10-27
S04977,C032,2023-12-18
S09871,C044,2024-05-13
S06847,C012,2025-09-15
S03708,C012,2025-02-17
S05206,C010,2024-01-06
S03333,C027,2025-02-16
S06636,C040,2024-01-21
S05888,C037,2024-12-16
S01235,C035,2024-05-13
S05733,C043,2025-10-25
S08364,C009,2025-11-14
S00399,C008,2024-10-19
S07315,C002,2024-05-14
S07295,C048,2023-12-15
S04503,C032,2024-01-30
S03272,C008,2024-03-19
S05391,C016,2024-12-17
S06973,C023,2024-01-23
S09864,C033,2025-03-05
S09969,C047,2025-07-30
S01568,C030,2024-10-26
S06654,C017,2024-01-22
S09499,C034,2025-05-29
S09323,C047,2024-12-02
S07618,C031,2025-09-02
S03361,C025,2024-01-16
S00506,C007,2025-08-09
S09916,C004,2025-04-01
S06440,C046,2024-01-03
S03802,C022,2024-02-13
S03090,C008,2024-12-06
S04947,C025,2025-01-12
S08864,C026,2023-12-30
S05166,C040,2025-11-25
S00371,C017,2024-12-03
S07820,C027,2024-02-10
S03771,C019,2025-08-01
S08953,C042,2025-08-20
S09025,C008,2024-11-26
S00902,C032,2024-07-03
S07547,C046,2025-10-22
S07861,C034,2024-10-08
S09389,C013,2024-10-31
S00296,C028,2024-05-15
S06905,C026,2024-02-04
S08509,C037,2025-07-26
S00742,C038,2024-02-11
S09243,C018,2024-02-03
S01525,C021,2024-07-20
S04960,C018,2024-10-12
S02971,C001,2025-10-11
S04103,C023,2025-08-15
S01479,C023,2024-07-14
S05262,C041,2024-06-25
S07089,C007,2024-09-29
S01712,C047,2024-06-11
S09233,C026,2024-10-31
S05063,C047,2024-01-14
S02827,C011,2024-04-25
S08656,C047,2024-09-04
S00790,C020,2024-02-21
S04263,C019,2025-06-09
S00660,C006,2024-06-18
S06646,C007,2025-04-26
S09797,C042,2024-04-25
S07357,C018,2024-12-15
S07930,C007,2024-05-14
S05274,C042,2025-03-11
S02982,C027,2024-11-27
S05336,C010,2024-06-12
S01619,C011,2024-05-08
S01583,C040,2025-06-09
S05285,C005,2025-01-20
S02447,C040,2025-05-12
S09080,C049,2025-05-25
S03554,C029,2025-02-17
S04993,C047,2025-09-30
S03283,C036,2025-09-27
S03967,C037,2024-08-16
S09618,C048,2025-04-26
S02322,C021,2024-05-26
S09755,C008,2024-06-05
S00347,C047,2024-04-15
S09017,C031,2024-05-21
S01672,C024,2025-04-19
S01779,C043,2024-03-21
S06024,C049,2025-08-26
S04216,C014,2025-04-29
S01100,C002,2025-05-10
S09676,C037,2024-03-14
S02852,C029,2025-09-16
S01774,C016,2025-09-09
S09721,C009,2025-06-05
S09933,C046,2024-04-11
S07860,C027,2024-11-25
S08456,C028,2025-05-17
S04391,C015,2025-06-12
S04113,C049,2025-08-06
S07372,C008,2024-12-26
S00146,C024,2024-03-29
S06277,C020,2024-03-08
S09753,C034,2025-05-09
S08783,C008,2024-02-16
S01048,C009,2025-02-25
S09338,C020,2024-10-13
S01676,C017,2023-12-29
S07008,C005,2024-05-17
S06099,C008,2025-07-24
S01991,C019,2025-01-23
S03551,C017,2025-03-16
S03087,C031,2025-01-02
S09343,C026,2024-09-22
S03169,C027,2024-12-21
S09518,C049,2025-08-31
S06035,C038,2024-06-10
S05983,C040,2024-06-06
S07174,C011,2024-12-13
S08519,C011,2024-03-08
S07314,C007,2025-01-09
S01351,C017,2024-09-05
S01310,C002,2024-06-12
S00775,C028,2025-10-23
S07450,C009,2025-11-04
S04206,C045,2024-09-07
S00602,C011,2024-08-06
S09630,C029,2025-07-05
S06853,C024,2024-04-10
S02189,C016,2025-01-25
S04230,C048,2024-09-25
S05312,C050,2025-10-06
S01855,C028,2025-08-27
S05082,C048,2025-08-29
S06949,C024,2024-06-12
S07840,C017,2025-08-20
S00050,C012,2025-10-20
S09779,C027,2024-05-28
S01516,C042,2025-09-06
S01774,C032,2025-11-08
S03655,C017,2025-01-27
S03332,C033,2025-07-28
S06310,C043,2025-02-25
S05915,C002,2024-04-11
S00350,C009,2025-03-18
S06040,C020,2024-05-04
S06263,C023,2024-07-27
S08027,C004,2024-12-03
S01428,C026,2024-11-17
S06064,C039,2024-05-29
S02265,C003,2024-08-18
S09677,C004,2025-11-27
S03188,C027,2025-03-25
S04280,C021,2025-07-03
S06559,C024,2025-07-09
S03336,C039,2025-04-16
S08876,C035,2025-08-19
S03652,C048,2025-10-08
S08668,C026,2023-12-13
S00670,C050,2025-05-21
S05691,C016,2023-12-10
S02953,C039,2024-02-18
S02806,C035,2024-02-29
S02279,C002,2025-08-15
S01405,C018,2024-11-18
S09149,C045,2025-04-23
S01472,C009,2025-11-26
S02392,C027,2025-07-22
S04311,C033,2024-03-31
S05621,C050,2024-06-18
S06975,C034,2025-08-17
S09208,C009,2025-06-26
S06767,C017,2025-11-07
S02569,C003,2025-05-25
S03736,C024,2024-01-18
S06510,C001,2024-05-30
S09934,C003,2025-03-11
S01248,C009,2024-03-21
S01034,C026,2024-03-20
S08939,C045,2024-05-29
S01495,C033,2024-10-25
S00569,C035,2024-08-26
S01177,C005,2024-10-30
S04546,C006,2025-08-12
S02725,C024,2025-07-19
S02413,C024,2024-08-31
S05467,C045,2025-06-30
S03635,C035,2025-05-25
S00771,C031,2025-04-04
S03184,C049,2025-10-04
S06560,C011,2024-12-24
S04151,C027,2024-06-22
S02442,C026,2025-09-17
S03290,C002,2024-12-22
S03216,C041,2024-10-08
S08761,C048,2025-09-17
S03156,C015,2025-10-16
S05267,C017,2025-03-24
S07858,C050,2024-08-17
S09274,C049,2025-03-13
S02976,C048,2025-07-01
S07876,C020,2025-04-15
S03117,C003,2025-04-12
S06860,C015,2024-02-26
S03711,C045,2024-01-07
S00173,C011,2025-06-15
S08629,C048,2025-01-25
S02261,C038,2024-04-28
S01386,C039,2025-08-25
S00117,C028,2025-11-01
S02677,C014,2024-11-23
S07920,C010,2024-11-02
S09293,C023,2024-05-29
S01684,C005,2025-03-03
S07505,C030,2024-10-06
S00336,C017,2024-08-22
S09350,C050,2025-10-13
S04694,C002,2025-07-06
S04369,C029,2023-12-05
S00175,C036,2025-06-29
S07801,C023,2025-06-21
S05536,C033,2024-12-23
S02706,C039,2025-09-18
S01223,C035,2025-08-24
S08429,C047,2024-03-15
S02235,C044,2025-05-21
S04189,C007,2025-10-26
S06180,C010,2024-03-12
S01988,C034,2025-06-26
S00407,C007,2024-11-05
S04622,C046,2024-07-21
S06233,C019,2024-11-24
S04265,C047,2024-09-20
S04497,C037,2025-04-04
S04929,C009,2025-05-29
S06807,C008,2024-03-09
S00902,C045,2024-06-17
S04231,C020,2025-05-25
S05827,C006,2024-08-31
S00936,C045,2025-10-11
S03374,C005,2025-09-27
S09698,C026,2025-08-09
S05721,C004,2024-07-11
S04574,C040,2024-08-01
S05933,C012,2025-10-02
S07780,C023,2025-11-15
S05704,C024,2024-05-01
S03424,C022,2025-09-30
S06606,C010,2024-02-07
S06346,C013,2025-04-10
S09067,C013,2025-07-31
S01765,C045,2025-09-25
S08335,C034,2024-11-25
S04930,C033,2025-09-04
S05175,C033,2025-01-11
S01902,C046,2025-10-08
S03701,C007,2024-12-21
S03894,C034,2025-10-12
S07706,C043,2025-08-11
S09344,C015,2024-06-25
S03453,C034,2024-03-09
S05239,C046,2025-09-23
S04276,C035,2025-10-26
S05377,C002,2024-12-12
S07523,C002,2024-03-31
S08919,C004,2024-03-11
S05154,C045,2025-09-30
S02472,C003,2025-08-10
S07422,C041,2025-04-04
S01192,C004,2024-06-01
S03312,C023,2025-10-04
S09984,C027,2024-12-14
S08404,C021,2024-11-20
S00574,C029,2025-01-16
S08212,C032,2024-11-23
S05806,C021,2024-01-02
S06619,C034,2024-12-14
S09695,C017,2024-09-17
S07541,C021,2024-03-18
S01332,C033,2025-05-28
S03262,C021,2023-12-26
S07348,C019,2024-07-07
S08031,C008,2025-09-03
S03259,C009,2024-03-02
S05874,C040,2024-11-04
S07052,C037,2024-12-10
S06266,C048,2024-10-29
S09932,C001,2025-08-14
S08778,C011,2024-03-17
S02767,C008,2024-06-20
S03287,C036,2025-05-22
S02398,C045,2024-07-08
S00736,C037,2025-05-23
S09347,C037,2024-07-02
S08547,C022,2025-02-08
S07914,C046,2025-07-24
S00878,C048,2024-06-23
S03676,C048,2024-07-06
S07047,C032,2024-08-01
S07982,C023,2024-03-13
S01397,C035,2024-07-11
S00439,C045,2025-04-24
S06634,C016,2024-09-26
S01349,C014,2025-07-17
S08243,C007,2025-11-11
S00564,C049,2024-12-22
S09599,C045,2024-12-10
S07006,C018,2025-08-08
S03670,C009,2025-10-15
S07841,C030,2025-07-18
S03644,C026,2025-01-29
S00403,C035,2025-07-18
S02109,C050,2025-11-26
S05564,C002,2025-08-25
S03201,C013,2024-07-16
S03625,C022,2025-09-01
S04100,C031,2025-03-07
S02160,C047,2025-08-02
S01410,C042,2024-09-07
S06555,C050,2025-01-25
S03479,C018,2024-03-27
S06058,C027,2025-10-16
S00506,C013,2024-03-14
S06196,C041,2025-03-24
S06761,C030,2024-12-19
S06335,C012,2025-06-07
S03975,C035,2024-08-18
S06427,C027,2025-05-21
S05219,C037,2025-06-02
S07321,C044,2025-10-12
S00236,C034,2025-09-06
S01489,C038,2024-05-30
S02728,C046,2024-05-09
S02153,C031,2025-03-31
S06193,C006,2024-11-18
S03938,C008,2024-04-30
S02968,C022,2024-10-02
S09713,C031,2024-10-26
S07946,C019,2024-03-20
S09123,C009,2025-02-20
S05673,C018,2024-07-04
S00782,C023,2024-03-04
S04012,C014,2024-01-13
S00339,C015,2024-03-11
S08118,C039,2024-02-11
S04181,C027,2024-08-20
S01274,C027,2024-05-28
S02077,C028,2023-12-29
S09268,C020,2024-06-29
S02668,C047,2024-05-05
S03954,C013,2025-03-08
S06801,C039,2025-01-25
S06465,C049,2025-10-16
S01296,C004,2025-02-17
S07133,C049,2024-07-24
S05541,C049,2024-09-13
S00951,C039,2024-07-02
S05222,C035,2025-04-18
S03046,C003,2024-12-14
S01599,C024,2024-05-05
S04653,C002,2025-08-18
S01303,C036,2024-02-11
S03084,C044,2024-06-27
S00841,C035,2025-09-16
S02375,C048,2025-01-19
S09343,C011,2025-10-16
S08206,C006,2024-05-19
S01071,C004,2025-10-24
S01900,C046,2024-03-27
S06901,C023,2024-04-17
S07668,C021,2025-09-27
S09414,C047,2024-04-23
S01501,C003,2024-07-05
S05615,C045,2024-04-23
S09375,C028,2024-01-29
S01652,C014,2025-10-23
S05465,C013,2025-09-14
S00777,C042,2025-06-27
S02972,C020,2025-03-22
S05353,C007,2024-10-12
S04782,C013,2024-08-12
S06099,C006,2025-07-06
S09967,C018,2025-07-05
S02253,C029,2025-02-25
S01509,C039,2024-05-11
S01252,C019,2024-05-30
S05774,C007,2024-11-21
S03174,C014,2024-09-16
S02298,C038,2024-11-08
S03329,C026,2024-08-20
S00111,C024,2025-03-14
S03769,C005,2025-04-27
S09047,C006,2025-01-15
S00931,C014,2024-10-28
S06994,C014,2025-06-19
S04740,C018,2025-11-19
S00113,C042,2025-10-22
S01631,C049,2025-06-26
S04047,C029,2025-06-02
S07681,C004,2025-11-30
S09993,C039,2025-06-03
S00121,C041,2025-05-03
S04750,C046,2024-05-25
S05902,C002,2025-11-24
S03441,C035,2024-11-12
S00191,C005,2024-09-20
S07101,C013,2025-02-27
S04886,C002,2025-04-25
S09659,C030,2024-09-26
S02648,C003,2025-05-25
S02943,C042,2024-10-02
S02635,C028,2024-12-04
S03381,C008,2025-04-03
S02377,C030,2024-10-16
S08785,C036,2024-09-19
S08598,C021,2025-07-14
S01486,C032,2025-03-26
S02267,C011,2024-06-15
S09586,C014,2024-09-09
S03333,C045,2024-10-05
S05187,C040,2025-02-04
S07272,C021,2024-03-19
S02326,C007,2025-07-17
S04759,C018,2024-04-04
S00649,C004,2024-08-03
S06454,C021,2025-02-19
S04634,C006,2024-05-19
S02201,C049,2024-08-22
S09222,C006,2025-07-21
S03152,C025,2024-08-31
S06682,C024,2024-01-02
S03615,C016,2024-02-04
S05269,C016,2024-04-09
S07227,C035,2025-09-13
S08595,C003,2025-04-23
S07143,C012,2025-01-24
S05539,C017,2024-01-14
S04083,C046,2025-03-27
S04926,C014,2023-12-13
S09238,C040,2025-02-13
S01329,C045,2025-08-03
S02323,C018,2025-08-20
S06492,C033,2025-05-20
S06753,C003,2025-07-30
S09147,C004,2024-11-30
S08239,C046,2025-11-13
S09231,C018,2024-08-17
S03879,C005,2024-12-25
S06655,C031,2025-06-12
S03784,C041,2025-03-27
S04479,C015,2024-09-13
S01501,C046,2025-09-03
S06189,C031,2024-08-18
S05315,C003,2025-10-04
S08578,C047,2024-02-23
S08538,C017,2024-09-24
S02718,C041,2025-11-29
S08440,C028,2025-08-04
S07600,C038,2024-05-05
S00983,C009,2024-02-26
S05223,C012,2024-05-08
S05242,C014,2024-11-12
S07030,C024,2024-04-23
S01955,C043,2025-02-16
S01687,C022,2025-07-22
S03402,C038,2024-07-13
S06480,C043,2024-12-19
S04865,C037,2024-03-05
S08806,C015,2024-03-28
S02519,C012,2024-08-09
S05945,C023,2025-08-20
S04280,C032,2023-12-08
S06395,C043,2025-05-09
S06538,C034,2024-05-13
S08524,C029,2025-09-05
S04270,C029,2024-02-08
S08857,C006,2024-02-16
S07419,C010,2024-12-01
S06320,C048,2025-06-05
S02131,C050,2024-08-09
S08582,C026,2025-04-16
S09931,C022,2024-11-07
S09342,C033,2025-06-09
S00988,C018,2025-07-11
S01308,C036,2024-11-24
S02604,C004,2023-12-26
S04854,C033,2024-08-18
S00781,C009,2025-03-11
S07442,C012,2025-03-09
S01078,C047,2025-04-12
S08028,C040,2024-01-05
S06045,C017,2025-01-26
S04887,C044,2025-10-29
S09703,C045,2024-12-12
S00448,C015,2025-06-02
S02392,C010,2025-04-06
S03978,C016,2024-03-07
S06195,C031,2025-03-03
S00830,C032,2024-06-16
S01277,C047,2024-04-24
S04629,C035,2025-08-16
S05183,C006,2025-01-15
S03613,C041,2025-01-19
S01240,C005,2023-12-22
S07105,C024,2025-08-03
S04951,C012,2024-07-25
S08722,C005,2024-01-26
S05083,C026,2024-09-19
S00719,C021,2024-11-24
S06098,C044,2025-01-05
S03115,C032,2025-08-06
S01946,C018,2023-12-22
S03993,C036,2025-05-13
S04676,C025,2025-04-15
S08939,C001,2025-04-28
S09508,C031,2025-09-07
S05101,C003,2025-08-11
S03018,C050,2024-04-19
S00323,C030,2025-10-19
S00324,C001,2025-06-28
S09237,C037,2024-03-24
S08865,C006,2024-06-27
S06928,C011,2024-01-25
S08212,C016,2024-05-09
S03144,C025,2024-11-22
S04697,C022,2025-11-28
S02306,C029,2025-07-19
S05919,C037,2024-02-04
S07900,C006,2025-11-05
S05450,C018,2025-05-15
S05929,C023,2024-07-26
S09487,C046,2024-04-27
S00198,C019,2025-08-27
S02942,C007,2024-03-03
S02655,C017,2025-10-03
S07141,C028,2025-01-10
S01874,C006,2025-04-12
S08827,C008,2025-03-04
S06425,C036,2025-02-06
S02150,C001,2024-08-02
S09019,C035,2025-02-01
S00199,C040,2025-03-16
S08433,C043,2024-11-12
S05809,C015,2025-06-03
S07265,C043,2025-09-30
S07911,C037,2024-07-08
S05053,C018,2024-02-28
S05155,C044,2025-08-02
S05319,C033,2025-06-01
S04751,C036,2025-08-22
S07926,C015,2025-01-20
S08329,C004,2024-05-12
S05838,C020,2024-03-18
S07358,C038,2024-04-03
S09718,C018,2024-07-04
S03640,C039,2024-10-26
S04129,C031,2024-11-07
S06372,C041,2025-03-02
S04633,C023,2025-02-12
S01632,C044,2025-02-22
S06924,C010,2025-04-01
S01188,C037,2024-06-03
S04371,C030,2025-03-06
S09254,C049,2024-02-29
S05902,C003,2024-04-02
S08603,C010,2025-06-22
S04277,C036,2024-08-23
S04563,C031,2024-12-13
S00340,C015,2024-11-15
S05833,C013,2024-06-05
S06116,C032,2024-01-06
S09328,C036,2024-12-31
S06516,C006,2025-09-10
S04579,C032,2025-11-21
S06425,C011,2025-02-16
S02544,C049,2024-09-07
S05488,C046,2024-12-12
S08005,C024,2024-02-20
S09898,C023,2023-12-12
S01439,C036,2024-04-26
S01205,C034,2025-01-05
S08570,C022,2025-09-01
S03816,C030,2025-10-23
S03640,C031,2024-07-16
S05707,C044,2025-11-25
S01930,C049,2025-01-21
S04201,C021,2025-07-18
S01890,C008,2025-07-04
S06550,C002,2025-01-02
S09853,C034,2025-01-16
S03515,C047,2024-02-13
S09105,C027,2024-06-13
S09087,C028,2024-01-08
S09324,C033,2024-08-29
S08545,C016,2025-08-31
S00842,C024,2024-09-26
S02292,C047,2024-12-29
S05622,C035,2024-02-02
S07929,C037,2024-08-03
S09131,C035,2024-11-15
S04868,C009,2024-08-12
S03769,C001,2025-05-26
S05727,C026,2025-09-15
S02721,C002,2024-02-16
S04335,C013,2024-02-08
S03352,C010,2025-08-19
S07287,C034,2025-02-01
S05055,C047,2024-09-11
S03084,C025,2025-10-21
S02973,C024,2024-08-24
S07405,C042,2025-11-26
S01146,C002,2025-06-09
S05111,C021,2024-10-05
S05990,C048,2024-07-06
S06271,C036,2024-03-14
S04785,C039,2025-10-15
S03356,C048,2025-04-19
S06672,C015,2025-11-27
S02908,C007,2025-03-17
S02110,C024,2024-07-24
S00658,C041,2025-10-18
S06124,C033,2025-06-12
S02608,C029,2025-10-05
S00888,C029,2024-09-24
S03447,C035,2025-11-17
S00201,C022,2025-06-16
S08333,C039,2025-03-17
S06400,C010,2024-03-13
S08049,C022,2024-09-22
S07738,C046,2024-01-01
S02344,C020,2024-08-02
S03904,C034,2025-09-11
S09334,C022,2025-08-15
S06628,C028,2025-09-04
S02564,C002,2024-10-17
S00563,C035,2024-07-29
S06629,C032,2024-09-15
S00267,C010,2025-06-30
S00193,C023,2025-06-18
S07131,C036,2025-02-14
S07754,C003,2025-01-10
S02997,C025,2024-05-28
S05580,C050,2025-06-18
S06973,C022,2024-03-09
S06525,C013,2025-02-20
S02692,C011,2025-10-12
S01896,C019,2024-04-19
S05912,C031,2025-08-13
S00444,C025,2024-11-21
S04594,C031,2024-03-24
S03561,C025,2025-10-17
S00442,C039,2025-01-23
S06810,C002,2025-05-24
S09355,C037,2024-10-05
S03652,C038,2025-11-16
S04982,C045,2025-09-20
S04784,C008,2025-09-04
S05939,C034,2025-10-30
S05109,C012,2025-08-23
S09352,C003,2025-04-14
S06544,C018,2024-07-22
S09973,C016,2024-03-05
S09773,C003,2025-10-21
S08694,C009,2024-06-10
S05999,C039,2024-06-16
S03052,C038,2025-07-15
S02872,C033,2025-05-23
S00085,C019,2024-03-08
S02871,C005,2025-07-31
S02195,C026,2024-12-19
S03932,C011,2024-08-03
S02930,C035,2025-03-26
S09360,C041,2023-12-17
S00109,C002,2025-08-27
S05439,C012,2025-01-13
S00964,C035,2024-01-21
S02009,C031,2025-04-27
S02903,C015,2024-03-21
S02649,C017,2025-04-23
S08546,C007,2023-12-21
S01303,C007,2024-05-14
S01012,C021,2025-05-13
S06228,C013,2025-09-02
S03708,C041,2024-12-30
S05984,C040,2025-09-26
S04492,C010,2025-02-24
S01247,C020,2025-01-31
S07850,C021,2025-11-23
S02884,C033,2024-01-20
S04089,C008,2024-10-10
S00797,C024,2025-08-12
S09311,C048,2023-12-05
S07067,C012,2025-01-28
S01437,C026,2024-06-12
S02825,C043,2025-08-23
S01956,C009,2024-01-15
S05462,C046,2024-09-30
S06183,C048,2024-04-07
S09189,C033,2024-11-19
S01581,C021,2024-01-02
S04905,C046,2025-06-11
S00576,C013,2025-11-27
S04027,C049,2024-11-21
S06630,C026,2024-06-23
S02945,C020,2024-07-25
S01247,C003,2025-11-04
S03871,C025,2024-12-24
S08771,C038,2025-06-02
S06653,C024,2024-09-21
S04457,C037,2025-08-17
S04573,C045,2025-04-15
S01484,C040,2025-03-06
S05325,C046,2024-04-14
S02836,C041,2023-12-14
S02023,C013,2025-11-28
S04754,C048,2024-07-02
S06380,C017,2024-09-05
S07820,C034,2025-07-14
S04172,C016,2024-11-19
S09204,C033,2024-05-24
S01262,C041,2024-01-26
S01785,C042,2025-05-04
S01712,C035,2024-02-26
S02885,C034,2025-07-17
S08833,C011,2024-12-16
S00375,C013,2024-08-20
S00604,C005,2023-12-29
S02070,C001,2025-10-09
S05373,C041,2025-02-21
S05003,C022,2025-07-15
S00781,C007,2024-06-30
S08116,C045,2023-12-14
S03482,C044,2025-05-18
S07185,C018,2025-07-29
S00815,C021,2024-08-15
S06534,C035,2023-12-18
S04547,C024,2024-12-05
S08087,C036,2024-02-18
S08174,C044,2025-11-05
S03877,C046,2024-01-11
S08852,C012,2024-11-10
S04979,C042,2024-08-15
S02372,C001,2025-10-10
S00568,C003,2025-05-05
S03450,C041,2025-10-04
S09192,C043,2024-07-31
S09441,C039,2025-01-31
S01187,C012,2025-08-11
S08702,C018,2024-06-06
S07148,C048,2024-08-18
S00809,C036,2024-12-04
S00413,C014,2025-10-20
S05639,C044,2025-01-06
S00093,C007,2025-08-21
S06912,C003,2024-02-08
S05651,C008,2025-09-14
S06720,C005,2025-08-08
S09532,C024,2025-01-16
S05194,C006,2024-06-07
S09752,C014,2025-10-24
S09414,C039,2024-07-12
S09180,C044,2024-12-17
S07846,C049,2024-06-10
S02834,C045,2024-02-06
S08250,C001,2025-03-27
S04641,C034,2025-08-22
S04849,C016,2024-10-16
S05820,C044,2024-02-11
S02691,C004,2024-11-16
S05749,C034,2024-03-25
S09551,C033,2024-06-19
S01630,C007,2024-08-15
S05804,C043,2024-03-05
S05678,C004,2024-09-27
S06168,C025,2025-01-30
S02930,C024,2025-03-14
S05381,C034,2023-12-08
S07319,C017,2024-06-01
S06996,C011,2025-04-25
S01166,C047,2025-11-28
S03926,C001,2025-01-05
S03791,C008,2025-01-24
S07277,C005,2025-08-18
S03834,C023,2025-06-11
S07267,C022,2024-04-08
S09705,C048,2023-12-28
S03157,C018,2024-07-17
S05177,C033,2025-02-16
S00962,C039,2024-02-29
S03158,C030,2024-06-09
S08276,C049,2024-04-21
S08938,C003,2025-09-24
S06431,C034,2025-06-04
S06476,C042,2023-12-30
S01136,C018,2024-09-25
S01014,C006,2024-01-09
S03676,C046,2024-04-06
S00004,C046,2025-04-01
S02122,C032,2024-05-01
S08636,C008,2025-06-30
S01041,C039,2024-12-12
S08665,C043,2024-10-06
S08467,C034,2024-05-02
S03005,C021,2024-03-13
S00524,C036,2024-10-28
S06911,C031,2024-06-16
S02345,C050,2025-11-05
S07478,C034,2025-07-06
S01081,C024,2025-09-04
S03820,C012,2025-07-28
S01964,C007,2023-12-09
S09006,C048,2025-09-08
S02127,C020,2025-01-01
S02188,C004,2025-01-04
S06844,C002,2025-10-25
S02906,C035,2023-12-24
S07519,C020,2025-01-03
S07395,C036,2024-09-14
S06390,C050,2025-11-22
S08094,C050,2025-03-13
S00202,C031,2024-05-13
S08814,C041,2025-06-06
S07871,C031,2025-05-16
S07958,C024,2024-03-10
S00762,C027,2024-08-03
S09879,C040,2024-04-09
S01472,C025,2024-05-22
S09826,C040,2025-09-20
S04154,C017,2025-04-30
S09920,C024,2025-02-18
S04842,C017,2025-11-02
S03124,C016,2025-08-07
S00691,C036,2025-11-25
S08607,C036,2024-07-27
S09995,C032,2024-03-02
S03469,C033,2025-04-03
S02851,C011,2024-01-25
S07054,C007,2025-02-13
S07647,C020,2024-09-30
S03025,C013,2024-08-23
S04789,C009,2024-11-29
S09426,C028,2024-01-13
S05220,C049,2025-03-15
S09862,C037,2025-08-03
S07965,C046,2024-03-03
S03116,C010,2024-03-29
S06002,C031,2025-04-08
S04632,C041,2025-08-01
S08872,C047,2024-05-29
S06468,C036,2024-01-04
S00989,C040,2024-08-10
S09397,C020,2023-12-29
S05107,C039,2024-11-02
S05658,C006,2024-04-30
S01121,C038,2025-03-07
S03081,C018,2024-10-15
S08608,C041,2025-05-16
S02359,C034,2024-04-21
S00294,C044,2025-10-13
S02113,C013,2025-11-12
S08728,C032,2024-07-05
S04538,C003,2024-06-04
S05490,C040,2024-03-30
S01629,C005,2025-08-06
S07365,C014,2025-11-08
S02308,C035,2024-05-08
S07181,C024,2024-10-27
S00298,C019,2024-12-26
S02897,C013,2024-10-30
S01355,C021,2025-10-04
S01187,C043,2023-12-18
S08510,C030,2024-02-05
S00771,C049,2025-12-02
S09782,C023,2025-10-14
S09652,C034,2024-05-13
S06994,C015,2025-03-02
S01763,C021,2024-12-01
S08182,C018,2025-04-02
S06761,C013,2024-01-26
S01354,C006,2024-07-14
S06687,C036,2024-10-22
S02092,C040,2024-01-10
S04251,C020,2024-09-25
S07104,C036,2024-06-10
S08577,C016,2023-12-11
S07109,C040,2025-08-03
S07283,C038,2025-02-05
S01007,C014,2025-03-24
S02949,C018,2025-09-28
S00313,C003,2025-04-07
S07496,C044,2025-08-04
S08911,C023,2024-09-21
S01925,C045,2025-10-11
S06197,C040,2025-09-29
S02564,C013,2024-04-09
S06363,C030,2025-03-23
S02313,C031,2025-05-09
S03457,C011,2025-02-09
S06280,C013,2025-07-12
S02440,C001,2025-09-28
S05363,C029,2025-02-27
S01208,C019,2024-11-05
S01391,C038,2025-04-03
S02788,C043,2024-10-24
S09810,C012,2024-02-03
S02200,C030,2025-07-03
S00344,C007,2025-06-06
S01119,C016,2025-10-19
S08070,C038,2025-10-12
S06734,C045,2025-07-09
S06898,C013,2024-07-11
S00254,C023,2024-09-10
S04753,C029,2025-02-19
S06813,C017,2025-05-28
S03670,C049,2025-05-26
S04853,C007,2025-11-04
S09213,C030,2024-10-23
S01033,C042,2025-11-28
S02613,C012,2024-10-12
S01468,C046,2025-09-01
S07678,C029,2025-03-16
S08037,C038,2024-11-27
S03426,C001,2024-01-10
S08655,C015,2024-11-26
S01154,C046,2025-03-22
S09958,C004,2024-01-17
S09905,C047,2025-10-01
S05528,C040,2025-05-17
S03510,C029,2024-10-02
S07392,C048,2024-11-11
S02663,C013,2023-12-20
S05433,C032,2024-04-07
S03322,C043,2024-09-01
S06989,C045,2025-08-20
S08797,C010,2024-08-14
S00150,C043,2024-06-10
S06301,C014,2024-09-05
S01039,C005,2024-01-05
S06839,C021,2025-04-26
S05338,C028,2024-12-02
S08707,C020,2024-12-29
S00326,C022,2024-01-08
S03356,C030,2024-08-25
S08192,C036,2023-12-09
S09412,C043,2024-04-02
S06672,C025,2024-07-14
S03154,C012,2024-11-24
S05653,C048,2024-05-04
S08021,C018,2025-06-06
S07315,C018,2024-07-06
S01518,C043,2024-11-02
S04687,C024,2025-03-01
S08967,C050,2025-08-15
S05644,C006,2024-05-11
S03225,C013,2024-11-21
S01509,C028,2025-05-12
S07915,C047,2024-06-30
S04691,C013,2023-12-14
S07947,C014,2025-02-19
S00679,C012,2025-08-30
S03667,C012,2024-03-14
S00744,C005,2024-02-03
S03398,C013,2025-01-02
S05736,C017,2024-05-04
S06000,C035,2025-02-26
S02411,C031,2024-06-09
S09681,C003,2025-03-03
S00533,C032,2025-09-07
S00071,C040,2023-12-28
S01048,C038,2024-07-10
S01983,C022,2025-11-05
S07183,C002,2024-09-25
S07035,C032,2024-08-27
S00128,C005,2024-01-27
S07275,C004,2025-10-22
S09217,C040,2025-08-11
S05345,C046,2024-07-05
S02020,C021,2025-02-21
S06250,C050,2025-06-17
S03770,C044,2025-03-12
S02208,C037,2025-04-21
S01170,C008,2025-01-06
S00718,C018,2024-01-20
S02785,C021,2024-11-17
S06636,C039,2024-06-13
S06220,C015,2025-02-11
S05025,C031,2025-10-20
S03715,C050,2025-07-12
S01605,C002,2023-12-08
S07226,C016,2025-03-03
S05651,C043,2025-04-18
S00615,C043,2024-04-09
S09614,C050,2025-03-19
S08946,C023,2024-01-14
S02894,C043,2025-05-27
S06993,C030,2025-08-15
S01598,C035,2025-11-20
S08643,C028,2025-09-16
S00954,C001,2025-01-17
S02039,C038,2024-07-01
S00237,C035,2025-11-19
S07765,C036,2025-06-15
S01337,C045,2025-04-12
S03517,C038,2024-05-21
S09990,C038,2024-02-14
S09757,C009,2024-09-24
S05027,C005,2025-06-05
S02928,C037,2024-10-23
S01047,C007,2024-12-19
S09850,C030,2024-04-19
S06328,C050,2025-05-28
S00649,C047,2025-10-30
S04372,C049,2025-05-19
S07725,C012,2025-10-16
S09628,C034,2024-04-07
S08541,C009,2025-11-15
S01220,C016,2024-06-28
S09317,C018,2024-03-17
S04015,C021,2025-02-27
S02041,C039,2024-09-13
S03422,C022,2024-10-01
S02411,C019,2025-07-10
S01086,C038,2024-01-14
S06571,C047,2025-01-04
S02807,C036,2024-01-22
S00489,C011,2024-08-24
S00632,C003,2025-09-23
S09106,C027,2025-07-28
S05634,C017,2024-10-16
S00654,C046,2024-09-28
S05855,C044,2025-10-30
S03348,C024,2024-01-23
S02867,C023,2024-04-28
S06476,C014,2025-01-10
S03524,C018,2025-11-05
S07937,C017,2025-07-25
S09050,C022,2024-07-27
S04214,C046,2024-01-02
S06297,C019,2025-09-20
S03058,C050,2025-02-23
S09069,C020,2024-06-28
S07800,C040,2025-06-02
S07484,C047,2024-06-07
S03078,C026,2023-12-08
S01367,C021,2025-07-19
S09689,C043,2025-03-02
S07868,C006,2025-01-31
S03311,C004,2025-05-09
S08822,C042,2025-03-25
S00967,C024,2024-08-04
S00106,C024,2024-11-08
S00334,C012,2024-02-16
S08869,C044,2024-03-24
S00731,C044,2025-07-23
S06124,C011,2024-06-16
S09783,C004,2025-08-02
S04984,C047,2024-05-07
S00498,C017,2024-08-20
S04086,C018,2025-11-10
S00471,C046,2025-01-21
S02716,C005,2025-04-16
S01129,C029,2025-09-30
S04785,C046,2024-06-19
S06839,C050,2024-06-24
S00695,C030,2024-04-21
S06635,C018,2024-11-27
S01842,C038,2024-02-03
S01518,C047,2025-01-05
S09822,C033,2023-12-25
S04501,C026,2025-01-03
S08892,C044,2025-04-08
S00529,C030,2025-02-10
S03443,C015,2024-10-25
S01860,C029,2025-03-06
S03874,C012,2024-07-04
S01405,C047,2024-03-21
S05133,C004,2025-04-17
S00853,C004,2025-04-14
S00442,C043,2024-12-27
S07652,C032,2023-12-10
S00908,C033,2024-08-06
S09972,C001,2025-02-20
S03872,C001,2025-01-08
S06263,C041,2024-09-14
S09420,C018,2024-12-25
S07532,C044,2024-09-16
S01449,C017,2024-07-09
S07725,C012,2024-03-17
S00982,C031,2024-03-03
S06960,C022,2024-01-22
S07025,C018,2025-10-29
S08398,C039,2025-03-30
S03023,C045,2025-03-26
S09978,C046,2025-11-27
S02660,C025,2024-01-20
S08657,C036,2025-07-24
S05936,C045,2024-05-26
S05928,C004,2024-08-09
S01160,C048,2024-10-01
S06661,C030,2025-10-08
S04317,C031,2025-06-26
S06545,C012,2024-05-29
S06784,C041,2024-04-18
S03041,C048,2025-11-09
S06681,C004,2023-12-30
S09880,C035,2024-02-08
S05138,C031,2025-09-13
S01463,C023,2024-12-10
S05271,C004,2025-03-14
S02249,C024,2024-04-12
S04736,C045,2024-04-20
S05988,C008,2025-07-29
S06440,C023,2025-07-06
S04336,C021,2025-10-15
S06859,C039,2024-01-22
S08744,C043,2024-06-20
S00906,C016,2025-07-19
S03499,C011,2025-11-13
S07586,C004,2025-04-24
S04925,C046,2025-06-05
S09354,C021,2025-02-16
S02714,C004,2024-01-09
S06594,C021,2024-05-28
S04740,C022,2024-01-05
S02104,C035,2025-07-16
S04437,C013,2025-02-14
S08709,C020,2025-06-17
S00277,C044,2025-05-13
S00904,C046,2024-09-19
S07450,C047,2024-08-10
S08809,C034,2024-06-29
S05557,C012,2024-10-21
S07127,C027,2025-05-23
S06519,C001,2024-02-19
S06306,C008,2024-04-07
S04433,C048,2024-05-10
S02947,C047,2024-10-01
S04683,C044,2024-10-23
S07269,C011,2025-09-01
S03487,C036,2024-12-03
S05926,C004,2025-02-05
S06720,C015,2025-07-16
S00498,C003,2025-04-16
S02868,C017,2024-03-21
S04252,C003,2025-11-05
S09052,C029,2024-03-29
S00645,C046,2023-12-29
S04190,C020,2024-09-11
S07301,C018,2024-02-13
S01527,C024,2025-03-13
S00140,C027,2024-11-26
S07042,C010,2025-05-07
S06926,C017,2025-03-18
S02427,C010,2025-05-23
S00216,C023,2025-04-05
S01202,C018,2024-08-19
S05041,C032,2024-11-14
S07631,C025,2025-03-10
S06095,C032,2024-02-18
S04972,C021,2025-02-20
S09901,C006,2025-03-30
S00681,C022,2024-09-01
S05291,C041,2024-11-25
S01582,C009,2024-03-31
S06319,C009,2024-05-14
S00074,C031,2024-05-22
S01663,C018,2023-12-07
S03943,C008,2024-10-24
S09578,C032,2024-08-16
S09026,C036,2024-03-12
S00421,C007,2024-07-02
S01919,C034,2025-10-22
S01331,C014,2025-05-29
S05694,C008,2024-03-11
S01610,C012,2024-01-15
S05672,C031,2024-01-21
S02424,C005,2025-08-11
S05784,C013,2025-12-04
S06108,C002,2024-11-04
S03730,C040,2025-01-07
S04595,C016,2024-07-12
S04314,C005,2024-01-07
S03217,C020,2025-06-28
S09499,C048,2024-04-22
S00201,C050,2024-10-25
S00812,C025,2024-04-02
S06764,C026,2024-12-01
S02713,C007,2025-01-26
S00707,C003,2025-08-12
S09838,C043,2025-11-05
S07467,C018,2024-05-25
S03025,C007,2024-06-06
S00778,C011,2024-07-25
S03320,C028,2025-06-07
S05811,C014,2025-04-20
S02263,C011,2025-11-29
S03743,C035,2024-12-21
S05677,C016,2025-06-03
S02014,C046,2024-08-24
S03372,C032,2025-08-26
S09731,C011,2024-12-25
S06921,C050,2024-08-22
S08609,C035,2025-02-20
S01022,C027,2024-05-08
S01556,C038,2025-01-23
S00634,C027,2024-01-31
S03334,C024,2024-12-23
S09926,C050,2024-02-17
S06546,C050,2024-09-30
S04646,C034,2024-05-27
S03088,C006,2024-03-07
S08654,C026,2024-07-19
S07032,C046,2024-02-21
S05577,C001,2025-08-27
S02234,C014,2025-06-26
S00838,C029,2025-06-29
S02230,C030,2024-10-29
S08427,C039,2024-03-27
S07651,C042,2025-08-20
S07569,C011,2025-02-04
S07523,C025,2025-08-14
S08941,C026,2025-01-31
S00650,C003,2025-05-27
S09175,C018,2024-10-29
S08437,C044,2025-11-20
S06891,C049,2024-08-17
S08844,C048,2024-11-21
S07622,C015,2024-07-06
S02734,C041,2024-07-19
S04878,C040,2024-06-14
S09298,C019,2025-11-24
S06570,C027,2025-08-11
S08483,C006,2025-05-08
S07154,C036,2025-07-05
S06330,C035,2024-04-13
S08275,C010,2024-04-22
S00534,C042,2023-12-21
S03070,C027,2025-02-23
S00379,C025,2024-02-27
S08184,C050,2025-09-01
S08355,C004,2024-12-09
S08276,C050,2024-05-27
S04527,C036,2025-05-02
S02444,C012,2025-09-27
S04446,C018,2024-05-18
S04584,C019,2024-11-19
S07911,C046,2025-03-28
S02032,C010,2024-11-23
S01847,C009,2025-08-10
S01235,C019,2024-09-30
S04146,C028,2025-02-10
S03048,C017,2025-03-15
S01644,C008,2024-11-16
S07387,C040,2025-05-16
S05647,C036,2025-10-17
S07766,C015,2024-04-10
S02707,C003,2025-04-10
S05407,C007,2024-07-28
S09217,C012,2025-10-05
S01995,C018,2024-11-26
S03795,C009,2025-08-26
S05362,C003,2023-12-16
S00858,C044,2024-09-30
S02139,C014,2025-06-26
S02203,C012,2024-05-23
S05856,C013,2025-10-04
S09959,C044,2025-05-24
S09633,C008,2024-08-05
S08431,C018,2025-08-24
S00452,C047,2024-01-22
S02683,C031,2024-11-04
S09120,C040,2024-04-08
S06770,C036,2024-04-22
S03971,C032,2024-06-04
S03020,C044,2024-12-12
S04668,C046,2024-07-23
S00943,C034,2024-06-13
S08033,C023,2024-01-28
S04459,C033,2025-07-16
S01725,C004,2024-09-12
S03948,C027,2024-12-15
S09709,C027,2024-08-12
S04168,C003,2024-01-16
S07077,C041,2024-02-07
S07990,C031,2025-09-20
S01109,C031,2024-08-22
S03759,C002,2025-11-04
S07193,C005,2025-10-19
S09792,C028,2025-05-30
S08046,C025,2023-12-09
S02883,C045,2025-08-16
S09406,C047,2024-04-28
S09478,C001,2025-02-05
S08901,C034,2025-07-20
S03006,C009,2025-09-10
S01436,C027,2024-06-30
S06890,C006,2024-05-16
S06820,C034,2025-11-16
S03674,C027,2024-06-23
S06164,C036,2024-11-04
S09079,C008,2024-07-21
S09443,C037,2025-02-25
S02626,C016,2024-12-13
S06200,C031,2024-03-21
S03856,C024,2025-07-12
S06852,C004,2025-02-14
S03194,C018,2025-02-15
S08285,C010,2025-03-19
S00387,C018,2024-10-22
S02484,C037,2024-01-13
S04048,C032,2025-11-15
S03496,C019,2024-05-15
S05540,C039,2024-10-08
S07542,C046,2024-04-11
S04516,C007,2024-02-16
S05828,C038,2023-12-14
S05384,C009,2024-04-10
S07084,C011,2025-11-10
S07182,C017,2025-10-09
S08009,C002,2025-09-08
S03657,C030,2025-02-24
S03402,C011,2024-01-27
S04637,C013,2023-12-14
S02237,C033,2024-07-13
S05307,C013,2024-09-10
S06161,C006,2025-09-15
S03956,C018,2025-05-07
S02861,C002,2024-01-13
S02982,C017,2025-06-11
S03885,C034,2024-10-09
S01420,C004,2025-06-07
S04192,C019,2024-07-28
S02227,C045,2024-10-26
S05156,C043,2024-06-27
S07568,C037,2024-12-22
S09766,C037,2024-05-08
S02873,C039,2024-08-02
S01444,C003,2025-05-03
S02779,C040,2025-05-04
S07152,C025,2025-02-10
S04737,C026,2024-09-03
S07210,C013,2024-07-11
S08750,C016,2025-04-26
S00502,C040,2024-09-22
S07791,C016,2025-07-17
S07089,C014,2024-12-10
S09018,C045,2024-10-03
S00611,C011,2024-05-02
S06692,C042,2025-02-04
S05377,C021,2025-04-23
S09609,C011,2024-11-30
S06968,C003,2024-10-21
S06709,C045,2025-04-16
S05304,C043,2025-10-15
S03806,C028,2024-08-22
S00423,C012,2024-04-01
S05150,C006,2025-05-07
S01421,C046,2024-03-15
S04465,C012,2024-04-02
S04287,C009,2025-08-17
S02487,C012,2024-11-12
S08488,C025,2024-04-17
S01932,C041,2024-08-23
S00830,C026,2025-06-10
S09056,C045,2025-05-28
S00507,C045,2025-07-24
S00517,C038,2024-01-09
S03970,C015,2024-01-10
S07118,C028,2025-10-21
S00684,C029,2024-02-19
S03053,C038,2025-06-14
S00521,C049,2024-09-14
S07282,C011,2024-10-16
S01133,C030,2025-08-21
S05269,C007,2025-02-14
S00885,C026,2025-05-23
S04998,C033,2025-01-02
S05728,C040,2025-04-27
S06102,C015,2025-07-05
S05485,C044,2024-01-24
S08047,C022,2023-12-07
S09578,C016,2025-04-24
S03131,C012,2025-03-19
S02213,C024,2025-02-19
S05922,C035,2024-06-12
S01624,C003,2025-10-21
S06354,C003,2024-11-11
S08504,C036,2025-09-29
S00048,C012,2024-10-08
S09956,C039,2024-10-28
S08210,C020,2025-01-29
S02865,C003,2025-02-26
S04140,C032,2024-10-02
S03805,C004,2024-11-08
S00793,C020,2025-03-08
S07480,C003,2023-12-29
S08077,C027,2025-11-07
S03682,C039,2024-09-10
S03817,C033,2024-09-04
S00399,C036,2024-11-30
S02732,C045,2024-08-31
S00469,C039,2024-10-19
S05543,C016,2024-01-07
S03760,C033,2025-09-04
S04348,C027,2024-08-01
S02215,C001,2024-09-30
S02434,C012,2025-01-24
S05296,C048,2024-10-24
S03213,C009,2024-04-01
S00093,C015,2025-09-03
S05711,C035,2025-07-13
S04107,C023,2024-12-11
S06274,C044,2024-09-29
S09086,C021,2025-01-20
S05922,C018,2024-07-14
S08075,C038,2024-05-13
S03656,C023,2024-03-30
S04292,C048,2025-02-18
S08972,C022,2024-05-01
S00057,C017,2024-02-05
S07448,C013,2024-09-07
S03585,C048,2024-09-17
S02293,C030,2025-05-19
S00169,C014,2024-09-01
S04115,C041,2025-06-04
S05097,C013,2025-08-08
S05972,C044,2024-04-11
S04001,C037,2025-07-04
S02963,C034,2024-09-13
S02593,C019,2023-12-25
S00546,C029,2023-12-31
S05318,C015,2025-07-15
S03579,C036,2024-06-18
S06373,C019,2025-01-17
S06505,C034,2024-04-22
S08415,C009,2025-08-05
S02753,C049,2025-12-03
S01929,C023,2025-04-19
S07040,C036,2024-08-29
S04597,C041,2025-04-30
S09537,C036,2024-01-22
S06296,C005,2024-09-22
S03050,C001,2025-06-04
S05635,C018,2025-02-24
S00797,C014,2024-07-07
S04442,C047,2024-02-15
S07388,C050,2025-07-03
S08548,C014,2024-07-20
S01239,C050,2025-04-07
S06590,C006,2024-12-05
S08246,C032,2025-11-08
S04588,C043,2024-12-14
S09189,C025,2025-04-04
S09975,C020,2025-11-28
S03995,C028,2024-10-17
S03655,C031,2025-02-04
S05193,C010,2024-06-17
S06414,C040,2025-02-12
S00762,C043,2025-03-15
S08341,C035,2025-09-14
S02389,C020,2025-06-07
S00670,C007,2024-09-04
S06621,C045,2024-02-10
S00224,C021,2024-12-10
S05708,C024,2025-04-18
S01760,C038,2024-02-24
S09832,C014,2024-08-24
S04826,C011,2025-02-26
S09775,C040,2024-03-15
S02601,C017,2025-04-29
S07278,C038,2024-09-12
S04489,C046,2024-02-04
S02393,C049,2025-05-21
S05605,C011,2024-03-04
S00568,C049,2025-03-15
S05302,C020,2024-12-26
S07683,C006,2024-08-25
S01999,C017,2023-12-27
S03631,C039,2024-08-17
S08047,C009,2024-09-30
S00483,C018,2025-11-05
S05129,C047,2025-04-11
S09388,C037,2025-04-21
S03422,C048,2024-03-31
S05864,C034,2025-03-02
S09086,C047,2024-07-13
S03143,C050,2025-01-10
S00127,C009,2025-07-03
S09589,C018,2025-10-02
S05930,C006,2024-07-09
S02795,C039,2024-05-25
S00652,C031,2025-02-02
S09876,C004,2025-04-06
S07191,C049,2024-06-08
S07059,C049,2025-05-28
S06450,C022,2024-04-09
S03117,C048,2025-03-08
S08059,C049,2025-10-01
S02932,C044,2025-06-23
S09841,C025,2024-05-12
S00590,C004,2024-10-02
S03429,C007,2024-08-12
S05362,C023,2024-01-14
S06426,C002,2024-04-25
S07531,C014,2025-06-12
S00617,C014,2024-05-04
S01359,C042,2025-03-25
S08489,C026,2024-10-22
S04807,C030,2024-05-28
S05083,C048,2024-08-12
S05768,C035,2024-12-02
S07921,C005,2024-07-30
S03039,C035,2025-03-17
S05590,C019,2025-03-24
S08166,C049,2025-02-10
S01134,C022,2024-10-07
S00027,C046,2024-10-20
S08500,C036,2024-10-03
S06248,C034,2025-05-07
S09178,C041,2025-01-04
S08732,C027,2024-06-20
S04316,C011,2024-04-23
S06897,C033,2024-03-04
S02764,C005,2025-02-18
S09101,C037,2025-07-19
S07637,C002,2024-01-07
S02433,C032,2024-09-01
S03944,C010,2024-09-05
S05980,C025,2025-09-25
S08680,C027,2025-11-05
S00770,C035,2025-11-22
S04070,C037,2024-04-30
S09760,C013,2025-05-17
S08104,C041,2025-08-11
S01699,C015,2024-04-02
S04803,C007,2024-06-28
S07522,C010,2025-02-14
S05977,C002,2025-10-22
S08753,C041,2025-04-18
S05566,C011,2025-06-11
S02138,C012,2024-10-18
S07923,C005,2024-06-15
S06740,C012,2025-10-17
S00909,C036,2025-04-25
S02516,C027,2025-10-08
S06935,C047,2025-10-03
S01491,C015,2024-08-03
S00113,C017,2024-03-17
S02579,C038,2025-05-24
S06554,C048,2025-04-20
S02012,C010,2024-06-03
S00708,C029,2023-12-28
S06571,C044,2025-11-17
S09422,C010,2024-12-08
S04503,C015,2023-12-19
S01485,C006,2025-10-03
S05392,C010,2024-03-04
S09945,C005,2025-10-30
S07076,C012,2024-09-11
S01798,C016,2024-01-26
S04511,C016,2025-04-01
S06929,C036,2024-10-25
S01611,C043,2024-03-16
S07652,C044,2025-09-10
S08730,C012,2025-05-23
S00901,C019,2024-08-01
S05467,C015,2024-03-20
S06193,C049,2025-09-10
S09737,C029,2025-03-20
S00527,C009,2024-08-02
S04525,C047,2024-02-27
S01222,C032,2025-01-04
S01192,C035,2025-10-21
S06391,C033,2025-09-21
S09859,C038,2025-09-10
S09770,C036,2024-06-07
S08785,C011,2025-03-09
S05725,C037,2025-04-02
S02174,C004,2025-01-15
S06419,C040,2023-12-07
S08859,C001,2024-03-09
S05486,C044,2025-07-01
S00525,C037,2025-05-11
S01880,C036,2025-03-19
S05990,C007,2024-06-13
S08069,C048,2025-09-30
S06885,C040,2025-09-03
S00446,C034,2025-06-14
S01338,C041,2024-06-03
S06849,C037,2025-07-06
S01740,C034,2025-03-02
S08393,C029,2024-05-17
S04690,C010,2024-02-06
S01531,C046,2025-08-28
S08383,C017,2024-09-16
S08341,C026,2025-03-27
S08882,C039,2024-01-01
S09255,C047,2024-12-16
S02388,C011,2024-12-28
S04750,C049,2025-06-24
S04586,C048,2025-03-07
S08469,C048,2025-10-16
S07801,C020,2024-08-28
S09706,C004,2025-04-15
S05323,C011,2025-08-31
S03616,C012,2024-07-02
S09921,C003,2024-01-09
S07775,C015,2025-03-23
S04588,C021,2024-10-10
S08700,C023,2025-10-14
S08187,C025,2024-06-27
S06834,C031,2024-10-31
S07509,C039,2025-06-05
S01359,C010,2025-02-17
S01567,C019,2024-04-02
S01646,C017,2025-02-10
S09607,C036,2025-03-18
S04728,C012,2025-04-09
S09336,C025,2025-02-18
S01859,C029,2025-11-28
S03197,C006,2024-10-18
S07044,C050,2024-02-08
S01835,C002,2024-08-09
S06249,C010,2024-01-01
S00149,C025,2024-08-31
S04240,C023,2024-02-04
S08655,C020,2024-08-29
S07077,C034,2025-01-17
S05481,C011,2025-10-06
S04955,C045,2024-01-21
S08850,C049,2025-10-02
S00019,C022,2024-05-25
S06666,C016,2024-07-16
S04568,C005,2025-09-17
S01855,C024,2024-09-01
S04443,C043,2025-02-10
S08450,C007,2025-05-03
S03611,C014,2024-03-31
S01091,C013,2025-03-22
S08684,C049,2024-10-13
S02556,C028,2024-09-10
S04870,C036,2025-10-06
S03729,C034,2025-11-19
S02540,C028,2024-01-06
S04019,C044,2025-07-24
S06689,C020,2025-05-27
S03015,C016,2024-02-13
S01995,C011,2023-12-30
S04806,C036,2024-06-29
S05683,C041,2025-08-29
S03497,C017,2025-10-13
S06136,C049,2024-01-08
S00671,C039,2024-05-10
S08156,C021,2025-09-28
S07262,C025,2024-02-27
S09470,C008,2024-02-09
S04884,C047,2024-04-02
S00124,C037,2025-06-08
S01879,C007,2024-11-13
S09646,C046,2025-06-12
S03776,C045,2024-08-10
S04683,C030,2024-05-02
S04270,C046,2024-05-29
S02218,C043,2024-10-19
S03265,C024,2024-04-07
S05409,C012,2025-11-22
S04876,C038,2024-09-13
S03457,C035,2025-11-09
S06082,C044,2024-07-24
S01786,C004,2023-12-24
S07524,C002,2024-01-11
S05021,C004,2024-07-07
S04653,C046,2025-09-30
S07597,C025,2025-01-08
S03282,C045,2024-03-28
S03564,C005,2024-03-20
S01709,C006,2025-06-25
S01614,C028,2025-01-22
S01444,C039,2025-07-20
S00722,C048,2024-07-24
S07671,C027,2024-06-01
S02846,C030,2024-03-27
S07655,C011,2025-10-25
S09650,C027,2023-12-06
S04261,C038,2024-08-16
S09236,C028,2024-09-29
S01185,C017,2025-07-07
S04940,C025,2024-07-22
S04497,C021,2024-08-25
S03993,C035,2025-07-28
S00463,C012,2025-08-31
S00993,C002,2024-06-24
S06217,C018,2024-11-03
S09133,C045,2024-05-14
S03896,C041,2024-03-26
S06682,C029,2024-07-01
S02779,C025,2024-01-14
S00098,C024,2024-11-05
S00308,C015,2025-09-14
S08837,C013,2024-05-17
S07767,C006,2023-12-25
S03295,C045,2025-11-10
S02508,C018,2025-07-17
S08756,C003,2024-09-16
S09413,C013,2025-01-20
S04127,C012,2024-10-08
S02334,C037,2025-03-25
S06506,C012,2024-05-10
S04757,C049,2025-11-29
S06352,C012,2025-01-29
S01178,C021,2024-01-18
S07223,C004,2024-12-25
S08430,C020,2025-04-28
S03911,C019,2025-09-05
S06107,C048,2025-06-09
S06973,C040,2024-02-06
S06422,C029,2025-06-09
S08142,C010,2025-05-02
S03020,C035,2024-10-08
S05628,C037,2025-03-10
S05201,C030,2025-01-03
S00743,C029,2024-06-16
S07427,C013,2024-10-10
S05596,C014,2025-01-25
S08082,C033,2025-04-12
S05072,C043,2024-10-02
S06157,C035,2024-06-20
S00083,C020,2024-03-31
S06581,C049,2025-01-30
S04004,C045,2024-03-11
S01576,C046,2024-07-14
S01531,C002,2024-11-11
S09248,C050,2024-09-28
S09718,C009,2024-05-03
S08665,C001,2025-03-03
S04619,C018,2024-05-12
S09176,C032,2024-06-07
S08858,C020,2024-06-30
S08421,C006,2025-04-03
S09499,C042,2024-10-17
S09443,C031,2025-01-21
S05950,C016,2024-03-04
S00222,C031,2024-08-07
S07728,C024,2024-05-07
S07042,C037,2025-07-19
S05471,C018,2024-09-05
S08801,C020,2025-03-11
S02135,C034,2024-06-05
S02214,C027,2024-03-03
S00507,C041,2025-10-07
S02795,C003,2024-10-22
S00517,C035,2025-05-08
S09744,C034,2024-02-27
S01678,C021,2025-01-26
S03455,C043,2025-07-03
S02908,C026,2025-06-10
S03739,C008,2025-01-10
S03814,C009,2024-05-19
S04803,C031,2024-01-19
S07143,C036,2024-06-29
S00932,C038,2024-06-08
S00326,C031,2023-12-26
S09069,C028,2025-07-06
S03239,C003,2025-04-21
S09177,C039,2024-07-30
S07554,C010,2025-02-10
S02437,C050,2023-12-22
S02639,C027,2024-10-15
S06022,C046,2024-03-12
S05224,C015,2025-01-17
S04254,C032,2024-11-08
S02807,C012,2024-09-01
S07012,C030,2024-07-08
S07656,C032,2025-08-26
S00966,C003,2024-08-02
S02499,C043,2024-09-23
S06923,C044,2023-12-12
S00289,C005,2024-12-15
S03581,C003,2024-10-26
S02411,C013,2024-12-03
S04415,C022,2024-06-28
S00404,C034,2025-05-25
S04466,C025,2025-06-26
S02326,C020,2024-07-19
S05642,C010,2025-02-13
S09498,C044,2024-02-23
S08663,C050,2025-01-08
S03336,C037,2024-06-07
S04981,C002,2024-12-18
S09985,C045,2023-12-12
S08921,C027,2025-05-25
S07670,C019,2024-06-23
S02488,C017,2025-09-09
S01673,C003,2025-06-23
S03747,C014,2025-09-17
S03163,C044,2025-12-02
S07909,C032,2025-11-07
S00940,C030,2024-06-08
S06713,C043,2024-03-28
S00256,C046,2025-07-06
S07175,C026,2025-01-26
S09412,C010,2024-03-30
S01654,C022,2024-12-25
S03928,C014,2025-04-01
S08667,C002,2025-09-20
S01080,C048,2024-12-07
S09567,C018,2025-09-14
S05030,C017,2025-06-28
S00878,C022,2025-01-04
S08500,C048,2024-01-13
S07871,C033,2025-05-04
S03266,C040,2025-04-05
S01233,C036,2025-04-30
S09832,C016,2025-02-08
S09246,C031,2024-05-14
S04945,C037,2024-07-02
S03566,C048,2025-07-11
S00340,C026,2025-11-22
S04971,C009,2024-01-20
S04238,C014,2024-08-24
S02919,C044,2024-01-09
S09684,C019,2025-06-19
S01234,C036,2024-08-19
S02370,C031,2024-12-14
S05254,C045,2024-06-11
S05270,C017,2025-07-04
S01655,C001,2025-03-01
S08879,C030,2025-08-07
S07788,C025,2025-04-28
S07050,C013,2024-03-27
S06987,C026,2024-03-30
S08519,C011,2024-08-12
S02847,C043,2024-05-10
S07068,C017,2024-08-21
S00412,C031,2025-03-11
S08816,C040,2024-11-25
S06040,C026,2024-03-25
S04789,C030,2024-12-22
S04935,C003,2024-03-02
S07191,C021,2024-01-12
S09587,C044,2025-11-23
S06573,C028,2024-11-07
S03959,C001,2025-08-15
S06812,C023,2025-01-08
S01572,C033,2025-10-28
S08107,C022,2024-08-07
S06931,C048,2024-09-08
S00626,C005,2025-02-18
S02373,C029,2025-01-04
S02188,C026,2024-11-19
S01187,C016,2025-03-04
S09294,C029,2024-08-03
S00307,C028,2025-02-13
S01075,C010,2025-07-09
S02045,C037,2024-07-30
S04936,C014,2025-11-01
S08926,C031,2025-06-16
S04196,C009,2024-08-12
S04993,C028,2024-02-16
S06780,C022,2024-10-18
S05958,C045,2024-10-11
S04046,C044,2025-06-21
S04227,C004,2024-05-08
S02533,C043,2025-06-16
S03075,C033,2025-05-25
S03119,C024,2024-01-11
S01992,C028,2024-05-03
S07729,C042,2024-11-01
S06946,C006,2024-10-03
S04016,C035,2024-01-26
S00877,C040,2025-01-17
S03507,C041,2024-02-02
S04237,C037,2025-08-29
S09323,C041,2024-09-28
S00931,C004,2024-01-15
S08648,C001,2024-11-30
S00595,C028,2024-11-26
S09552,C002,2024-03-24
S00117,C030,2023-12-07
S07776,C041,2025-09-21
S06674,C035,2024-02-11
S01659,C021,2024-03-20
S05091,C010,2025-08-01
S01299,C010,2024-04-28
S01128,C042,2025-05-23
S02987,C035,2024-12-21
S03847,C045,2024-06-28
S09336,C023,2025-03-31
S00295,C021,2025-05-08
S04116,C040,2025-06-20
S02099,C001,2024-08-04
S08696,C011,2024-09-04
S06793,C034,2025-09-09
S04512,C014,2024-05-06
S01943,C020,2024-09-28
S09858,C010,2025-05-16
S08475,C013,2024-08-24
S05724,C014,2025-08-22
S09065,C009,2023-12-09
S08777,C038,2025-07-02
S07744,C029,2024-07-06
S01188,C008,2025-07-22
S06849,C024,2024-05-11
S05522,C015,2024-04-07
S08584,C044,2024-01-14
S00839,C033,2024-10-26
S04094,C048,2025-10-29
S05743,C037,2025-03-08
S00407,C033,2024-10-07
S01491,C048,2024-10-27
S00304,C032,2025-01-27
S02523,C049,2024-05-25
S09890,C009,2025-01-23
S06480,C038,2024-07-26
S05964,C010,2024-02-12
S04407,C005,2025-02-18
S03593,C010,2025-09-29
S04065,C023,2024-02-06
S05991,C028,2024-04-08
S09283,C049,2025-09-05
S08848,C032,2024-06-16
S00070,C008,2025-03-19
S09370,C049,2025-07-25
S03529,C036,2025-04-09
S03454,C016,2024-04-23
S05905,C015,2024-07-28
S03081,C004,2024-12-20
S08959,C022,2024-07-08
S00781,C021,2025-03-04
S02441,C035,2025-03-23
S00723,C036,2025-08-29
S09790,C046,2025-07-10
S01256,C003,2024-08-30
S09925,C017,2024-02-22
S08621,C034,2025-01-01
S06738,C040,2025-09-02
S01617,C006,2025-12-01
S02761,C018,2024-11-19
S06325,C043,2025-06-28
S02660,C009,2024-10-03
S01338,C025,2025-01-30
S08427,C050,2025-04-16
S01377,C046,2025-07-17
S08314,C045,2025-06-10
S07813,C041,2025-09-28
S09265,C050,2025-04-02
S05785,C044,2025-05-27
S06234,C036,2025-02-24
S04658,C013,2025-03-04
S05583,C003,2024-04-27
S09848,C011,2024-03-28
S06085,C020,2025-05-26
S01674,C038,2025-10-30
S04533,C030,2024-02-27
S09407,C010,2025-11-07
S08518,C001,2024-11-06
S02498,C046,2024-08-14
S01206,C030,2025-11-30
S07641,C045,2024-11-25
S00026,C034,2025-03-13
S04006,C009,2025-06-17
S08791,C047,2023-12-19
S07080,C026,2024-02-01
S01540,C008,2025-06-07
S05582,C023,2025-07-22
S07194,C049,2025-09-17
S04334,C035,2025-07-27
S04154,C047,2025-05-31
S08944,C008,2024-06-18
S00321,C017,2025-08-21
S07382,C014,2024-11-04
S04083,C028,2024-08-11
S09750,C048,2025-04-08
S00500,C002,2025-09-03
S04929,C024,2025-07-13
S09904,C049,2024-11-14
S03287,C008,2025-03-28
S07516,C020,2024-05-15
S01296,C005,2024-01-20
S04174,C032,2023-12-08
S03050,C019,2025-08-02
S03790,C004,2025-07-08
S07801,C014,2024-12-11
S06604,C022,2024-12-11
S08221,C035,2024-02-04
S08820,C035,2025-02-23
S00612,C027,2025-06-22
S03155,C032,2024-03-20
S09054,C012,2025-06-30
S07707,C030,2025-10-02
S05078,C014,2024-10-11
S06485,C021,2024-02-09
S03102,C005,2025-05-29
S08614,C018,2025-03-05
S06593,C040,2024-01-17
S00277,C004,2025-03-11
S07915,C004,2025-08-18
S00678,C029,2024-09-10
S04970,C001,2024-11-08
S08015,C003,2025-06-14
S00345,C034,2025-05-10
S02380,C047,2025-05-13
S08912,C050,2025-04-18
S04974,C010,2024-03-16
S04733,C008,2024-08-05
S01554,C004,2025-05-24
S05262,C035,2025-09-11
S03505,C001,2024-11-08
S04224,C004,2024-11-16
S04553,C010,2025-08-04
S05266,C033,2025-04-19
S00482,C024,2024-11-12
S05208,C032,2024-02-10
S03306,C039,2025-01-31
S02831,C044,2024-06-30
S04479,C047,2025-11-27
S01830,C007,2024-11-05
S09560,C005,2024-08-30
S09451,C025,2024-10-04
S01937,C045,2025-08-19
S02890,C014,2025-10-28
S00789,C045,2023-12-05
S02212,C030,2024-06-22
S05606,C038,2025-02-19
S06162,C029,2024-12-19
S08396,C025,2024-04-25
S00341,C007,2025-10-24
S02753,C030,2024-08-23
S02023,C015,2024-10-30
S09107,C015,2025-10-30
S08052,C040,2025-10-25
S02463,C006,2025-01-30
S06385,C007,2025-12-03
S09665,C027,2024-07-13
S00354,C002,2024-05-14
S09117,C039,2025-01-18
S04245,C008,2024-04-15
S07284,C038,2024-03-03
S09347,C027,2024-06-05
S09282,C022,2025-02-15
S02770,C041,2024-08-08
S04340,C034,2025-08-21
S00706,C043,2025-07-17
S01220,C039,2024-04-05
S00842,C036,2025-01-19
S04889,C021,2023-12-20
S04596,C049,2025-03-08
S06701,C025,2025-07-24
S02861,C030,2023-12-17
S03113,C040,2025-03-29
S08111,C007,2024-01-07
S06796,C036,2024-11-25
S05139,C004,2024-06-09
S01245,C003,2024-01-18
S06978,C021,2025-03-29
S04048,C042,2024-12-17
S09108,C029,2024-04-16
S09248,C049,2025-06-07
S03341,C043,2024-12-05
S06020,C023,2025-04-13
S00018,C015,2024-03-12
S01703,C021,2024-12-18
S06248,C007,2025-03-18
S05121,C050,2025-07-23
S05038,C018,2024-09-28
S00053,C038,2024-10-04
S03363,C044,2024-09-25
S06900,C001,2024-01-31
S01296,C029,2024-05-03
S01092,C011,2024-05-15
S04838,C004,2025-01-24
S05072,C010,2025-05-12
S01129,C043,2025-09-18
S03071,C041,2024-01-21
S02368,C004,2024-10-05
S01728,C050,2025-02-07
S04653,C035,2024-01-06
S00959,C037,2025-03-21
S05436,C010,2024-04-24
S07658,C041,2024-11-08
S07081,C005,2024-06-29
S03530,C017,2024-10-07
S08768,C030,2025-08-18
S09341,C020,2025-04-01
S05226,C005,2025-07-05
S06522,C028,2025-04-22
S02269,C043,2025-03-12
S02443,C012,2023-12-11
S00503,C048,2024-05-02
S03239,C014,2024-04-21
S01302,C005,2025-01-18
S04573,C009,2025-01-15
S01906,C028,2025-10-05
S00541,C033,2024-04-07
S06005,C021,2024-10-19
S09399,C035,2025-08-31
S01481,C007,2025-06-05
S09753,C025,2025-09-11
S07622,C041,2025-01-04
S07324,C049,2025-01-10
S09626,C046,2025-09-19
S09114,C024,2024-07-16
S05689,C042,2025-06-11
S02146,C005,2025-10-19
S00450,C042,2025-09-13
S05704,C044,2024-01-11
S03120,C019,2024-11-30
S00471,C025,2024-12-12
S01090,C023,2024-02-19
S05056,C023,2025-09-08
S04060,C019,2024-06-20
S09403,C014,2025-01-30
S02250,C013,2025-07-20
S02458,C014,2025-11-22
S09759,C039,2025-01-21
S08095,C009,2024-07-16
S01666,C008,2024-08-14
S02413,C032,2024-03-26
S03942,C004,2025-11-06
S01995,C037,2024-05-15
S05975,C044,2025-08-25
S01028,C050,2024-12-05
S01648,C013,2025-10-07
S07173,C042,2024-11-20
S01727,C039,2024-03-16
S01134,C040,2024-06-23
S04196,C005,2025-03-28
S02643,C015,2025-11-08
S05589,C050,2025-09-10
S03255,C035,2025-01-19
S03165,C032,2024-01-12
S05315,C034,2024-04-13
S09165,C004,2024-02-06
S02902,C014,2024-11-13
S08221,C047,2024-01-13
S06642,C019,2025-03-12
S02595,C009,2024-11-14
S00106,C037,2024-05-18
S00752,C001,2024-05-28
S02694,C014,2024-09-09
S01132,C042,2025-06-09
S02083,C008,2024-09-29
S05554,C031,2025-10-26
S02137,C029,2024-10-13
S02140,C045,2025-04-23
S06247,C035,2024-06-23
S02541,C047,2025-01-18
S08696,C002,2024-10-31
S05983,C019,2024-07-11
S08269,C022,2025-02-21
S04540,C030,2024-06-10
S04202,C031,2023-12-23
S09135,C043,2024-09-16
S06886,C042,2024-09-25
S04488,C048,2024-12-01
S04961,C010,2024-12-04
S03105,C049,2025-05-17
S00597,C018,2025-04-15
S04822,C034,2024-04-02
S00547,C047,2024-02-24
S06370,C037,2024-06-27
S06590,C048,2024-12-10
S05355,C029,2025-11-15
S08359,C003,2025-07-22
S05513,C037,2024-05-08
S08678,C014,2025-07-16
S08992,C033,2025-06-18
S02998,C036,2024-09-11
S07852,C040,2025-04-21
S01437,C015,2025-10-02
S00442,C039,2024-02-11
S05070,C012,2024-02-09
S07463,C048,2024-08-23
S01279,C034,2024-10-29
S08194,C040,2024-05-19
S01268,C024,2025-10-10
S05219,C013,2024-08-20
S02478,C011,2025-08-09
S05866,C028,2024-11-17
S09901,C036,2024-11-05
S02479,C004,2025-10-19
S00115,C046,2024-05-10
S01565,C046,2024-10-03
S09857,C014,2024-12-02
S05350,C043,2024-03-30
S06470,C029,2025-06-06
S02726,C003,2024-01-09
S05506,C008,2025-09-09
S04952,C037,2025-09-02
S09366,C025,2025-07-14
S08282,C034,2024-12-01
S05598,C040,2024-04-25
S08726,C050,2025-10-02
S01308,C040,2025-02-28
S05668,C007,2023-12-24
S01990,C043,2025-09-22
S00365,C039,2023-12-14
S09587,C005,2024-11-04
S04821,C029,2024-07-06
S02925,C032,2025-08-20
S07264,C042,2024-01-02
S04843,C046,2025-03-12
S09855,C018,2024-12-27
S02723,C024,2024-07-01
S07401,C039,2024-12-06
S09657,C031,2024-08-31
S04743,C043,2025-07-05
S01476,C044,2024-07-22
S00279,C044,2025-11-12
S03609,C002,2025-07-03
S00905,C048,2025-10-08
S06809,C013,2023-12-11
S06042,C041,2024-10-28
S04206,C005,2025-08-27
S04332,C022,2024-11-21
S04250,C011,2025-11-13
S00562,C020,2024-02-05
S04545,C027,2025-10-14
S01234,C037,2024-04-12
S08479,C046,2024-10-11
S08298,C013,2025-11-09
S00183,C044,2024-11-16
S08809,C019,2025-02-23
S07425,C001,2024-12-17
S04395,C006,2024-09-29
S00671,C040,2024-08-19
S06592,C005,2025-07-01
S05966,C047,2024-07-18
S02409,C037,2025-04-06
S05595,C006,2025-07-20
S02869,C034,2024-01-28
S00375,C026,2025-05-19
S05083,C020,2024-09-09
S06884,C027,2024-06-18
S09370,C029,2024-07-05
S04875,C009,2024-03-26
S07317,C002,2024-11-15
S04296,C017,2025-10-29
S03075,C033,2025-05-21
S02301,C048,2024-03-26
S03688,C034,2024-04-10
S01858,C031,2024-05-11
S03468,C034,2024-04-05
S09048,C044,2025-06-12
S05244,C005,2024-02-05
S00212,C010,2025-01-28
S07490,C019,2025-05-20
S00507,C044,2024-05-07
S07586,C047,2025-07-16
S08825,C009,2024-11-11
S06125,C031,2025-01-23
S07695,C032,2025-03-16
S09955,C020,2024-12-03
S09840,C020,2024-04-13
S04651,C048,2024-08-17
S02322,C033,2025-11-29
S02912,C037,2024-03-03
S06467,C040,2025-10-29
S07036,C043,2024-11-11
S05165,C046,2025-06-26
S05420,C009,2024-12-16
S07211,C001,2025-01-10
S04388,C035,2025-11-12
S06084,C003,2024-11-12
S08867,C007,2025-05-16
S02778,C046,2024-07-12
S05510,C016,2025-04-14
S03128,C043,2025-09-02
S01402,C009,2025-09-12
S04208,C041,2025-01-18
S07821,C004,2024-11-18
S04921,C046,2023-12-18
S03402,C004,2025-09-23
S00278,C033,2024-01-24
S00596,C007,2024-10-17
S07083,C006,2024-04-27
S03430,C029,2024-06-20
S01485,C006,2024-07-13
S07165,C041,2025-09-20
S09527,C049,2025-11-13
S08531,C001,2024-01-04
S09287,C032,2024-09-13
S00807,C017,2025-09-14
S01425,C029,2024-09-20
S01432,C027,2024-01-15
S04427,C023,2024-03-09
S00325,C011,2025-03-14
S02384,C012,2024-06-09
S07203,C002,2025-05-28
S08070,C011,2025-02-28
S09377,C050,2024-07-17
S02034,C011,2025-07-22
S04155,C042,2023-12-23
S04185,C046,2024-06-24
S07249,C050,2024-04-26
S03092,C021,2025-09-27
S04989,C002,2024-01-04
S03254,C017,2025-02-23
S03582,C025,2025-04-02
S03443,C035,2025-09-23
S01572,C014,2024-05-16
S09402,C006,2025-03-30
S01946,C047,2024-04-09
S02594,C038,2024-01-28
S07556,C006,2024-04-01
S09278,C022,2025-08-20
S01328,C037,2024-06-29
S07421,C050,2025-06-16
S08972,C026,2024-08-24
S06767,C011,2024-03-29
S02395,C033,2025-07-10
S02567,C029,2025-09-28
S01509,C050,2025-06-07
S09422,C004,2024-03-27
S07591,C010,2024-03-02
S05374,C036,2024-10-09
S08873,C025,2024-05-22
S07355,C045,2024-03-19
S01327,C014,2024-04-07
S08324,C005,2025-08-31
S04836,C047,2025-06-11
S09869,C047,2024-01-21
S05687,C031,2025-12-01
S05660,C050,2025-01-04
S02291,C037,2025-01-10
S02344,C042,2024-02-17
S01670,C019,2025-05-03
S03632,C010,2024-01-10
S02671,C018,2025-03-05
S05801,C050,2024-08-25
S02613,C004,2024-11-13
S05666,C040,2025-06-04
S07909,C015,2025-10-18
S02367,C045,2025-11-01
S01967,C047,2024-01-17
S04357,C001,2024-07-11
S07608,C032,2025-05-30
S09373,C023,2025-05-10
S09002,C037,2024-04-08
S00221,C030,2025-03-03
S04943,C045,2023-12-10
S01156,C015,2024-03-05
S03105,C004,2024-06-11
S06158,C001,2024-08-12
S00639,C001,2025-01-08
S00164,C030,2024-07-27
S06682,C039,2025-11-22
S08728,C042,2024-10-22
S04897,C003,2024-08-23
S02089,C031,2024-07-02
S04495,C023,2025-03-05
S06003,C021,2024-06-01
S00511,C032,2024-02-25
S03065,C031,2024-04-16
S03281,C027,2024-12-11
S01958,C029,2023-12-21
S04931,C016,2024-02-15
S03619,C041,2024-10-27
S05578,C012,2024-06-04
S06554,C033,2024-02-11
S06549,C030,2024-08-03
S01094,C009,2025-08-12
S04013,C035,2024-06-22
S01584,C047,2025-11-20
S06733,C044,2025-10-26
S02079,C027,2025-10-19
S06890,C030,2024-01-11
S02536,C047,2025-07-14
S00309,C024,2025-02-01
S02581,C007,2025-11-20
S06632,C027,2024-12-17
S09398,C016,2025-01-07
S05939,C025,2024-12-22
S01151,C005,2025-01-10
S03605,C002,2024-04-18
S05330,C023,2025-05-09
S08109,C019,2024-03-05
S04902,C045,2024-05-23
S07622,C023,2024-12-13
S07361,C027,2025-02-10
S09055,C003,2025-10-24
S00745,C046,2024-10-06
S06230,C034,2024-06-27
S01500,C012,2024-10-12
S02971,C022,2025-10-01
S03169,C022,2024-09-19
S02551,C026,2025-10-26
S07686,C036,2025-02-08
S09824,C040,2024-12-03
S08412,C046,2024-01-27
S09921,C031,2024-06-07
S07343,C047,2024-08-27
S08004,C049,2025-08-28
S04807,C036,2024-05-31
S05431,C047,2025-11-26
S01168,C014,2025-02-06
S04778,C038,2025-03-27
S07014,C011,2025-05-24
S04577,C010,2024-07-25
S04090,C019,2024-06-24
S09257,C034,2024-09-25
S07212,C046,2024-10-27
S07765,C025,2025-09-22
S08064,C041,2024-02-01
S06708,C028,2025-03-24
S08109,C022,2024-04-06
S08113,C044,2025-06-24
S00234,C019,2025-06-20
S02923,C032,2025-10-10
S02231,C030,2023-12-25
S08327,C046,2024-10-01
S04061,C050,2025-06-11
S08288,C009,2024-03-16
S03570,C013,2024-08-25
S04978,C001,2024-05-21
S09661,C008,2023-12-28
S05421,C046,2024-03-15
S01180,C041,2025-11-27
S04959,C041,2024-11-28
S06732,C023,2024-02-23
S06303,C017,2023-12-05
S05303,C040,2023-12-11
S01774,C011,2024-02-24
S08351,C038,2024-02-02
S03286,C006,2024-07-13
S09697,C009,2024-06-06
S02115,C024,2025-03-04
S00019,C013,2024-06-09
S09404,C044,2024-03-26
S04734,C023,2024-01-02
S03617,C001,2025-09-07
S08209,C024,2025-03-12
S04300,C013,2025-08-10
S02179,C018,2024-12-23
S03528,C011,2025-08-11
S05099,C038,2025-08-17
S05586,C042,2024-07-01
S01571,C003,2025-11-18
S06892,C043,2024-11-12
S09644,C020,2025-12-02
S05441,C031,2024-05-31
S09017,C018,2025-06-09
S07110,C035,2024-02-02
S02221,C014,2025-05-12
S06932,C045,2024-08-29
S03853,C019,2024-07-20
S08801,C030,2024-01-10
S04097,C040,2023-12-17
S09236,C050,2024-09-10
S09797,C003,2025-04-10
S09720,C012,2024-05-11
S01958,C004,2025-06-22
S04143,C007,2024-08-01
S04041,C011,2025-06-01
S03110,C035,2025-02-06
S04690,C036,2023-12-06
S03493,C003,2024-04-14
S07253,C045,2024-02-07
S03892,C049,2024-08-11
S02832,C038,2024-04-07
S03089,C040,2025-05-17
S02224,C032,2023-12-06
S09674,C039,2025-07-13
S01469,C005,2024-07-29
S00047,C011,2025-01-01
S01271,C049,2024-06-04
S06083,C020,2024-06-08
S09127,C049,2025-09-17
S05535,C010,2025-06-18
S08522,C008,2024-05-24
S00200,C021,2025-02-09
S01157,C026,2024-11-01
S09320,C048,2025-05-23
S02891,C035,2024-07-27
S01934,C012,2025-04-12
S00500,C009,2024-04-27
S05056,C033,2024-10-24
S09353,C028,2024-06-22
S07586,C029,2024-03-25
S00955,C022,2024-08-09
S04211,C010,2025-06-13
S09018,C025,2024-09-09
S08058,C021,2025-06-28
S00755,C026,2025-12-02
S08560,C046,2024-06-16
S00976,C023,2024-04-28
S02314,C009,2024-01-26
S05951,C018,2025-04-21
S03487,C043,2024-06-09
S08959,C012,2024-04-06
S06751,C035,2025-09-06
S04967,C041,2024-09-24
S00516,C040,2024-02-06
S04083,C018,2025-07-23
S06295,C037,2024-12-24
S07835,C019,2024-05-08
S01324,C007,2025-01-02
S07229,C027,2024-04-09
S03340,C021,2024-05-08
S03840,C004,2025-08-21
S09527,C042,2024-11-01
S01420,C043,2024-11-14
S06172,C008,2024-07-20
S03341,C041,2025-07-07
S07020,C022,2025-02-15
S03627,C031,2024-09-07
S05937,C029,2025-01-10
S00954,C033,2023-12-31
S09911,C037,2025-07-01
S08703,C024,2024-11-11
S05829,C001,2024-01-08
S06484,C008,2025-06-30
S02419,C009,2025-11-23
S02435,C045,2024-10-27
S06543,C001,2025-04-03
S03970,C001,2025-01-07
S06220,C042,2025-10-25
S01382,C046,2024-05-17
S09545,C031,2024-12-13
S03912,C019,2024-03-06
S09099,C004,2024-11-10
S01773,C013,2023-12-16
S06378,C008,2025-03-26
S09043,C004,2025-02-15
S04649,C008,2025-11-16
S02983,C038,2024-01-08
S08409,C008,2024-04-24
S01531,C018,2025-09-19
S00879,C031,2024-02-05
S03850,C017,2025-05-07
S08903,C015,2024-07-24
S03449,C038,2024-06-09
S05699,C029,2024-11-14
S09113,C036,2024-05-16
S01575,C045,2025-10-13
S06984,C049,2024-01-21
S00380,C022,2025-05-12
S07943,C003,2025-11-19
S07041,C021,2025-01-21
S08584,C002,2024-09-15
S03876,C039,2024-03-23
S07014,C026,2024-07-09
S07359,C047,2025-04-22
S05173,C041,2024-03-03
S00161,C018,2024-06-30
S00751,C040,2025-11-01
S05885,C047,2025-06-21
S07891,C003,2024-12-24
S03894,C047,2025-05-24
S08493,C022,2024-10-24
S00500,C005,2025-04-30
S07927,C012,2024-07-31
S08372,C033,2024-12-18
S01023,C026,2024-04-01
S01767,C046,2025-02-10
S02661,C026,2024-11-10
S03736,C033,2024-04-03
S07875,C032,2024-09-25
S02816,C005,2024-12-21
S06420,C014,2025-09-28
S01830,C043,2025-01-24
S00761,C002,2024-07-17
S03880,C009,2023-12-27
S04289,C014,2024-09-28
S01332,C012,2025-09-17
S05111,C011,2024-02-28
S06531,C025,2025-05-19
S00602,C050,2024-11-20
S03112,C041,2024-05-26
S03643,C017,2025-09-27
S00331,C044,2024-03-20
S02041,C012,2024-01-19
S06239,C047,2025-07-16
S00575,C041,2024-08-14
S03895,C046,2024-04-08
S02067,C031,2024-03-03
S07812,C012,2024-01-04
S02099,C028,2025-01-12
S00316,C004,2025-05-20
S06739,C023,2025-11-14
S01471,C046,2025-01-28
S07601,C042,2023-12-17
S02737,C013,2025-11-11
S06632,C030,2025-10-27
S03586,C017,2024-03-24
S00789,C010,2025-08-27
S06771,C035,2025-07-08
S04007,C015,2024-12-14
S08614,C028,2025-10-26
S09489,C024,2025-04-17
S00967,C030,2024-08-25
S05162,C035,2025-07-22
S04691,C024,2024-04-10
S03940,C008,2024-05-08
S06244,C005,2025-08-19
S05607,C034,2024-02-07
S05956,C022,2025-02-28
S01144,C008,2024-10-21
S03793,C010,2025-01-29
S08867,C024,2024-08-06
S09908,C036,2024-05-18
S03854,C009,2025-08-16
S01886,C018,2025-11-28
S01512,C027,2024-09-19
S05514,C023,2025-09-28
S06202,C036,2024-08-23
S05517,C004,2024-02-10
S02346,C039,2024-06-14
S04955,C023,2025-05-18
S01596,C025,2024-01-16
S05152,C005,2025-09-13
S06005,C028,2024-03-09
S08928,C035,2024-06-06
S05599,C035,2024-01-24
S01804,C042,2025-07-22
S02213,C003,2024-04-02
S09842,C029,2025-10-14
S02410,C019,2025-01-26
S00216,C003,2024-01-19
S01853,C008,2023-12-12
S06344,C026,2024-01-31
S04525,C041,2025-06-07
S02013,C042,2024-04-21
S01079,C042,2024-11-10
S05273,C049,2024-07-25
S00338,C010,2024-07-19
S02307,C002,2024-11-01
S02865,C044,2025-08-09
S09031,C021,2024-05-19
S02253,C023,2024-06-18
S02140,C032,2024-11-09
S06858,C031,2025-11-19
S07719,C050,2025-09-23
S05472,C045,2025-02-07
S07845,C024,2025-05-10
S05077,C034,2025-05-12
S09406,C050,2024-07-30
S09349,C006,2024-05-05
S02719,C005,2024-10-24
S00970,C022,2024-11-06
S01298,C004,2025-10-17
S09437,C042,2024-12-09
S09952,C038,2025-10-22
S06704,C012,2025-02-18
S01530,C038,2024-10-10
S03986,C004,2024-08-23
S00938,C004,2024-11-17
S08840,C005,2024-12-28
S00916,C028,2025-02-22
S07551,C015,2025-03-28
S07669,C035,2025-05-19
S09413,C029,2024-11-30
S08513,C024,2025-11-07
S02240,C008,2025-02-12
S05286,C050,2024-12-20
S05982,C046,2024-01-31
S06541,C017,2024-10-31
S08985,C026,2025-03-03
S03678,C033,2024-02-02
S03589,C012,2025-05-01
S05679,C025,2024-10-24
S06869,C023,2025-11-21
S02788,C028,2025-06-21
S03227,C044,2025-11-15
S06182,C045,2025-01-03
S06618,C018,2024-12-08
S02269,C011,2025-02-10
S01829,C005,2024-10-19
S02528,C030,2024-05-14
S06497,C048,2025-05-30
S06927,C032,2025-01-28
S08016,C025,2024-04-19
S09130,C019,2024-08-25
S00596,C022,2025-06-21
S08586,C029,2024-07-26
S08473,C033,2025-08-31
S05434,C047,2025-07-24
S03488,C008,2024-05-11
S07670,C037,2024-11-28
S07438,C017,2024-01-26
S06052,C010,2024-06-18
S02485,C035,2025-06-20
S04220,C042,2024-09-10
S03780,C036,2024-04-04
S05980,C016,2025-03-28
S03311,C026,2024-10-05
S05687,C039,2024-12-04
S03292,C025,2024-03-12
S02117,C019,2025-10-15
S04460,C008,2024-02-09
S07049,C017,2025-02-02
S08911,C013,2024-01-15
S09075,C002,2025-03-12
S07043,C033,2024-06-19
S03513,C010,2024-08-30
S08453,C013,2024-08-30
S07994,C027,2025-06-05
S08747,C027,2023-12-23
S05854,C016,2025-04-09
S06981,C018,2025-10-09
S02314,C024,2024-02-24
S08095,C036,2023-12-22
S08819,C010,2024-11-24
S02397,C003,2024-08-11
S01755,C028,2024-04-06
S04308,C010,2025-06-20
S08515,C037,2024-12-11
S04085,C004,2025-09-07
S07508,C040,2024-12-19
S02320,C022,2025-03-25
S09445,C037,2025-04-10
S05804,C038,2025-03-31
S07531,C001,2024-02-16
S08571,C045,2024-08-23
S05339,C039,2024-04-02
S03917,C010,2024-04-08
S07481,C015,2025-09-04
S05706,C031,2024-03-20
S08646,C007,2024-02-19
S05294,C001,2024-05-05
S01397,C038,2025-05-01
S02389,C005,2024-05-12
S01235,C026,2025-02-28
S02163,C039,2024-04-27
S07963,C020,2025-02-26
S07803,C033,2025-05-22
S05303,C050,2025-06-03
S07623,C042,2024-04-29
S02145,C048,2024-09-21
S09230,C023,2024-01-19
S04321,C029,2025-06-15
S01769,C017,2024-09-18
S05980,C016,2024-01-23
S06552,C007,2024-01-03
S00509,C036,2025-07-09
S04656,C008,2025-07-14
S03740,C018,2024-08-21
S02352,C008,2025-11-26
S05152,C035,2024-04-09
S08124,C003,2025-02-28
S09295,C026,2025-05-06
S08384,C007,2024-08-21
S00968,C043,2025-07-28
S06617,C043,2025-03-04
S08944,C032,2024-07-12
S01254,C009,2024-04-25
S09044,C047,2025-04-23
S07929,C027,2024-05-12
S08969,C009,2024-11-29
S07699,C001,2025-06-23
S04073,C020,2024-10-14
S07662,C049,2024-08-29
S06127,C016,2025-04-25
S05265,C050,2024-01-26
S02157,C042,2024-04-30
S02641,C040,2024-09-01
S02549,C033,2025-01-12
S01442,C050,2024-12-27
S05124,C002,2024-11-22
S07484,C040,2023-12-07
S06406,C039,2025-10-12
S04410,C040,2024-10-30
S05987,C015,2025-09-14
S06081,C040,2023-12-09
S03503,C007,2025-09-29
S04606,C035,2024-10-31
S04051,C046,2024-09-25
S03585,C016,2025-05-18
S09576,C036,2025-07-21
S01331,C028,2025-01-18
S00179,C039,2025-10-31
S07357,C031,2024-06-28
S01948,C004,2024-12-14
S04424,C040,2024-08-26
S04308,C050,2024-08-04
S04313,C008,2024-09-21
S01140,C005,2024-02-15
S05338,C050,2025-04-15
S03775,C007,2025-09-06
S08731,C007,2025-07-12
S01544,C021,2024-11-22
S01269,C023,2025-09-29
S04947,C046,2024-02-03
S01019,C038,2024-01-18
S07868,C021,2025-01-27
S05199,C012,2024-11-11
S06025,C016,2025-05-17
S00747,C050,2025-07-19
S08996,C039,2024-07-14
S00575,C001,2025-08-23
S07495,C018,2025-10-12
S09704,C041,2025-03-28
S07258,C024,2024-08-22
S05276,C004,2024-01-01
S09472,C030,2024-03-26
S02457,C027,2025-10-30
S02290,C008,2025-11-19
S07314,C044,2025-06-28
S04201,C045,2025-03-22
S03168,C002,2024-06-16
S01859,C003,2024-02-07
S06131,C043,2025-05-17
S09242,C017,2024-12-07
S07198,C027,2025-08-28
S06762,C042,2024-04-04
S07788,C002,2024-10-18
S07901,C003,2024-03-25
S02482,C019,2025-03-28
S01532,C046,2025-11-18
S09019,C019,2025-02-20
S05926,C022,2025-01-07
S01090,C045,2024-01-02
S07077,C023,2025-07-17
S01786,C044,2025-11-09
S05745,C035,2024-07-15
S00424,C013,2025-02-07
S04445,C047,2025-12-04
S06412,C050,2024-08-06
S02072,C045,2025-04-08
S09545,C021,2025-09-09
S02259,C002,2024-07-28
S06256,C040,2025-06-20
S04070,C023,2023-12-10
S08598,C041,2024-01-27
S00162,C019,2024-05-22
S03066,C005,2024-06-29
S01291,C045,2024-01-24
S02270,C037,2025-03-19
S00708,C027,2024-01-24
S09808,C023,2025-04-30
S06231,C028,2025-03-15
S06009,C048,2024-04-23
S08953,C017,2024-11-20
S08274,C015,2024-11-28
S00951,C024,2024-11-04
S00859,C032,2025-11-30
S09186,C017,2024-03-19
S07214,C029,2025-02-04
S02025,C010,2025-02-24
S07048,C023,2025-05-19
S06634,C036,2024-12-05
S09219,C036,2024-05-29
S06677,C011,2024-01-23
S03734,C005,2025-02-13
S02509,C025,2025-09-04
S04426,C047,2025-03-22
S06428,C036,2025-10-30
S05161,C034,2024-06-24
S08731,C002,2025-06-10
S05761,C022,2024-04-20
S03496,C041,2025-06-04
S04622,C019,2025-09-13
S04864,C008,2025-04-27
S04132,C002,2024-10-13
S02854,C030,2024-01-22
S06905,C018,2024-08-04
S03757,C046,2025-03-15
S00174,C027,2025-09-14
S01410,C036,2025-02-10
S00499,C034,2024-11-23
S02874,C001,2024-01-31
S02214,C016,2025-06-01
S03784,C021,2025-09-21
S00202,C040,2025-07-10
S00133,C030,2024-11-17
S03751,C046,2024-04-14
S04597,C034,2025-06-03
S00816,C038,2024-06-30
S07633,C031,2024-06-21
S09961,C008,2025-08-11
S07249,C038,2025-09-11
S02714,C045,2024-01-18
S07926,C045,2025-01-01
S03533,C005,2025-05-15
S09761,C029,2024-02-18
S07781,C004,2024-07-31
S06311,C045,2024-11-05
S04439,C014,2024-05-25
S02349,C025,2024-12-11
S08353,C003,2023-12-30
S09792,C002,2023-12-24
S07549,C012,2024-11-16
S04481,C042,2025-11-17
S05590,C012,2025-08-11
S08360,C039,2024-01-13
S05439,C050,2025-05-20
S00793,C048,2025-11-15
S04492,C016,2025-09-29
S02363,C014,2024-05-04
S03235,C044,2024-03-18
S05114,C013,2025-10-10
S09296,C019,2025-07-21
S09917,C042,2024-01-02
S00408,C041,2025-07-13
S05906,C013,2025-02-14
S06487,C047,2024-11-23
S08651,C003,2025-04-11
S00007,C043,2024-10-11
S01097,C045,2025-09-30
S03515,C033,2024-05-21
S04485,C025,2025-10-14
S07243,C005,2024-10-29
S07814,C029,2025-05-09
S04750,C030,2024-04-29
S03573,C042,2025-06-15
S08620,C043,2024-02-01
S07874,C012,2024-03-12
S05223,C022,2025-03-01
S09431,C035,2025-02-11
S06940,C033,2024-05-20
S02918,C013,2025-09-20
S01276,C003,2024-08-17
S04907,C003,2024-07-05
S07364,C007,2024-07-15
S05712,C017,2025-02-12
S03480,C014,2024-10-10
S07240,C031,2025-07-12
S02169,C007,2024-03-28
S09713,C045,2024-11-12
S03396,C046,2025-11-22
S06445,C027,2025-10-31
S08653,C004,2025-06-18
S00832,C021,2025-10-23
S09586,C045,2025-02-07
S06509,C015,2024-12-25
S08753,C021,2023-12-14
S08083,C044,2023-12-24
S04853,C008,2024-06-11
S04060,C005,2024-02-03
S02340,C026,2024-06-22
S09419,C021,2024-11-22
S04489,C011,2025-08-19
S01405,C012,2024-09-24
S08999,C018,2025-04-27
S06083,C029,2024-04-08
S04851,C016,2024-02-14
S09734,C013,2025-02-04
S01737,C047,2024-12-29
S07087,C019,2025-03-19
S05954,C014,2024-09-20
S05582,C041,2024-05-10
S05533,C007,2025-05-26
S01962,C020,2024-04-29
S09811,C025,2024-11-17
S09551,C003,2024-11-20
S04243,C037,2024-07-17
S06810,C004,2024-03-30
S08646,C016,2024-04-19
S04460,C006,2025-04-02
S02655,C023,2024-10-11
S04518,C046,2025-07-27
S06506,C004,2024-08-07
S00185,C041,2024-12-28
S05580,C005,2025-02-14
S02049,C037,2024-02-20
S08889,C020,2025-07-15
S02319,C010,2025-03-13
S08212,C047,2025-06-20
S06224,C046,2024-05-09
S07549,C048,2024-11-28
S02834,C026,2025-07-20
S00749,C008,2024-11-08
S03755,C021,2024-12-23
S01104,C024,2025-06-29
S08272,C039,2024-06-02
S05821,C028,2023-12-22
S04306,C016,2025-04-28
S02100,C005,2023-12-31
S04591,C038,2025-09-04
S05248,C035,2024-11-12
S04345,C035,2023-12-16
S09129,C036,2025-03-17
S00180,C004,2025-09-14
S02766,C042,2025-06-20
S01259,C050,2024-01-26
S05275,C044,2024-12-04
S00885,C042,2024-05-16
S08833,C016,2024-04-16
S08002,C026,2025-04-03
S01947,C046,2024-02-06
S09235,C001,2025-06-10
S04331,C044,2024-02-26
S01446,C032,2025-10-31
S08261,C041,2024-07-26
S00830,C010,2024-02-02
S07636,C027,2024-10-10
S09293,C030,2025-06-03
S08588,C041,2025-03-06
S02026,C001,2024-08-24
S01017,C026,2025-06-20
S04500,C045,2024-07-10
S05143,C036,2023-12-17
S08188,C029,2024-12-01
S02048,C050,2025-11-29
S08745,C022,2024-03-24
S05862,C026,2025-01-07
S03128,C049,2025-05-07
S05560,C015,2024-10-02
S02950,C039,2024-03-28
S04709,C017,2025-10-27
S07634,C012,2025-04-12
S05453,C014,2024-08-16
S00647,C001,2025-07-31
S04021,C007,2024-06-02
S04201,C016,2024-02-28
S09241,C033,2024-01-02
S09753,C044,2024-11-30
S04913,C008,2025-08-11
S00124,C030,2025-02-18
S09029,C050,2025-07-19
S07131,C049,2025-05-13
S02639,C018,2024-03-28
S09531,C010,2025-01-10
S04939,C036,2025-02-13
S05312,C044,2024-06-18
S06442,C027,2024-02-15
S01241,C009,2025-06-05
S00235,C041,2024-05-09
S02930,C022,2024-08-10
S09222,C047,2024-11-12
S01831,C029,2025-09-04
S06612,C050,2025-03-24
S03938,C019,2024-03-18
S08590,C021,2025-02-05
S00473,C018,2025-09-23
S01891,C037,2024-04-29
S09007,C018,2024-06-25
S07332,C006,2024-07-05
S04461,C036,2024-04-06
S07388,C032,2025-09-04
S05771,C047,2024-02-22
S01265,C028,2024-08-02
S08205,C044,2024-07-06
S02714,C010,2025-05-14
S07466,C014,2025-03-07
S09410,C025,2024-01-07
S05163,C036,2025-07-23
S10000,C010,2024-12-06
S07750,C015,2025-04-10
S06032,C043,2025-04-11
S02277,C022,2025-05-24
S02125,C024,2025-07-06
S00850,C014,2024-06-28
S01588,C015,2024-09-14
S06537,C048,2024-05-15
S02213,C015,2023-12-07
S02670,C050,2025-08-07
S09896,C042,2025-11-11
S06534,C009,2025-10-16
S07896,C004,2025-01-01
S01640,C012,2024-04-22
S01975,C021,2025-04-17
S04911,C011,2025-05-05
S05801,C005,2023-12-23
S02340,C014,2024-06-01
S04468,C038,2024-04-11
S05264,C043,2025-08-06
S07123,C006,2024-02-13
S01207,C043,2025-08-28
S03219,C047,2024-05-23
S04025,C020,2025-02-20
S07867,C012,2025-11-13
S01582,C039,2024-05-23
S06991,C019,2024-07-31
S09223,C040,2024-01-06
S00409,C005,2025-08-14
S06143,C020,2025-04-25
S04367,C040,2025-08-05
S05631,C012,2025-10-28
S06411,C044,2024-01-18
S03295,C004,2024-02-04
S02605,C003,2023-12-27
S07801,C004,2024-06-10
S07069,C024,2023-12-12
S02307,C046,2024-10-22
S03493,C040,2025-11-23
S03762,C039,2024-03-26
S05162,C007,2025-03-08
S06565,C013,2025-12-02
S02714,C041,2025-10-12
S09878,C025,2024-12-09
S04832,C036,2025-11-03
S05370,C033,2024-05-15
S05662,C023,2024-10-03
S05109,C046,2024-10-27
S05470,C040,2024-10-11
S02119,C011,2025-03-24
S01145,C008,2024-11-10
S09147,C029,2024-05-16
S06776,C014,2025-04-02
S03341,C009,2025-06-18
S08391,C050,2024-09-21
S09180,C003,2024-03-16
S09513,C021,2025-11-11
S08167,C018,2024-01-13
S08014,C032,2024-02-01
S03359,C003,2025-04-25
S07685,C050,2023-12-13
S09626,C046,2024-03-13
S08495,C008,2024-01-30
S08527,C015,2024-04-14
S07532,C050,2025-06-15
S01440,C001,2025-10-01
S06055,C005,2025-11-26
S02248,C048,2025-09-11
S01295,C030,2025-09-16
S09488,C042,2025-02-28
S00354,C049,2024-06-17
S01282,C009,2025-04-04
S07033,C048,2025-04-08
S00201,C043,2024-01-28
S02989,C015,2025-07-30
S01405,C038,2025-08-17
S07572,C032,2025-08-21
S01601,C021,2024-07-27
S04426,C029,2024-01-09
S04696,C012,2025-07-26
S07112,C048,2024-08-03
S07714,C007,2023-12-16
S09263,C031,2024-10-06
S08356,C032,2025-08-07
S02857,C036,2025-08-17
S04467,C004,2024-04-12
S00202,C001,2024-10-09
S04258,C028,2024-10-19
S01838,C021,2024-01-21
S02012,C020,2024-10-16
S01800,C044,2024-04-17
S09234,C039,2025-07-03
S05750,C019,2024-04-13
S09806,C046,2024-03-15
S09010,C021,2024-10-03
S03657,C032,2025-09-11
S01019,C012,2025-12-03
S08675,C037,2025-10-05
S03948,C050,2024-10-31
S09429,C050,2025-02-03
S03514,C008,2024-04-04
S03502,C023,2025-05-23
S02489,C020,2025-04-17
S01416,C024,2024-10-24
S08256,C013,2024-10-30
S06703,C022,2024-05-16
S02619,C043,2025-01-19
S00109,C015,2025-02-13
S08204,C044,2025-08-22
S03952,C004,2024-08-30
S03108,C038,2025-11-13
S04055,C036,2023-12-05
S02869,C010,2025-08-24
S06342,C017,2025-05-24
S01915,C046,2025-11-16
S07629,C023,2024-08-18
S04255,C042,2025-10-31
S09686,C036,2024-11-21
S03241,C027,2025-02-18
S09568,C018,2025-03-22
S08877,C044,2024-07-23
S05919,C018,2024-05-05
S04557,C032,2024-01-07
S07929,C037,2025-09-02
S00333,C024,2024-10-25
S07813,C033,2025-04-01
S09686,C004,2025-05-01
S06243,C031,2025-03-22
S09587,C025,2025-07-11
S09627,C029,2024-09-15
S01969,C047,2025-04-15
S06147,C035,2025-07-10
S02868,C038,2023-12-12
S07359,C037,2025-07-19
S03979,C002,2025-03-25
S09238,C035,2025-06-14
S05791,C050,2024-06-18
S02852,C019,2025-10-30
S04371,C022,2025-09-27
S00441,C048,2025-05-05
S03318,C012,2024-12-26
S02305,C049,2025-02-19
S01545,C009,2025-10-19
S07021,C038,2025-03-04
S06634,C025,2024-09-09
S02140,C005,2025-08-30
S07644,C023,2025-09-07
S09104,C030,2025-09-08
S08404,C022,2025-08-14
S03988,C032,2025-10-10
S01557,C050,2025-09-13
S05365,C048,2025-07-05
S06996,C031,2025-08-02
S08318,C018,2024-11-22
S06855,C018,2025-04-26
S01278,C012,2025-01-13
S03493,C048,2025-01-28
S09419,C013,2024-09-19
S04746,C030,2025-04-06
S07162,C030,2025-06-04
S09452,C031,2025-10-23
S05890,C023,2024-12-22
S08133,C048,2025-02-18
S04308,C010,2024-05-31
S06307,C017,2025-07-06
S03166,C030,2025-06-14
S07755,C011,2025-07-11
S05618,C005,2025-01-21
S03598,C001,2024-11-08
S02213,C004,2024-07-30
S08042,C047,2025-06-22
S06859,C006,2024-02-11
S09902,C016,2025-06-27
S00911,C019,2025-08-21
S08204,C026,2025-07-19
S03018,C008,2025-05-16
S01780,C007,2024-09-25
S00502,C015,2024-05-06
S04956,C022,2025-10-10
S07288,C039,2025-11-07
S09129,C007,2025-04-22
S02869,C045,2024-03-29
S06978,C040,2023-12-28
S03988,C042,2023-12-13
S06724,C009,2024-02-20
S02957,C042,2025-09-14
S09924,C002,2025-02-26
S05010,C047,2025-10-03
S08067,C032,2025-09-21
S08281,C044,2024-08-19
S02244,C045,2025-01-12
S06182,C034,2025-09-01
S06865,C006,2025-12-02
S02543,C043,2024-01-19
S00476,C024,2025-02-16
S07043,C007,2024-07-31
S01694,C048,2024-01-17
S04602,C022,2023-12-12
S09969,C010,2025-08-31
S03706,C023,2024-11-23
S02529,C030,2025-09-03
S01706,C004,2024-09-12
S03369,C021,2025-05-01
S04979,C005,2024-08-24
S01386,C026,2024-08-06
S01301,C014,2025-01-23
S03070,C047,2024-10-29
S04882,C041,2024-08-12
S00768,C046,2025-03-08
S01714,C013,2024-09-19
S07783,C016,2024-02-01
S01391,C045,2024-05-06
S01561,C020,2025-06-21
S00285,C030,2024-10-28
S08627,C019,2024-07-17
S02607,C033,2025-12-04
S02601,C044,2025-11-06
S05687,C014,2023-12-29
S00114,C034,2024-01-15
S08901,C002,2024-04-14
S01398,C017,2025-08-16
S08066,C042,2024-08-29
S02006,C050,2025-06-11
S05428,C045,2024-07-02
S03243,C036,2025-06-27
S05913,C008,2024-03-13
S04962,C007,2025-04-10
S00843,C026,2024-04-24
S05016,C035,2025-04-14
S09717,C045,2025-02-15
S02146,C034,2023-12-08
S00299,C010,2023-12-29
S01561,C031,2024-05-16
S06643,C048,2024-09-12
S09115,C016,2024-06-26
S02205,C002,2024-08-13
S03848,C032,2024-02-08
S02385,C019,2024-01-26
S06508,C044,2024-07-09
S05671,C026,2025-08-13
S06005,C018,2024-05-29
S06478,C033,2023-12-09
S05384,C008,2024-11-13
S04142,C018,2025-04-21
S09196,C039,2024-07-09
S02618,C005,2025-07-31
S07742,C035,2025-03-01
S03117,C015,2025-07-27
S09455,C040,2024-06-28
S01156,C020,2024-02-06
S07479,C008,2025-02-19
S05898,C040,2025-11-30
S09962,C013,2024-06-22
S08427,C005,2025-04-01
S00324,C046,2025-02-20
S02953,C025,2025-05-08
S09687,C031,2025-06-05
S05561,C046,2024-06-04
S09762,C026,2024-03-13
S02445,C036,2024-06-15
S07159,C029,2025-03-23
S00530,C023,2025-01-14
S00428,C024,2025-04-18
S07805,C033,2025-02-01
S06011,C032,2024-01-28
S02668,C019,2025-01-20
S06225,C033,2024-10-25
S03722,C030,2023-12-05
S01923,C023,2025-09-04
S09809,C035,2024-02-02
S06679,C012,2025-06-24
S08068,C005,2025-02-02
S07969,C047,2024-02-25
S06963,C016,2024-09-27
S05303,C045,2024-01-20
S08281,C048,2024-06-22
S03959,C008,2025-01-11
S00366,C033,2025-03-19
S02653,C037,2024-10-04
S03364,C035,2025-09-07
S00966,C040,2025-08-07
S09125,C016,2025-09-03
S00154,C042,2024-05-30
S03376,C039,2024-10-17
S06794,C005,2024-10-03
S06192,C029,2025-02-26
S07628,C040,2024-07-08
S04398,C041,2023-12-21
S09261,C012,2025-03-05
S00194,C009,2025-11-12
S03153,C029,2025-07-26
S02213,C021,2024-04-23
S08607,C009,2025-04-21
S01174,C017,2024-02-01
S00161,C038,2024-06-08
S01698,C012,2024-08-21
S06938,C012,2024-08-05
S00172,C019,2025-05-05
S06231,C001,2024-03-08
S07308,C001,2025-05-25
S05529,C009,2024-06-20
S09188,C042,2025-10-12
S04794,C046,2024-09-19
S05636,C030,2024-04-07
S05157,C044,2024-09-21
S09170,C024,2025-02-19
S04357,C027,2024-09-12
S09528,C035,2024-04-25
S00456,C050,2023-12-15
S03525,C032,2024-03-06
S09231,C022,2024-08-17
S01769,C043,2025-01-22
S05046,C036,2024-04-12
S02767,C034,2024-01-14
S06545,C016,2024-12-03
S00803,C044,2024-02-27
S04801,C049,2024-04-07
S00284,C009,2025-01-03
S05719,C022,2024-09-01
S01286,C028,2025-04-06
S01403,C050,2024-05-24
S06415,C001,2024-03-14
S03718,C029,2025-04-09
S05093,C032,2025-06-24
S07962,C049,2024-10-31
S04178,C017,2025-09-17
S09120,C032,2024-04-06
S04894,C012,2025-03-29
S08782,C003,2023-12-08
S05047,C035,2025-11-08
S06190,C042,2023-12-23
S08110,C028,2025-08-27
S09319,C034,2025-08-13
S09216,C011,2024-08-24
S09203,C047,2025-08-03
S00370,C010,2024-03-22
S05383,C025,2025-09-21
S02975,C044,2024-12-08
S07543,C032,2025-09-03
S06429,C028,2025-02-05
S02891,C010,2023-12-24
S03245,C018,2025-06-08
S01703,C036,2024-11-14
S00306,C038,2024-04-01
S08948,C042,2023-12-10
S01040,C003,2024-01-22
S03737,C005,2025-05-26
S00505,C005,2025-04-13
S04188,C036,2025-03-19
S01760,C039,2024-05-12
S02046,C032,2024-01-20
S03542,C050,2025-06-08
S06769,C040,2024-08-15
S06752,C032,2024-04-19
S01251,C003,2024-10-23
S05961,C035,2024-07-26
S05566,C032,2025-07-14
S05186,C049,2025-02-10
S03732,C017,2025-11-06
S02141,C023,2025-02-01
S07019,C032,2024-07-28
S01667,C024,2025-10-14
S09708,C046,2024-02-08
S07408,C031,2025-05-22
S00009,C039,2024-08-27
S09990,C012,2025-04-30
S03096,C017,2025-08-24
S02837,C007,2025-05-22
S02748,C015,2025-08-22
S03492,C032,2024-05-31
S00749,C025,2024-09-08
S08713,C043,2024-01-25
S02770,C050,2024-02-08
S02443,C024,2024-08-06
S00798,C047,2024-04-17
S09034,C003,2025-02-25
S06538,C049,2024-03-04
S09420,C009,2024-10-17
S05784,C039,2025-03-31
S09448,C041,2024-12-19
S01601,C007,2025-03-11
S05658,C036,2025-10-13
S02680,C040,2025-02-23
S04859,C043,2025-11-05
S00872,C002,2024-05-27
S03316,C012,2025-02-09
S08495,C014,2024-03-28
S05676,C047,2024-01-06
S01582,C048,2024-06-29
S09460,C046,2024-06-06
S06634,C036,2025-09-01
S07245,C028,2025-01-28
S04614,C024,2025-11-18
S01222,C036,2025-08-02
S00748,C050,2025-10-23
S01028,C049,2024-01-19
S06014,C043,2023-12-29
S08528,C006,2025-08-18
S02542,C002,2025-08-02
S04672,C027,2024-06-23
S06922,C030,2024-02-20
S07363,C008,2024-06-16
S07729,C033,2024-06-02
S04112,C048,2024-05-12
S01757,C010,2024-05-12
S06736,C003,2025-03-24
S03095,C039,2025-07-20
S06539,C042,2025-11-15
S09142,C045,2025-09-29
S08002,C035,2025-07-23
S08964,C014,2025-08-06
S09387,C040,2024-03-31
S08868,C030,2025-11-28
S08105,C017,2025-05-27
S03584,C025,2024-01-10
S01257,C036,2025-03-19
S04624,C018,2024-10-18
S07883,C038,2025-05-18
S03789,C048,2025-08-01
S04494,C031,2024-03-18
S07495,C009,2025-01-27
S09332,C034,2025-08-14
S05362,C020,2025-08-31
S01925,C012,2024-03-10
S05475,C013,2024-04-23
S04891,C030,2024-03-05
S07430,C021,2025-07-03
S06581,C011,2024-10-29
S04826,C021,2025-11-13
S03381,C036,2025-04-06
S02539,C021,2025-01-28
S05732,C038,2025-02-15
S07180,C025,2024-01-31
S09769,C028,2025-08-26
S05105,C018,2025-06-24
S07788,C042,2025-03-26
S04891,C044,2024-06-29
S06325,C050,2024-02-18
S02846,C050,2025-11-27
S05199,C008,2024-04-12
S05911,C018,2025-06-15
S03124,C035,2024-05-08
S05952,C015,2025-03-14
S01606,C048,2025-12-01
S06329,C018,2024-03-02
S00707,C007,2025-04-09
S04839,C017,2025-02-10
S09858,C024,2025-03-18
S07392,C038,2023-12-24
S07794,C027,2024-02-17
S04493,C006,2024-06-11
S03100,C006,2024-07-02
S00617,C009,2024-06-29
S06565,C023,2024-07-12
S09995,C050,2024-10-19
S01391,C003,2024-07-11
S03533,C019,2024-08-27
S01171,C006,2024-01-06
S02844,C040,2025-06-18
S02617,C040,2024-11-10
S04093,C038,2023-12-23
S07987,C023,2024-01-19
S09468,C005,2024-12-26
S03825,C046,2025-05-05
S01571,C024,2024-09-16
S08953,C044,2025-09-30
S01823,C044,2024-03-22
S05771,C020,2025-10-03
S08251,C005,2024-06-28
S01139,C033,2024-10-14
S09395,C033,2024-04-17
S04493,C024,2025-01-06
S02542,C030,2024-09-21
S00542,C034,2025-06-23
S00830,C020,2024-04-15
S01840,C010,2024-12-13
S03762,C047,2025-07-14
S02417,C012,2024-06-15
S05170,C018,2025-01-21
S08755,C043,2024-09-12
S06084,C030,2024-12-12
S04486,C038,2025-06-05
S05653,C044,2024-11-14
S00303,C013,2025-03-10
S04062,C035,2025-04-21
S09073,C029,2025-02-27
S02154,C033,2024-11-12
S02491,C038,2024-07-18
S05635,C002,2024-12-07
S00353,C042,2024-01-07
S09301,C028,2024-09-28
S05859,C045,2023-12-18
S04334,C005,2024-05-09
S04830,C036,2024-08-19
S03179,C046,2025-04-24
S06849,C036,2025-07-29
S09409,C048,2025-11-21
S05700,C027,2025-07-13
S03502,C022,2024-10-09
S08161,C033,2025-01-23
S04861,C049,2024-03-22
S07375,C001,2025-05-05
S05181,C027,2024-01-30
S02118,C004,2023-12-25
S05925,C041,2023-12-13
S00452,C037,2024-12-15
S06861,C048,2025-02-12
S02329,C024,2025-08-15
S03389,C032,2025-03-19
S01715,C043,2025-01-03
S05804,C040,2025-06-06
S06767,C010,2024-07-31
S03946,C026,2024-08-12
S09872,C021,2025-01-30
S09121,C017,2024-04-30
S09886,C005,2025-11-14
S06499,C047,2025-05-29
S05026,C040,2025-08-30
S00957,C008,2024-10-19
S08735,C023,2025-08-07
S00399,C029,2025-05-26
S00838,C029,2024-12-14
S02356,C003,2025-01-08
S07403,C042,2024-03-10
S02234,C002,2024-01-23
S06889,C012,2025-02-19
S07481,C017,2024-05-06
S00157,C030,2024-10-11
S00818,C014,2024-10-17
S03594,C035,2025-02-02
S08800,C044,2025-05-25
S02529,C023,2025-09-28
S05737,C032,2025-11-28
S04151,C011,2025-05-08
S05987,C025,2025-04-16
S09057,C005,2024-09-17
S06404,C017,2025-05-25
S02727,C015,2024-01-14
S00553,C008,2024-08-29
S05595,C041,2025-01-29
S09539,C048,2024-03-25
S06427,C005,2024-07-17
S00433,C027,2024-04-21
S01299,C007,2024-04-06
S03438,C042,2025-01-31
S07743,C013,2024-01-26
S02475,C042,2025-06-12
S04597,C049,2025-01-20
S06503,C020,2025-03-03
S06718,C041,2025-10-17
S08240,C004,2025-10-10
S03271,C029,2025-10-28
S07423,C006,2024-02-22
S01312,C009,2025-08-16
S01903,C038,2024-04-18
S04468,C014,2024-01-04
S08399,C032,2024-08-29
S05749,C025,2025-03-13
S05729,C027,2025-04-02
S00544,C032,2024-02-02
S01936,C022,2025-03-23
S02853,C039,2024-11-01
S03339,C038,2025-03-04
S08941,C008,2025-05-01
S08113,C034,2024-04-07
S03903,C021,2024-08-10
S05180,C005,2025-07-17
S04790,C025,2025-10-04
S05633,C048,2024-08-01
S02808,C030,2025-06-24
S09629,C031,2024-09-30
S05781,C027,2025-04-10
S05792,C024,2025-03-03
S09010,C045,2024-06-11
S07602,C035,2025-10-17
S03510,C023,2024-02-06
S01906,C034,2024-05-25
S05019,C009,2024-05-02
S02513,C007,2024-03-28
S00218,C004,2025-05-26
S03204,C013,2024-03-11
S07791,C037,2024-09-16
S09318,C004,2025-06-02
S08638,C008,2024-10-05
S05149,C008,2025-02-16
S00138,C045,2024-06-12
S03707,C049,2023-12-20
S08291,C041,2024-01-18
S06907,C009,2024-07-16
S02637,C006,2023-12-28
S03261,C037,2025-04-13
S01401,C019,2025-03-07
S03292,C028,2024-09-03
S08647,C013,2024-10-27
S08963,C020,2024-03-02
S02093,C047,2025-02-24
S07484,C027,2025-05-10
S02966,C044,2025-02-06
S08767,C033,2024-05-28
S04132,C045,2024-03-01
S06562,C033,2024-01-30
S00407,C040,2024-03-15
S08894,C019,2025-10-15
S01603,C019,2024-01-05
S06734,C023,2025-07-28
S03102,C019,2024-03-02
S02936,C014,2025-02-20
S02707,C037,2025-02-27
S00326,C046,2024-07-26
S00312,C042,2025-11-29
S09948,C026,2025-09-19
S05098,C003,2025-07-14
S09543,C023,2024-04-24
S06899,C032,2024-06-07
S04644,C050,2024-08-16
S02249,C014,2025-07-21
S07760,C040,2024-10-18
S00432,C004,2025-02-15
S07766,C023,2024-02-13
S09976,C004,2024-09-04
S00608,C001,2025-08-09
S03312,C007,2025-09-30
S06234,C010,2024-05-11
S01321,C037,2025-07-27
S00492,C001,2024-09-28
S03434,C023,2024-09-04
S04996,C013,2025-11-25
S07323,C035,2024-09-03
S03320,C019,2024-11-13
S03972,C009,2024-12-27
S01878,C001,2024-09-14
S01073,C015,2023-12-12
S04188,C022,2025-05-17
S01321,C042,2024-06-01
S05921,C023,2024-04-02
S06905,C046,2025-08-13
S07998,C008,2024-03-07
S01272,C040,2024-03-19
S07817,C031,2024-05-17
S08842,C008,2025-10-09
S01580,C045,2025-08-27
S05630,C042,2024-02-12
S05026,C005,2024-09-01
S07763,C013,2024-11-18
S08308,C015,2025-12-03
S00243,C043,2024-08-12
S04381,C031,2024-10-08
S03665,C022,2025-03-17
S02404,C043,2024-04-03
S03544,C001,2025-03-24
S00529,C008,2025-09-07
S06160,C042,2025-11-21
S06548,C006,2024-01-29
S05809,C050,2024-08-10
S03577,C011,2025-11-12
S08776,C004,2024-04-05
S03549,C004,2025-11-09
S07858,C021,2025-09-06
S03336,C020,2024-07-13
S08032,C010,2025-09-22
S04074,C017,2024-12-23
S03190,C029,2025-03-11
S03453,C048,2024-04-02
S01875,C047,2025-02-12
S06429,C049,2025-09-26
S07988,C037,2024-10-06
S01788,C002,2025-04-19
S00131,C033,2025-07-05
S06035,C026,2024-12-01
S03626,C042,2024-09-29
S04376,C030,2025-12-01
S05872,C020,2025-03-23
S07700,C005,2025-05-19
S01741,C043,2024-08-14
S02950,C041,2025-04-14
S08189,C015,2025-10-25
S02686,C024,2025-03-04
S02791,C019,2024-10-24
S07473,C026,2024-12-21
S00926,C002,2025-10-25
S06723,C034,2024-05-25
S07342,C043,2025-04-11
S08568,C024,2024-01-27
S08376,C026,2023-12-22
S03051,C005,2025-12-02
S06519,C003,2024-10-07
S02643,C028,2025-03-03
S05500,C027,2024-11-29
S09446,C042,2024-07-23
S01807,C005,2024-10-04
S04973,C040,2025-11-28
S09540,C012,2024-12-10
S02859,C006,2025-11-11
S04186,C034,2024-04-06
S06365,C044,2024-11-18
S01143,C038,2024-02-11
S05534,C020,2025-01-25
S03695,C001,2025-12-01
S00815,C002,2024-08-28
S00970,C018,2024-08-11
S01886,C015,2024-01-13
S03409,C007,2025-07-15
S07750,C022,2025-01-22
S04372,C017,2024-01-27
S03668,C018,2025-09-18
S04816,C019,2024-04-23
S07400,C034,2024-07-29
S09455,C004,2024-10-24
S07710,C039,2024-05-30
S06717,C003,2025-07-30
S01952,C031,2024-11-08
S00684,C028,2025-02-27
S03459,C034,2025-03-22
S00258,C046,2024-02-26
S05162,C026,2025-07-09
S07637,C006,2024-01-27
S00207,C007,2024-05-01
S00981,C012,2024-04-06
S05513,C031,2024-09-01
S07363,C031,2025-03-30
S01008,C044,2025-11-14
S09916,C025,2025-03-12
S00989,C040,2024-11-19
S06468,C018,2024-09-03
S00141,C046,2023-12-18
S00141,C007,2025-07-02
S07829,C021,2025-05-16
S04652,C044,2025-08-13
S00355,C011,2024-03-06
S08177,C040,2024-09-29
S01972,C039,2025-02-07
S09694,C010,2025-10-11
S08388,C035,2025-05-26
S07386,C038,2025-08-05
S03389,C036,2024-12-20
S06471,C004,2024-10-15
S04065,C006,2025-04-15
S03504,C002,2025-01-04
S01922,C035,2025-03-28
S05136,C020,2025-01-05
S06382,C020,2024-04-10
S04092,C001,2024-06-27
S06890,C033,2024-04-07
S04905,C004,2024-12-27
S09746,C047,2025-05-14
S07604,C028,2024-10-21
S04222,C024,2024-04-12
S00955,C032,2025-01-11
S04507,C038,2024-08-06
S09989,C044,2025-10-16
S03449,C021,2025-04-29
S04064,C003,2025-01-13
S07175,C021,2025-11-05
S03437,C049,2025-03-24
S01068,C034,2024-07-30
S06065,C014,2024-06-04
S03086,C045,2024-10-06
S01583,C034,2024-03-13
S06792,C038,2024-04-30
S01138,C049,2024-10-14
S09461,C018,2024-02-02
S02135,C017,2025-04-21
S00423,C018,2024-04-02
S03637,C033,2025-08-07
S07538,C026,2024-07-04
S01259,C036,2025-07-05
S04775,C039,2024-10-30
S05224,C049,2024-11-09
S07955,C008,2024-10-26
S09896,C037,2025-03-03
S07585,C009,2025-06-12
S05074,C031,2025-06-04
S00725,C015,2024-09-04
S03937,C047,2024-06-12
S04613,C015,2024-07-29
S09141,C019,2025-04-01
S04167,C044,2025-08-25
S08039,C024,2024-03-12
S01628,C011,2023-12-07
S03661,C038,2024-03-05
S05949,C020,2025-04-06
S05005,C036,2025-08-07
S07182,C046,2024-03-09
S07847,C004,2025-10-07
S03455,C015,2024-06-15
S09379,C010,2025-03-22
S03502,C045,2025-02-07
S07796,C030,2024-02-24
S02069,C029,2024-12-01
S08558,C013,2025-11-07
S01065,C034,2025-05-20
S09174,C042,2025-03-18
S01927,C012,2024-03-22
S01812,C020,2025-08-26
S03724,C033,2024-06-11
S04416,C024,2025-03-03
S09891,C007,2024-09-11
S08688,C036,2025-05-05
S02447,C037,2025-04-28
S00126,C038,2024-07-23
S06595,C031,2024-03-04
S08697,C037,2025-09-12
S06988,C031,2024-01-20
S02380,C017,2025-09-26
S02656,C039,2024-09-06
S07151,C006,2024-05-14
S08075,C048,2024-04-11
S09587,C021,2024-02-26
S04651,C043,2024-01-09
S03963,C030,2023-12-15
S09635,C007,2024-03-02
S08187,C034,2024-09-20
S00831,C046,2024-03-13
S05652,C044,2025-07-17
S01973,C042,2024-09-02
S07599,C011,2025-06-17
S04092,C033,2025-03-08
S09165,C022,2024-05-18
S08421,C038,2025-04-26
S02462,C039,2025-10-22
S06540,C042,2024-06-12
S06728,C022,2024-12-01
S08011,C040,2025-03-29
S00650,C006,2024-12-22
S06840,C037,2024-11-21
S02824,C041,2025-04-20
S01672,C030,2025-06-03
S00429,C009,2024-01-19
S01926,C040,2024-01-02
S04740,C011,2024-06-04
S05429,C032,2024-10-16
S00530,C002,2024-11-28
S06838,C010,2025-03-10
S04770,C040,2023-12-06
S01670,C044,2024-10-30
S08001,C035,2025-09-11
S01665,C005,2025-04-27
S05747,C043,2023-12-23
S07923,C011,2025-09-26
S00089,C011,2025-11-17
S02585,C022,2025-02-14
S00822,C044,2025-09-01
S05848,C048,2024-04-05
S08171,C014,2025-06-14
S04670,C045,2024-05-03
S03099,C046,2025-02-12
S06529,C003,2024-10-06
S07530,C044,2025-11-20
S04402,C030,2024-12-28
S09897,C018,2025-10-03
S04129,C036,2024-12-20
S03587,C032,2024-09-26
S09472,C035,2025-01-13
S03065,C019,2024-03-05
S07213,C002,2024-12-02
S04427,C041,2024-04-08
S05529,C002,2025-02-12
S08563,C025,2023-12-20
S09734,C009,2024-08-01
S03362,C002,2024-07-07
S09714,C042,2025-07-22
S03409,C043,2024-04-19
S04714,C031,2024-07-19
S00941,C012,2025-01-29
S04457,C003,2025-02-19
S05470,C030,2025-01-14
S06885,C002,2025-02-25
S01780,C005,2024-12-19
S01296,C043,2025-01-22
S04478,C020,2024-06-11
S03102,C017,2025-08-13
S04164,C042,2025-07-01
S02667,C048,2025-10-11
S00191,C039,2024-07-03
S05835,C021,2025-02-13
S09875,C037,2025-09-11
S08317,C028,2025-06-14
S03963,C003,2024-09-04
S01324,C017,2024-02-18
S06018,C004,2024-07-30
S09747,C010,2025-06-26
S00409,C046,2025-10-18
S09646,C009,2024-11-21
S06824,C036,2025-02-07
S02155,C017,2024-02-13
S09030,C018,2023-12-22
S06152,C044,2025-05-28
S03807,C001,2025-02-04
S08212,C012,2024-06-01
S08890,C010,2024-12-02
S00364,C013,2025-01-12
S01881,C022,2025-03-29
S06462,C007,2025-10-27
S05379,C010,2025-11-23
S07848,C007,2025-09-11
S00425,C050,2025-06-18
S08821,C011,2024-07-01
S02309,C038,2024-08-27
S02068,C033,2025-02-01
S06571,C021,2024-11-10
S07621,C026,2024-07-20
S02462,C008,2025-04-21
S06987,C029,2025-10-29
S06676,C021,2025-08-04
S04292,C050,2025-05-02
S08248,C003,2024-10-06
S07393,C031,2025-08-02
S04766,C027,2024-09-30
S08447,C016,2024-03-11
S02629,C034,2024-10-24
S06263,C011,2025-01-31
S05171,C047,2024-06-23
S06540,C005,2025-01-22
S02976,C002,2024-12-09
S00527,C013,2024-06-03
S07819,C027,2025-05-25
S08426,C017,2024-08-02
S01546,C048,2024-03-25
S00263,C026,2025-06-24
S03440,C038,2025-06-26
S05055,C037,2025-04-02
S00217,C003,2025-10-07
S05348,C022,2023-12-11
S07781,C016,2025-03-13
S03277,C025,2025-03-21
S00051,C013,2024-12-14
S06881,C023,2025-10-20
S02568,C045,2023-12-16
S00981,C044,2025-10-10
S01577,C047,2024-10-03
S02539,C003,2024-08-14
S06153,C041,2024-10-22
S02534,C036,2025-12-01
S09588,C038,2024-09-22
S06588,C029,2025-09-11
S06627,C022,2025-07-15
S03126,C025,2024-08-12
S09419,C048,2025-06-13
S01654,C023,2024-07-15
S03007,C007,2025-02-26
S04372,C001,2025-04-22
S00450,C003,2024-07-25
S02428,C025,2025-07-06
S04314,C050,2023-12-23
S00191,C047,2025-05-08
S09607,C031,2024-11-29
S02663,C044,2024-01-23
S03306,C035,2024-12-17
S01655,C037,2024-05-09
S01460,C043,2025-09-22
S07020,C021,2025-11-12
S03915,C036,2025-03-11
S04501,C023,2024-04-20
S04613,C046,2024-03-12
S06016,C024,2025-10-22
S01997,C012,2025-08-08
S05034,C048,2025-11-08
S06631,C044,2024-03-17
S07829,C043,2025-03-17
S05130,C034,2024-08-15
S02689,C047,2024-01-26
S01908,C048,2025-04-13
S00949,C009,2024-06-13
S02994,C010,2024-08-20
S04980,C015,2025-04-02
S07265,C011,2025-01-03
S07062,C035,2025-10-23
S07095,C016,2025-07-28
S04161,C018,2024-06-19
S05418,C044,2025-06-22
S07618,C036,2024-10-30
S00272,C018,2025-08-27
S07266,C021,2025-04-12
S07613,C003,2025-10-24
S00507,C037,2025-10-31
S01041,C017,2024-02-17
S05187,C023,2025-06-11
S03618,C048,2024-06-29
S03986,C031,2023-12-08
S05694,C037,2025-05-05
S08410,C024,2024-04-03
S05573,C025,2024-08-12
S08867,C032,2024-09-24
S04000,C038,2025-05-11
S01056,C049,2025-07-09
S06126,C012,2025-02-25
S05721,C006,2024-12-15
S05648,C021,2025-06-18
S00970,C042,2024-02-11
S09498,C012,2024-02-13
S05342,C035,2024-08-18
S01345,C012,2025-05-07
S02977,C041,2024-09-02
S08624,C018,2024-11-24
S08330,C049,2025-11-25
S09784,C032,2025-10-16
S01249,C020,2025-04-15
S02423,C003,2024-01-29
S04341,C019,2024-08-11
S09775,C014,2025-09-08
S06805,C027,2024-06-01
S03162,C035,2024-02-01
S03214,C024,2024-08-14
S06567,C040,2024-08-09
S09659,C039,2025-10-08
S03671,C011,2023-12-11
S04143,C045,2024-11-26
S04517,C027,2023-12-26
S06808,C010,2024-07-16
S07500,C026,2024-07-25
S09450,C035,2024-06-25
S05771,C015,2024-08-16
S06547,C031,2025-09-07
S09499,C036,2025-12-01
S03832,C033,2024-03-13
S07503,C020,2024-05-23
S01310,C004,2024-05-16
S07741,C043,2023-12-25
S01584,C047,2025-01-12
S05116,C020,2025-08-03
S00698,C030,2025-04-05
S09780,C004,2024-01-13
S09655,C010,2024-11-09
S08638,C029,2024-09-09
S07542,C017,2024-11-19
S05170,C001,2024-01-04
S06338,C030,2025-01-27
S01361,C025,2024-08-12
S01617,C003,2024-07-11
S00387,C033,2024-08-05
S05250,C008,2025-01-08
S02245,C046,2024-02-12
S07514,C018,2024-05-28
S05309,C018,2024-05-31
S08685,C039,2025-01-24
S04674,C018,2025-09-24
S01544,C025,2025-02-12
S08560,C003,2024-07-20
S05913,C002,2024-06-07
S05029,C021,2025-05-30
S07076,C046,2024-10-12
S00170,C023,2024-01-04
S00181,C020,2024-10-28
S02641,C043,2024-02-29
S00769,C024,2024-03-19
S04391,C034,2025-10-26
S07236,C012,2024-03-22
S08628,C028,2024-09-25
S06427,C007,2025-09-15
S09523,C035,2025-02-18
S06069,C013,2025-01-02
S08082,C029,2025-01-19
S09070,C022,2025-09-18
S09434,C032,2025-09-07
S00888,C042,2025-07-14
S04248,C028,2025-02-20
S08714,C012,2025-02-13
S00615,C003,2025-02-17
S04502,C050,2025-07-13
S01336,C005,2025-08-09
S05667,C001,2024-02-12
S01526,C005,2025-02-23
S02840,C036,2025-06-12
S06578,C017,2025-05-14
S08926,C013,2024-06-11
S04257,C027,2024-04-08
S01631,C047,2024-02-08
S09900,C034,2024-10-31
S03512,C005,2025-07-28
S07292,C039,2025-10-21
S05605,C028,2025-04-03
S04171,C036,2024-10-13
S04060,C012,2024-06-15
S00296,C041,2024-07-16
S01280,C045,2024-02-20
S02744,C018,2024-10-18
S07985,C045,2023-12-13
S09575,C006,2024-05-07
S06700,C003,2024-07-24
S09676,C042,2025-03-03
S01790,C016,2025-03-04
S07821,C036,2024-08-10
S08638,C041,2024-11-30
S05485,C002,2025-06-12
S04408,C038,2025-11-26
S05187,C020,2025-12-02
S05014,C021,2025-03-22
S08511,C045,2024-11-14
S08185,C044,2024-03-23
S01464,C014,2024-02-10
S04876,C039,2024-06-05
S03256,C031,2023-12-28
S07709,C049,2025-02-01
S05557,C048,2025-10-16
S04597,C035,2024-07-07
S07173,C004,2025-01-25
S04029,C037,2024-04-24
S06150,C022,2025-11-25
S02434,C018,2025-02-22
S07982,C015,2024-01-22
S03768,C011,2025-08-18
S06006,C033,2025-10-04
S04913,C025,2024-01-05
S08461,C043,2024-01-02
S06790,C031,2025-07-13
S09884,C038,2024-04-26
S05912,C021,2025-08-13
S04961,C017,2024-05-31
S01718,C041,2025-05-02
S00923,C002,2024-01-22
S03453,C006,2025-03-02
S02867,C001,2024-07-22
S06427,C026,2024-01-10
S07232,C044,2024-09-01
S01316,C040,2025-01-12
S07952,C029,2025-03-17
S05373,C037,2024-04-23
S05976,C012,2025-01-12
S09960,C040,2024-04-17
S05597,C009,2024-11-17
S02702,C016,2023-12-07
S05275,C039,2024-06-23
S08084,C027,2024-09-27
S02436,C031,2025-03-18
S00294,C032,2024-02-10
S05878,C032,2025-08-03
S02326,C046,2025-03-16
S06204,C018,2025-04-01
S03004,C012,2025-06-13
S00583,C036,2024-08-08
S03075,C024,2024-03-08
S07303,C021,2024-09-01
S00225,C038,2025-03-28
S07032,C050,2025-06-11
S03998,C041,2024-01-04
S03126,C050,2024-04-11
S08915,C015,2024-10-20
S02311,C035,2023-12-30
S05169,C046,2024-02-09
S06764,C014,2025-02-03
S08289,C004,2025-03-10
S06781,C039,2025-02-05
S01284,C003,2024-04-08
S05612,C005,2024-01-24
S06255,C029,2025-08-01
S04154,C013,2024-04-23
S03356,C033,2024-10-31
S06402,C039,2024-03-25
S01038,C024,2024-06-19
S06485,C050,2024-03-25
S08611,C044,2023-12-27
S04039,C018,2024-09-26
S03535,C010,2024-11-14
S03670,C037,2025-05-25
S03721,C038,2025-09-15
S02368,C049,2025-03-19
S01742,C035,2025-08-02
S06871,C042,2025-05-18
S05313,C012,2024-10-10
S05060,C041,2025-05-20
S04611,C012,2023-12-25
S09526,C035,2023-12-18
S06982,C018,2024-02-18
S03644,C015,2024-04-27
S09274,C031,2024-04-14
S02757,C012,2025-09-26
S01293,C048,2025-10-14
S08732,C010,2024-07-31
S00764,C026,2024-02-12
S03094,C022,2024-10-26
S07811,C031,2024-03-04
S09822,C040,2024-05-07
S02583,C044,2025-11-27
S06971,C019,2024-01-11
S01348,C016,2025-02-08
S09271,C037,2025-06-10
S04345,C028,2024-08-14
S05539,C042,2025-02-05
S01058,C011,2024-01-14
S08114,C008,2025-03-13
S01367,C041,2024-12-03
S00498,C042,2025-05-05
S07815,C038,2025-11-13
S08655,C031,2025-10-12
S06425,C011,2024-02-27
S01460,C041,2025-06-29
S03662,C013,2025-04-23
S07454,C015,2024-10-07
S00669,C010,2025-10-03
S08634,C035,2024-11-27
S00712,C028,2023-12-09
S01042,C019,2024-04-22
S06943,C038,2024-12-05
S05013,C016,2025-04-05
S02791,C012,2024-06-06
S09103,C015,2025-06-26
S01702,C002,2025-04-19
S03262,C019,2025-03-02
S03520,C016,2024-09-21
S05151,C025,2023-12-05
S03864,C014,2024-02-02
S02342,C011,2025-08-08
S01311,C017,2025-10-28
S03559,C004,2025-03-21
S07154,C009,2024-08-02
S01450,C031,2025-10-30
S06405,C045,2025-05-12
S06192,C002,2025-10-04
S06119,C006,2024-04-16
S07250,C032,2024-10-05
S06289,C037,2024-01-13
S02399,C034,2025-10-29
S04851,C021,2025-06-13
S02706,C009,2025-06-09
S04904,C046,2024-05-29
S01903,C045,2024-12-23
S07113,C015,2024-09-17
S00874,C021,2024-10-17
S07800,C014,2024-04-03
S04426,C007,2024-04-17
S01061,C039,2025-02-18
S05703,C027,2024-04-15
S03066,C047,2024-02-22
S08298,C017,2025-06-03
S04029,C019,2025-10-27
S07707,C034,2024-04-25
S02292,C034,2025-06-20
S02294,C027,2024-06-18
S07169,C011,2025-01-23
S00536,C028,2025-04-02
S05347,C017,2025-10-06
S09110,C033,2025-07-18
S06096,C039,2024-01-19
S03306,C044,2025-06-02
S03609,C030,2025-04-21
S05784,C003,2025-03-07
S05625,C049,2024-10-24
S09076,C050,2025-04-01
S05572,C041,2025-07-15
S08278,C034,2024-02-17
S06176,C016,2024-06-14
S09691,C011,2025-08-11
S05817,C021,2024-04-02
S06964,C019,2024-08-23
S04821,C045,2024-05-04
S00969,C014,2024-11-10
S00401,C016,2025-03-12
S08324,C023,2025-03-21
S09320,C037,2025-10-10
S06842,C024,2024-04-06
S08836,C050,2024-05-10
S09594,C034,2025-07-06
S04155,C015,2025-02-05
S04585,C017,2025-01-12
S00006,C050,2024-09-19
S08188,C031,2025-10-02
S01980,C018,2025-05-15
S01658,C041,2025-06-25
S02404,C004,2025-04-11
S09369,C011,2024-12-10
S03230,C037,2024-08-03
S02977,C022,2024-03-31
S09227,C042,2025-10-07
S06013,C013,2024-12-06
S09251,C034,2025-10-16
S09421,C027,2024-10-08
S01000,C033,2025-12-04
S07115,C022,2024-12-28
S00192,C037,2024-10-12
S05928,C024,2024-05-13
S08241,C002,2024-01-18
S00118,C018,2024-12-17
S07162,C042,2025-08-07
S00084,C011,2024-02-22
S00566,C023,2024-02-29
S02399,C045,2025-01-21
S05573,C003,2024-09-29
S09804,C029,2025-06-11
S05012,C013,2025-10-31
S04137,C028,2024-09-13
S06561,C034,2024-08-15
S06921,C047,2023-12-19
S09293,C021,2024-05-26
S02866,C044,2023-12-20
S09030,C014,2024-05-10
S05839,C048,2024-06-01
S04811,C026,2025-07-05
S00308,C004,2024-05-07
S07808,C050,2024-07-13
S05967,C043,2024-11-08
S02616,C031,2025-04-27
S02801,C005,2024-07-07
S09292,C020,2023-12-08
S09805,C022,2024-05-29
S05019,C018,2023-12-29
S08306,C015,2024-12-13
S07489,C034,2025-05-20
S08000,C020,2024-04-16
S07102,C044,2024-10-14
S08232,C005,2024-12-04
S06204,C042,2025-05-23
S03292,C009,2024-05-21
S05444,C032,2025-03-03
S09272,C006,2025-05-16
S09936,C015,2025-06-28
S04610,C005,2025-04-06
S02959,C043,2025-07-22
S08047,C014,2025-04-20
S00860,C033,2024-08-08
S03455,C029,2024-02-23
S08131,C016,2025-10-06
S07783,C029,2025-06-25
S00816,C021,2025-11-19
S04599,C020,2025-08-03
S05993,C046,2025-03-26
S03006,C048,2025-02-02
S00359,C006,2025-07-08
S06265,C047,2025-10-21
S09468,C001,2024-09-07
S09321,C048,2025-11-30
S03690,C047,2024-03-21
S08957,C006,2025-02-10
S07674,C013,2025-03-07
S09158,C005,2025-09-16
S01419,C035,2024-02-14
S08109,C018,2023-12-06
S05216,C043,2024-05-29
S01768,C006,2024-03-24
S06977,C046,2024-09-04
S06564,C040,2025-10-28
S08280,C011,2024-10-01
S09495,C022,2024-12-20
S02999,C008,2024-12-01
S08702,C014,2024-10-28
S09937,C048,2024-10-18
S06640,C044,2025-08-14
S00109,C001,2024-11-03
S08573,C017,2025-10-12
S03354,C045,2024-03-17
S06240,C004,2025-07-04
S06404,C021,2025-01-28
S05315,C034,2024-10-16
S04385,C021,2024-06-20
S05166,C027,2024-10-10
S04582,C022,2025-04-02
S01321,C044,2024-03-26
S01372,C003,2025-04-12
S08947,C008,2024-09-18
S03278,C010,2025-08-10
S06705,C049,2024-06-06
S04052,C028,2024-03-27
S06529,C026,2024-07-26
S03693,C018,2024-12-17
S08432,C027,2025-06-27
S02157,C024,2025-06-30
S07727,C029,2024-06-06
S00504,C014,2024-04-10
S08339,C007,2025-10-12
S02216,C012,2024-03-16
S02748,C014,2025-03-15
S02799,C034,2024-07-20
S07996,C034,2024-04-19
S06811,C007,2025-03-10
S04131,C029,2024-05-28
S05795,C032,2024-02-06
S00858,C035,2024-01-28
S08385,C014,2025-11-02
S03138,C004,2024-11-28
S09604,C049,2024-09-22
S06855,C026,2024-08-13
S05505,C043,2024-03-15
S05155,C014,2025-07-20
S03064,C012,2024-04-06
S05396,C035,2024-11-24
S05584,C007,2024-08-30
S05367,C034,2024-10-19
S00264,C048,2023-12-16
S04326,C023,2025-06-19
S02135,C031,2025-11-17
S01617,C040,2024-11-15
S04529,C018,2024-03-13
S08322,C048,2024-01-27
S04974,C028,2024-02-20
S04112,C036,2024-07-21
S08769,C048,2024-06-18
S08530,C020,2024-10-03
S06738,C046,2025-10-20
S07702,C038,2025-04-10
S05497,C048,2025-05-08
S03088,C016,2024-04-19
S09784,C024,2024-02-17
S06342,C049,2024-08-06
S06088,C041,2024-02-10
S08551,C019,2024-10-22
S02697,C027,2025-01-03
S01684,C048,2025-09-03
S04332,C042,2025-10-13
S02049,C044,2025-01-05
S03455,C021,2023-12-10
S07614,C031,2024-01-25
S08720,C026,2025-11-26
S09597,C001,2024-08-29
S06939,C030,2025-01-07
S06212,C021,2024-11-07
S02778,C025,2025-10-16
S06484,C015,2024-03-23
S06850,C045,2024-09-13
S01601,C049,2025-06-14
S01754,C020,2024-10-04
S09225,C038,2025-05-29
S05580,C045,2025-02-19
S07815,C008,2024-04-06
S09791,C011,2024-06-04
S09318,C047,2025-06-17
S00130,C027,2024-11-23
S02840,C033,2025-02-01
S06303,C010,2024-06-07
S08811,C018,2025-08-10
S05060,C021,2024-12-27
S08435,C009,2025-05-11
S06190,C030,2024-02-21
S03045,C021,2024-10-22
S01926,C045,2024-04-05
S03286,C014,2025-03-11
S07935,C048,2025-03-28
S02085,C003,2024-04-22
S09140,C040,2025-05-04
S06280,C033,2024-01-08
S07184,C028,2025-05-28
S08695,C040,2024-06-11
S07503,C024,2025-11-02
S08125,C018,2024-04-17
S03427,C023,2024-01-09
S02348,C037,2025-02-21
S09912,C007,2025-05-03
S02837,C014,2024-03-20
S04598,C013,2024-06-18
S05210,C013,2024-08-12
S03060,C005,2025-02-25
S01049,C031,2024-02-17
S05894,C047,2023-12-07
S09503,C044,2025-07-28
S03515,C048,2024-04-17
S08667,C005,2024-01-15
S03341,C046,2024-12-12
S09573,C037,2024-01-14
S09668,C002,2025-08-25
S00309,C002,2025-09-03
S01440,C045,2024-11-14
S07405,C032,2025-01-24
S00901,C050,2025-09-04
S04200,C006,2024-10-14
S08375,C001,2024-11-11
S03662,C050,2025-09-30
S09347,C048,2024-01-20
S09602,C029,2025-10-05
S04493,C048,2024-05-30
S00072,C024,2024-09-29
S03587,C013,2025-11-25
S04854,C026,2024-10-29
S01865,C018,2024-03-03
S08442,C013,2024-09-23
S09760,C045,2024-12-25
S08877,C029,2024-07-13
S04316,C011,2024-05-19
S01064,C033,2023-12-08
S07966,C031,2024-11-16
S06834,C003,2025-05-19
S09668,C014,2024-09-18
S01066,C001,2025-11-22
S09578,C033,2025-03-07
S06099,C031,2024-04-04
S05207,C049,2024-11-04
S04115,C044,2024-03-20
S03646,C048,2025-03-16
S09808,C025,2025-07-08
S00155,C041,2025-11-21
S09496,C043,2024-05-23
S07494,C016,2025-03-21
S05673,C013,2024-01-14
S05823,C041,2025-04-22
S01349,C006,2024-09-23
S09913,C001,2024-04-09
S06839,C026,2024-08-27
S07489,C003,2024-10-07
S09872,C024,2024-04-16
S01508,C044,2024-01-24
S08221,C040,2025-05-18
S02310,C041,2023-12-10
S03160,C049,2024-12-11
S05538,C027,2024-04-20
S05643,C012,2025-04-29
S01071,C027,2024-01-07
S07822,C004,2024-02-28
S04906,C022,2024-09-28
S01889,C043,2024-06-26
S09615,C005,2024-01-11
S06399,C046,2024-08-21
S03385,C049,2025-02-10
S05130,C019,2024-11-29
S09370,C002,2024-10-08
S06999,C026,2024-04-11
S06814,C046,2024-12-30
S05724,C006,2025-03-21
S06150,C023,2024-06-09
S03679,C004,2024-02-05
S04940,C032,2025-07-21
S02268,C007,2024-06-12
S08025,C047,2024-01-09
S01538,C016,2024-05-02
S01891,C008,2025-03-07
S09462,C022,2024-07-03
S05043,C039,2025-03-24
S04459,C016,2025-04-19
S01608,C028,2025-11-04
S02182,C032,2024-09-01
S01284,C032,2025-10-22
S09231,C019,2025-03-22
S04981,C035,2024-06-18
S07054,C048,2024-01-03
S05454,C008,2025-08-16
S05131,C030,2025-09-30
S03655,C002,2025-07-24
S08737,C030,2025-01-10
S08083,C036,2024-06-29
S08045,C010,2025-08-25
S08914,C042,2024-10-16
S02847,C045,2024-03-02
S03956,C043,2024-02-07
S02773,C029,2025-02-17
S04402,C006,2025-01-09
S08274,C047,2025-11-01
S01706,C001,2025-11-01
S07559,C028,2025-06-30
S03817,C039,2025-01-05
S04062,C018,2025-01-03
S05436,C041,2024-04-11
S07742,C026,2025-09-04
S05789,C035,2023-12-19
S06557,C010,2024-04-01
S08133,C014,2024-09-17
S07194,C026,2024-09-18
S00602,C009,2025-10-23
S05088,C043,2025-08-05
S03400,C047,2025-06-11
S00277,C041,2024-10-04
S08578,C030,2024-12-22
S09543,C023,2025-03-11
S01562,C008,2024-09-19
S03093,C016,2024-05-24
S08729,C033,2025-11-09
S05195,C025,2023-12-11
S06841,C021,2024-03-16
S03945,C021,2025-08-18
S05890,C023,2025-03-23
S03892,C022,2025-04-01
S03986,C035,2024-10-02
S04664,C033,2024-09-30
S00235,C004,2024-09-05
S03227,C029,2024-10-10
S01306,C025,2025-07-25
S09947,C036,2025-06-16
S02216,C016,2024-07-02
S03940,C007,2024-01-31
S09375,C046,2024-10-27
S06088,C020,2024-03-15
S02027,C018,2024-12-03
S05994,C002,2025-06-01
S02028,C009,2025-02-07
S08364,C003,2024-12-26
S06479,C009,2024-05-25
S04836,C038,2024-02-09
S05634,C014,2025-02-04
S03280,C034,2024-03-29
S01447,C039,2025-06-02
S05923,C050,2025-03-06
S04307,C048,2024-02-16
S00679,C032,2024-04-11
S06221,C030,2024-11-24
S00911,C022,2024-12-27
S03089,C004,2025-04-03
S09434,C028,2025-10-21
S02873,C008,2025-01-25
S07100,C037,2024-07-20
S01519,C032,2024-06-13
S02297,C009,2024-06-20
S03269,C014,2025-05-19
S06198,C046,2025-01-16
S05089,C045,2024-03-20
S05432,C025,2024-05-28
S09714,C019,2025-06-30
S04503,C003,2025-10-16
S07581,C038,2023-12-27
S01392,C004,2024-01-26
S03647,C017,2025-10-26
S09341,C041,2024-07-07
S01392,C023,2024-01-24
S09776,C007,2025-03-12
S05075,C040,2024-01-30
S08893,C031,2025-10-09
S03345,C029,2024-05-03
S06974,C012,2025-03-21
S07987,C011,2023-12-06
S07768,C003,2024-04-25
S01160,C001,2024-03-29
S03689,C033,2024-03-17
S03205,C041,2024-09-04
S01160,C042,2025-12-03
S01412,C044,2024-10-06
S07406,C007,2025-03-02
S00328,C027,2024-02-02
S09496,C029,2024-10-03
S01541,C030,2025-04-06
S05977,C023,2025-08-24
S03845,C042,2024-08-12
S04316,C003,2024-02-13
S02248,C007,2025-02-02
S09286,C039,2024-11-11
S00386,C009,2025-03-12
S04176,C009,2024-03-16
S03787,C008,2024-01-23
S04239,C047,2024-10-23
S02042,C004,2025-09-10
S07036,C011,2025-05-26
S08750,C032,2025-04-05
S08623,C029,2024-03-19
S00348,C013,2025-10-03
S08450,C001,2024-07-19
S09299,C005,2025-01-25
S08122,C003,2024-10-14
S06174,C028,2025-12-04
S02202,C014,2025-09-12
S06599,C024,2024-10-30
S04710,C006,2025-08-15
S05843,C029,2024-01-07
S06909,C023,2025-11-21
S08500,C026,2024-03-19
S09084,C006,2024-01-15
S01755,C015,2025-10-25
S03226,C036,2025-09-02
S08265,C016,2025-04-02
S04277,C036,2024-07-10
S01457,C041,2024-09-03
S01865,C024,2024-10-10
S04545,C032,2025-07-22
S06409,C022,2025-04-20
S05744,C042,2024-10-11
S04199,C047,2024-01-06
S09110,C038,2024-11-03
S06352,C035,2024-06-17
S01256,C048,2025-10-07
S01493,C026,2024-01-26
S06042,C002,2024-11-24
S01186,C021,2025-11-13
S06303,C012,2025-04-02
S01033,C010,2024-06-02
S09307,C045,2024-09-03
S03374,C022,2024-09-26
S00775,C002,2024-11-09
S00626,C013,2025-09-29
S09477,C041,2025-02-27
S00867,C033,2025-01-31
S05361,C026,2025-09-28
S05641,C037,2024-03-10
S01294,C033,2024-06-03
S06539,C022,2024-05-27
S03401,C026,2024-12-31
S08310,C017,2024-01-07
S06599,C021,2025-09-16
S04599,C027,2025-07-30
S01066,C034,2025-08-11
S01653,C010,2024-06-26
S03257,C012,2024-03-30
S08732,C028,2025-06-28
S07067,C016,2024-06-27
S08172,C038,2024-02-11
S06375,C024,2025-08-20
S07011,C021,2025-11-26
S05190,C030,2025-08-28
S09279,C031,2023-12-10
S01580,C045,2024-05-12
S08628,C013,2025-07-07
S03992,C009,2025-10-08
S04473,C018,2025-03-07
S07476,C023,2025-02-16
S05994,C014,2024-07-30
S05371,C037,2025-01-22
S08095,C038,2024-04-08
S01663,C040,2024-04-09
S00737,C007,2024-05-16
S08900,C024,2024-02-16
S00401,C025,2024-03-28
S07599,C011,2025-11-11
S03199,C041,2024-03-11
S00992,C007,2024-03-01
S09243,C030,2025-01-08
S00478,C015,2025-01-17
S05742,C013,2025-06-08
S08956,C002,2025-11-19
S01678,C002,2025-11-09
S04697,C011,2025-09-02
S03580,C004,2024-07-10
S06025,C028,2025-10-05
S00187,C030,2024-11-14
S06839,C033,2024-02-16
S00600,C026,2024-01-30
S06049,C038,2025-09-25
S03704,C031,2025-04-02
S06717,C011,2025-10-24
S01041,C017,2024-01-28
S05558,C024,2024-06-25
S02571,C023,2024-03-08
S05721,C010,2024-01-15
S05667,C035,2025-02-01
S02784,C038,2025-11-08
S05232,C015,2025-05-21
S01685,C022,2025-09-22
S07505,C002,2025-04-07
S02880,C021,2025-07-11
S06220,C044,2024-07-09
S07477,C049,2024-04-11
S01610,C018,2025-10-22
S04979,C035,2024-12-31
S02524,C041,2025-11-23
S00093,C045,2024-07-02
S03521,C029,2024-11-19
S08891,C017,2024-10-03
S08068,C001,2025-07-14
S04940,C012,2025-11-27
S05395,C035,2025-10-11
S02582,C024,2025-06-25
S05759,C047,2024-11-16
S07295,C023,2025-11-01
S03042,C028,2025-10-28
S04339,C028,2025-03-27
S07604,C006,2025-06-28
S09974,C006,2025-07-24
S09910,C018,2025-10-21
S07284,C034,2024-08-26
S06020,C028,2024-08-18
S00982,C033,2025-10-24
S07723,C001,2025-09-10
S05607,C030,2023-12-06
S03241,C007,2023-12-28
S09710,C017,2025-05-01
S08469,C016,2024-08-08
S04660,C049,2024-12-27
S04517,C025,2025-10-13
S05815,C048,2025-11-05
S02078,C009,2024-06-23
S04371,C045,2024-04-17
S09416,C042,2025-01-21
S04514,C046,2024-04-20
S03399,C002,2025-11-10
S06853,C043,2025-08-14
S03445,C046,2024-10-06
S09833,C050,2024-12-17
S05474,C031,2024-03-25
S04811,C037,2025-11-20
S06499,C037,2025-08-12
S08299,C043,2024-06-19
S02850,C026,2023-12-22
S09775,C046,2024-12-13
S06505,C010,2024-02-29
S09722,C019,2024-06-20
S00546,C035,2024-05-28
S02609,C010,2023-12-14
S00494,C032,2024-06-05
S04917,C031,2024-01-29
S02910,C009,2025-04-20
S02711,C041,2025-04-30
S03562,C020,2025-04-26
S04161,C004,2024-12-28
S07208,C018,2024-01-21
S03393,C012,2024-08-03
S08101,C036,2024-03-03
S05185,C017,2024-01-07
S09934,C016,2024-07-09
S04631,C038,2024-04-18
S09899,C022,2023-12-11
S07252,C003,2025-10-18
S01115,C041,2025-08-15
S05028,C035,2024-09-29
S02242,C042,2025-05-02
S04860,C044,2024-12-04
S08353,C029,2024-03-23
S00174,C004,2025-07-04
S05067,C012,2024-02-28
S07631,C016,2025-01-12
S08659,C010,2023-12-30
S00423,C026,2024-06-04
S09088,C003,2025-09-15
S03444,C049,2024-09-24
S04444,C023,2024-03-27
S01451,C006,2024-12-02
S00842,C023,2024-09-06
S07764,C036,2025-04-29
S00538,C014,2025-10-26
S03830,C008,2025-05-18
S03764,C023,2025-08-11
S07774,C019,2025-09-25
S05732,C037,2024-06-28
S05768,C010,2024-08-04
S09295,C039,2024-09-25
S09133,C002,2024-09-25
S08364,C004,2024-05-29
S00836,C019,2024-06-22
S03725,C025,2025-03-25
S08538,C022,2024-03-06
S01905,C006,2025-06-19
S04078,C029,2024-04-11
S05067,C021,2024-11-10
S04053,C029,2024-01-03
S01800,C039,2025-10-29
S08301,C049,2024-10-30
S05681,C027,2024-08-12
S00394,C003,2025-01-04
S07155,C048,2024-08-26
S03483,C033,2024-03-08
S07847,C018,2024-04-16
S08069,C010,2024-09-19
S01155,C034,2025-02-08
S00954,C025,2024-10-21
S01830,C010,2025-11-10
S02183,C035,2024-01-25
S03305,C018,2025-01-28
S03925,C042,2025-05-21
S01477,C026,2024-08-19
S00439,C014,2024-08-20
S03648,C041,2024-10-02
S07151,C034,2025-05-20
S00114,C033,2024-01-14
S02230,C007,2025-07-16
S04585,C040,2024-07-23
S06367,C022,2025-08-21
S06914,C042,2024-12-01
S07369,C017,2024-04-03
S04764,C048,2025-07-16
S08910,C043,2024-08-24
S06917,C035,2024-12-30
S04551,C003,2024-11-28
S06888,C038,2025-01-27
S04382,C044,2025-10-31
S02451,C001,2024-04-25
S06121,C042,2024-12-18
S06609,C026,2024-10-15
S08231,C044,2024-08-04
S02849,C044,2024-09-11
S06902,C023,2023-12-29
S08237,C037,2025-10-11
S06026,C016,2025-06-18
S05647,C010,2025-05-30
S08381,C024,2024-09-30
S08109,C015,2025-04-09
S05493,C026,2025-01-26
S02431,C029,2024-07-03
S04332,C023,2023-12-08
S05011,C015,2024-01-01
S08235,C037,2023-12-06
S02438,C029,2025-09-22
S09049,C006,2024-12-14
S08427,C012,2025-08-24
S04610,C028,2025-11-06
S09506,C012,2024-09-01
S04603,C048,2024-09-06
S08814,C048,2025-08-06
S08095,C026,2025-07-07
S06611,C008,2023-12-30
S04692,C024,2025-03-22
S07780,C005,2024-08-17
S09417,C017,2024-02-14
S09779,C036,2025-03-07
S04677,C029,2025-11-04
S01543,C006,2024-08-08
S03278,C014,2024-03-05
S02801,C003,2025-09-04
S02528,C030,2025-05-21
S01732,C001,2024-11-04
S08184,C037,2024-05-03
S09252,C034,2025-04-21
S02217,C014,2025-06-01
S01653,C039,2024-03-19
S06376,C039,2024-07-28
S01995,C031,2024-11-13
S02263,C002,2024-05-29
S07996,C015,2024-08-05
S04553,C020,2024-10-03
S02117,C010,2025-03-31
S06423,C003,2025-03-30
S08769,C014,2025-02-23
S07033,C020,2024-03-28
S04532,C014,2025-11-28
S01884,C011,2024-10-07
S02200,C021,2024-05-24
S08234,C017,2024-05-05
S08195,C025,2024-01-17
S00898,C040,2024-02-04
S01713,C028,2025-11-30
S08497,C050,2025-08-09
S03293,C030,2024-10-30
S09000,C015,2024-10-26
S08139,C028,2025-07-22
S09191,C048,2024-06-10
S04615,C024,2024-11-28
S08577,C027,2024-05-19
S01867,C031,2024-04-01
S00823,C022,2024-02-14
S09612,C047,2025-07-29
S06502,C013,2024-10-23
S09305,C049,2025-08-18
S00138,C010,2024-08-20
S04835,C035,2025-03-10
S02085,C007,2024-09-04
S01294,C006,2024-06-16
S03729,C042,2024-09-29
S07094,C005,2025-01-10
S04788,C042,2025-09-09
S08084,C035,2025-09-15
S09552,C011,2025-07-07
S09076,C045,2024-01-23
S01106,C037,2025-09-12
S01159,C047,2025-02-28
S09669,C046,2024-10-07
S03478,C035,2025-01-29
S04712,C021,2025-07-28
S05334,C042,2024-07-30
S05849,C017,2025-01-31
S00898,C019,2025-05-02
S06570,C005,2025-08-02
S00533,C042,2024-03-10
S00683,C013,2024-04-02
S00149,C027,2024-09-24
S00139,C050,2025-10-14
S03763,C002,2024-07-16
S05753,C041,2025-07-03
S04867,C045,2025-06-05
S06361,C038,2024-05-31
S07807,C039,2024-08-12
S06370,C041,2025-11-24
S01708,C041,2024-03-24
S03680,C031,2024-02-28
S01641,C037,2024-09-27
S05521,C039,2025-02-13
S00429,C045,2024-04-21
S07282,C031,2024-12-03
S01010,C016,2025-08-23
S09642,C009,2024-02-29
S08213,C035,2025-11-28
S07137,C028,2024-04-01
S04667,C032,2024-11-17
S07965,C042,2025-03-24
S06946,C026,2025-03-24
S05296,C048,2024-10-01
S09177,C009,2025-02-13
S05008,C020,2025-01-05
S08607,C016,2024-09-12
S04465,C003,2024-07-27
S09356,C041,2025-07-16
S03002,C048,2024-05-21
S08696,C018,2025-04-29
S07630,C018,2025-03-29
S09457,C002,2025-09-30
S09678,C026,2025-08-14
S01204,C015,2024-09-23
S02094,C028,2025-08-06
S03140,C019,2025-08-04
S04888,C008,2024-03-28
S03392,C023,2025-05-25
S07230,C037,2025-10-29
S05592,C049,2024-06-08
S06890,C007,2025-11-19
S02418,C011,2024-03-17
S00032,C006,2025-07-19
S01192,C021,2025-06-02
S03218,C006,2025-11-05
S03650,C007,2025-02-01
S07014,C040,2025-01-16
S08764,C033,2023-12-20
S06067,C016,2024-02-19
S07850,C019,2025-09-13
S08927,C002,2024-09-18
S09583,C019,2024-02-11
S06114,C011,2025-06-23
S00085,C033,2024-09-01
S03077,C033,2024-11-28
S03353,C023,2025-05-31
S07538,C048,2025-04-28
S05493,C002,2025-07-19
S01945,C038,2025-03-22
S01865,C029,2024-07-09
S08715,C011,2024-10-29
S02081,C049,2025-03-26
S07800,C016,2024-06-20
S04294,C019,2025-06-15
S05730,C005,2025-04-03
S03197,C039,2024-04-16
S09787,C048,2024-05-15
S01097,C007,2024-12-03
S04948,C017,2025-10-30
S01983,C048,2025-06-15
S00130,C021,2025-08-14
S02051,C018,2025-04-15
S04422,C013,2024-02-13
S05328,C027,2024-04-28
S06691,C023,2025-11-09
S02596,C023,2025-04-16
S04024,C005,2025-01-05
S01160,C030,2024-02-16
S01547,C045,2025-04-22
S05449,C048,2025-01-27
S07225,C019,2024-05-30
S04438,C021,2024-06-08
S07595,C025,2024-02-20
S04078,C048,2025-11-11
S07448,C030,2024-04-03
S09215,C028,2024-08-16
S09318,C043,2025-04-18
S08526,C018,2023-12-05
S01174,C028,2025-10-19
S05441,C042,2025-05-15
S02853,C018,2025-02-15
S07067,C038,2025-02-22
S05011,C032,2025-01-12
S07972,C024,2024-10-20
S05125,C016,2025-07-11
S00434,C015,2025-01-21
S07999,C030,2025-09-25
S08188,C030,2025-01-08
S09488,C014,2025-02-24
S06619,C015,2025-05-25
S08477,C001,2025-08-23
S04874,C036,2025-07-17
S04605,C029,2024-01-13
S08868,C008,2023-12-14
S04331,C015,2024-01-17
S00179,C026,2025-08-22
S03204,C045,2024-05-24
S07917,C044,2024-05-16
S05288,C038,2025-03-08
S09609,C010,2025-07-30
S00535,C044,2024-01-01
S06364,C049,2025-06-30
S08855,C013,2023-12-15
S08309,C016,2025-03-13
S05836,C035,2024-01-12
S02751,C046,2024-12-16
S06734,C025,2024-11-21
S02336,C035,2024-11-12
S02761,C021,2024-06-20
S08902,C001,2025-02-01
S04929,C038,2024-02-03
S08725,C044,2025-01-14
S09163,C023,2024-01-23
S04127,C035,2025-06-17
S03641,C050,2024-02-22
S05690,C021,2025-03-25
S01307,C016,2024-07-23
S03060,C024,2024-09-20
S08278,C027,2025-05-24
S06855,C014,2024-11-07
S07459,C016,2024-04-25
S05062,C050,2025-06-30
S02478,C034,2024-03-15
S07632,C015,2024-03-02
S08956,C034,2024-05-27
S04771,C049,2024-01-01
S05098,C022,2024-12-08
S08853,C016,2024-02-12
S00469,C041,2024-03-04
S09490,C049,2025-04-09
S06709,C043,2025-08-01
S02953,C004,2024-06-27
S08270,C027,2025-06-05
S01040,C013,2025-03-25
S09048,C004,2024-01-12
S05283,C023,2024-08-16
S02726,C040,2025-12-03
S03193,C031,2024-08-14
S08555,C032,2024-09-05
S01182,C042,2023-12-20
S00766,C037,2025-07-03
S01780,C048,2025-07-31
S05514,C041,2023-12-05
S02556,C024,2024-11-27
S01194,C012,2024-05-22
S02433,C012,2025-02-06
S09207,C030,2025-06-15
S01640,C017,2025-05-11
S06933,C013,2024-01-20
S05195,C024,2024-12-06
S01325,C035,2024-09-25
S05591,C015,2024-09-02
S05790,C006,2025-10-09
S06499,C041,2024-10-07
S06237,C006,2024-08-05
S03992,C007,2024-07-30
S06271,C016,2024-06-26
S01819,C041,2023-12-05
S06288,C039,2024-07-26
S01141,C015,2025-09-09
S01298,C016,2023-12-25
S09365,C046,2024-04-29
S00842,C049,2025-05-06
S01718,C026,2024-12-17
S03678,C028,2024-04-28
S07073,C035,2024-12-29
S08553,C024,2025-06-10
S09227,C035,2025-05-05
S09800,C046,2024-03-12
S08178,C043,2024-01-19
S06917,C048,2025-04-12
S08506,C048,2025-03-15
S05724,C021,2024-06-22
S07190,C038,2025-04-05
S01308,C042,2025-09-23
S03351,C022,2024-08-22
S02182,C001,2024-04-29
S07843,C046,2024-01-25
S05648,C007,2024-04-29
S01519,C042,2025-06-29
S05501,C029,2024-10-27
S06890,C043,2024-11-11
S08439,C005,2025-09-11
S07656,C021,2025-09-15
S09662,C027,2025-06-21
S04310,C034,2025-08-06
S06605,C035,2025-07-28
S00916,C011,2024-11-15
S09683,C041,2025-06-17
S09387,C022,2024-02-27
S08552,C035,2024-01-03
S09053,C043,2025-05-31
S00479,C041,2025-02-10
S04837,C046,2025-08-07
S06459,C042,2025-04-24
S06343,C014,2024-06-08
S07425,C027,2025-11-13
S03951,C005,2024-07-06
S03411,C030,2024-11-23
S06026,C022,2025-09-25
S00480,C011,2025-02-14
S06585,C026,2025-01-05
S06609,C020,2024-01-14
S01188,C029,2025-10-23
S05400,C022,2024-09-08
S00133,C023,2024-12-30
S02986,C048,2025-09-30
S07440,C012,2024-07-28
S04428,C001,2025-07-24
S03034,C032,2025-11-11
S06615,C004,2025-02-17
S07777,C014,2024-04-01
S08280,C021,2024-03-14
S05328,C044,2024-01-25
S05831,C009,2024-04-11
S02404,C032,2024-10-10
S01734,C047,2025-09-22
S08195,C006,2025-09-24
S00456,C042,2025-06-14
S05572,C039,2025-05-08
S00873,C026,2025-06-01
S03364,C011,2025-02-07
S05454,C018,2025-11-29
S05578,C046,2025-11-15
S02291,C007,2025-11-27
S04708,C029,2024-06-18
S06278,C013,2025-09-17
S09832,C050,2025-06-18
S01753,C029,2024-01-19
S07930,C021,2025-08-02
S07232,C009,2025-08-17
S09206,C037,2024-05-15
S04512,C017,2025-08-05
S04016,C013,2024-07-02
S08954,C029,2024-08-07
S09342,C003,2024-03-31
S02904,C024,2025-05-04
S02229,C048,2024-08-14
S09886,C041,2025-11-20
S04214,C040,2025-01-08
S06902,C039,2024-09-15
S04749,C034,2024-12-19
S05977,C031,2024-10-12
S08276,C029,2025-04-20
S02397,C027,2025-06-27
S05846,C033,2024-11-07
S02877,C035,2024-04-04
S03624,C024,2024-05-29
S01366,C037,2025-05-24
S05294,C049,2024-02-13
S01852,C038,2024-09-25
S02905,C017,2025-10-22
S06532,C008,2025-06-08
S01559,C020,2025-03-09
S01090,C033,2024-02-21
S09442,C046,2024-11-01
S09759,C009,2025-06-14
S00498,C016,2024-07-28
S02251,C046,2025-03-12
S03705,C003,2025-03-10
S09016,C010,2025-02-16
S05789,C046,2025-06-08
S06401,C018,2024-05-10
S07747,C041,2024-08-18
S04951,C017,2025-05-13
S05356,C044,2023-12-27
S02940,C039,2023-12-14
S05385,C034,2025-05-14
S05309,C005,2024-04-08
S08793,C030,2025-01-10
S01625,C001,2025-01-16
S00871,C024,2025-09-14
S01226,C013,2024-12-07
S00715,C043,2025-08-03
S01727,C029,2024-07-24
S08523,C046,2025-01-24
S00713,C038,2024-08-02
S07496,C028,2025-11-14
S08562,C040,2025-11-03
S08576,C017,2025-04-15
S02730,C031,2025-08-22
S04657,C015,2024-12-01
S08415,C009,2025-05-11
S09926,C004,2024-09-06
S02962,C011,2024-12-13
S01680,C019,2024-05-11
S05953,C050,2024-02-05
S09565,C016,2024-02-15
S03883,C006,2025-06-24
S01502,C036,2024-12-24
S02606,C033,2025-09-08
S08670,C049,2024-01-28
S02269,C006,2023-12-06
S08151,C046,2025-05-15
S01387,C005,2024-11-12
S03060,C048,2025-10-29
S09677,C027,2024-08-27
S05374,C038,2024-04-29
S05830,C027,2024-01-16
S07478,C011,2024-03-05
S08587,C035,2024-08-09
S07668,C048,2025-07-10
S08806,C050,2024-07-11
S00456,C048,2025-06-24
S01755,C016,2024-11-29
S08840,C049,2025-05-26
S00937,C033,2024-10-29
S06408,C032,2025-09-22
S02578,C046,2024-10-02
S06117,C047,2024-10-07
S04263,C027,2025-01-28
S04419,C032,2025-07-07
S03964,C038,2025-09-07
S03412,C042,2024-09-08
S01725,C037,2025-09-21
S06222,C006,2024-11-11
S09564,C027,2024-05-23
S05011,C049,2024-10-12
S03620,C004,2024-05-06
S06643,C006,2024-10-29
S06994,C037,2024-06-17
S03081,C002,2024-03-07
S00464,C050,2025-05-27
S02113,C022,2025-05-23
S00900,C031,2024-01-11
S07370,C023,2024-11-28
S01196,C040,2025-05-22
S01947,C030,2024-04-20
S03710,C033,2024-02-10
S06798,C040,2024-09-02
S02608,C033,2025-06-04
S05613,C028,2024-02-16
S00159,C012,2024-07-01
S05560,C050,2025-10-16
S03799,C042,2024-10-10
S01671,C018,2025-11-10
S06173,C037,2024-12-11
S04569,C003,2024-04-08
S02210,C005,2024-04-02
S00595,C038,2025-09-03
S02946,C031,2025-09-18
S08780,C006,2025-01-02
S07486,C037,2025-06-07
S05391,C041,2024-11-09
S01365,C036,2024-10-28
S07241,C045,2024-07-25
S06251,C025,2024-05-20
S06838,C008,2025-02-25
S05220,C016,2025-10-29
S02495,C043,2025-08-27
S02146,C011,2023-12-17
S01869,C023,2024-11-13
S01167,C045,2024-07-09
S02502,C004,2024-07-26
S08401,C002,2024-11-01
S09165,C008,2025-06-27
S01628,C023,2025-11-07
S03930,C009,2024-02-01
S08244,C020,2024-08-17
S07499,C012,2024-10-31
S03784,C014,2025-06-30
S05897,C014,2025-08-10
S03064,C023,2024-07-16
S04552,C026,2025-03-06
S07247,C015,2024-10-18
S03483,C021,2025-07-28
S05007,C030,2025-10-10
S06673,C050,2025-07-12
S05800,C015,2024-01-05
S08648,C023,2025-07-31
S03451,C034,2025-01-19
S06386,C045,2025-05-15
S05927,C027,2024-06-30
S04336,C016,2024-05-26
S04478,C010,2023-12-31
S06364,C045,2024-04-28
S08689,C049,2024-08-04
S04052,C016,2024-01-30
S05590,C050,2024-03-28
S02543,C041,2024-09-18
S06326,C046,2023-12-30
S05413,C013,2025-06-19
S02664,C047,2025-04-18
S03701,C050,2024-05-23
S09784,C011,2025-10-04
S08481,C033,2024-08-07
S01597,C021,2025-06-05
S01239,C021,2025-07-04
S07377,C015,2025-08-04
S02891,C002,2024-12-29
S04080,C021,2024-08-10
S06681,C042,2024-09-23
S06923,C032,2025-10-26
S02706,C005,2024-10-21
S01681,C022,2024-07-16
S08950,C008,2025-11-24
S00462,C017,2024-07-06
S00636,C044,2025-03-28
S03094,C039,2025-01-16
S05528,C035,2025-02-05
S04520,C009,2024-01-10
S02704,C014,2024-10-06
S00258,C011,2024-04-22
S04281,C039,2025-11-04
S05512,C036,2024-02-08
S02750,C037,2025-12-03
S04814,C028,2024-02-28
S05845,C030,2025-05-15
S06796,C006,2024-05-17
S00823,C007,2024-01-19
S01337,C010,2025-03-10
S03673,C026,2024-04-13
S06144,C005,2024-02-25
S04498,C008,2025-05-28
S06828,C007,2024-12-26
S06441,C005,2025-07-30
S05253,C010,2024-01-10
S04662,C013,2025-06-13
S06175,C012,2024-05-19
S06112,C028,2024-08-01
S01095,C015,2023-12-25
S04430,C023,2025-11-25
S00223,C019,2024-12-04
S06565,C025,2024-02-19
S04474,C028,2024-01-10
S06093,C004,2024-12-11
S04143,C014,2025-02-24
S05339,C024,2024-02-14
S05618,C004,2024-11-13
S00107,C038,2024-05-16
S08576,C032,2024-11-05
S01627,C037,2024-09-25
S08607,C019,2025-06-17
S02232,C025,2025-06-03
S08695,C030,2024-03-05
S03344,C043,2025-02-03
S00118,C038,2024-04-30
S09677,C025,2024-03-01
S00956,C013,2025-02-24
S04753,C027,2025-11-04
S05887,C038,2024-11-18
S06626,C013,2025-10-30
S02310,C039,2025-05-08
S01071,C016,2025-07-09
S09255,C022,2024-02-08
S02711,C031,2024-06-20
S09080,C013,2024-11-06
S00234,C009,2025-11-09
S04437,C018,2025-04-15
S07067,C016,2025-09-03
S05123,C050,2024-06-26
S07339,C009,2025-01-16
S00786,C021,2024-11-04
S07800,C003,2024-08-11
S02883,C043,2025-01-07
S07240,C005,2025-01-11
S07626,C045,2025-07-30
S05668,C018,2024-09-29
S00387,C050,2025-08-21
S02166,C015,2024-01-27
S09479,C045,2024-11-06
S02356,C030,2024-02-01
S03673,C040,2025-08-23
S01761,C030,2025-02-17
S08172,C007,2024-01-18
S07498,C019,2024-11-04
S00002,C040,2024-12-11
S09448,C038,2024-02-03
S06770,C016,2025-04-19
S08385,C038,2024-10-04
S03926,C036,2025-10-15
S02933,C043,2024-09-13
S08246,C004,2024-03-31
S05752,C010,2025-04-25
S09121,C032,2025-11-11
S04270,C025,2025-07-07
S03205,C045,2025-08-14
S03569,C017,2025-05-23
S04079,C003,2025-11-10
S00552,C002,2024-02-15
S08698,C044,2024-10-19
S05202,C041,2025-03-02
S07104,C015,2025-06-23
S04121,C033,2024-04-28
S07510,C034,2024-12-15
S01013,C015,2024-04-23
S02107,C004,2025-02-25
S08913,C006,2025-10-05
S06243,C012,2024-02-14
S02192,C029,2025-07-06
S09126,C043,2025-05-03
S06389,C034,2025-01-15
S09960,C007,2024-10-05
S02543,C024,2025-07-13
S08096,C013,2023-12-31
S09188,C038,2024-04-26
S00776,C005,2024-08-24
S05209,C011,2024-04-02
S05357,C017,2025-09-18
S05015,C031,2025-08-28
S04647,C012,2024-03-15
S07522,C033,2023-12-30
S06515,C028,2024-03-22
S08487,C021,2024-08-24
S08869,C020,2025-03-07
S01415,C026,2025-07-05
S09539,C007,2024-10-05
S06105,C036,2025-09-01
S01578,C015,2025-08-29
S00205,C019,2024-10-12
S08756,C030,2024-06-03
S00124,C042,2025-09-02
S01169,C046,2025-08-17
S02235,C011,2025-07-03
S05692,C007,2025-01-18
S07022,C011,2025-03-10
S07430,C041,2025-01-12
S03729,C011,2023-12-27
S01412,C049,2024-01-12
S02675,C048,2024-02-09
S06630,C048,2024-11-03
S08084,C047,2024-02-11
S00212,C036,2024-03-23
S06945,C003,2025-07-03
S08641,C011,2024-10-28
S08891,C034,2025-11-01
S04531,C024,2025-12-03
S02177,C009,2024-01-29
S07307,C033,2025-06-30
S06213,C034,2024-02-01
S03657,C012,2024-03-13
S07469,C042,2023-12-17
S01156,C005,2025-08-07
S09420,C025,2024-10-20
S06197,C049,2024-03-02
S00991,C027,2024-09-11
S02673,C015,2025-09-29
S03957,C032,2024-05-15
S02528,C009,2023-12-19
S04456,C034,2025-09-12
S09326,C048,2024-12-14
S05120,C040,2024-08-09
S05120,C022,2024-01-01
S04455,C005,2025-11-10
S01775,C050,2025-05-20
S03665,C030,2025-06-15
S08957,C032,2025-09-22
S04238,C045,2025-03-28
S07708,C039,2024-02-21
S09623,C020,2023-12-23
S08823,C045,2025-01-19
S03887,C019,2024-04-07
S05999,C020,2025-11-28
S05973,C006,2025-08-10
S08517,C040,2025-06-13
S04350,C049,2025-05-10
S01012,C019,2024-06-26
S07510,C042,2024-06-23
S03558,C004,2025-05-08
S06557,C019,2024-05-11
S05924,C033,2024-01-26
S00750,C027,2025-01-21
S02181,C048,2024-01-30
S04068,C003,2024-08-06
S02425,C029,2025-06-07
S01983,C003,2024-04-24
S05023,C029,2024-06-08
S09888,C009,2023-12-08
S09891,C004,2025-10-10
S06125,C030,2024-02-28
S00265,C019,2025-01-06
S04728,C003,2024-08-11
S09217,C026,2024-07-09
S00862,C009,2025-10-30
S05893,C006,2025-01-17
S07558,C018,2024-11-07
S03664,C019,2025-08-15
S08765,C030,2024-05-27
S09462,C017,2025-06-23
S05838,C002,2025-08-01
S00049,C044,2025-01-03
S09311,C035,2025-07-09
S08791,C033,2024-05-20
S00641,C031,2024-01-04
S05754,C010,2025-06-17
S06371,C008,2024-12-15
S00178,C008,2024-11-10
S05632,C005,2025-10-27
S00585,C041,2025-08-02
S01065,C005,2025-06-26
S01691,C026,2025-06-25
S00050,C025,2023-12-21
S08487,C013,2025-01-18
S01322,C047,2024-09-18
S02275,C027,2024-09-05
S04149,C034,2023-12-06
S02932,C026,2025-08-25
S05535,C004,2025-07-26
S03515,C005,2025-05-07
S06128,C021,2024-09-11
S05125,C037,2024-08-31
S09558,C050,2024-03-11
S05351,C031,2024-10-28
S08994,C011,2025-09-17
S04979,C003,2025-02-24
S03204,C043,2025-10-21
S09339,C025,2025-06-12
S06085,C045,2025-07-04
S04796,C009,2024-10-06
S03915,C010,2025-06-18
S05523,C045,2024-07-18
S03531,C002,2023-12-25
S01829,C046,2024-01-16
S06715,C015,2024-08-27
S04152,C034,2023-12-15
S02139,C025,2024-06-09
S03698,C008,2025-05-19
S02007,C027,2024-08-20
S03701,C045,2025-08-27
S06383,C012,2024-01-10
S01021,C048,2024-06-05
S03764,C020,2025-06-13
S03554,C027,2024-11-02
S08780,C004,2025-01-05
S09180,C019,2025-05-10
S00732,C049,2025-06-21
S08349,C021,2024-11-02
S00274,C041,2025-11-24
S07602,C048,2024-02-09
S01724,C041,2024-07-12
S09225,C033,2024-06-10
S02026,C020,2025-10-03
S09634,C017,2025-04-11
S08385,C020,2025-11-06
S06433,C016,2024-10-31
S03759,C036,2025-08-17
S06317,C014,2025-08-19
S01849,C025,2024-12-01
S07987,C016,2025-03-26
S07023,C044,2024-01-07
S07410,C035,2024-04-19
S01511,C034,2023-12-15
S06425,C015,2025-03-23
S08116,C025,2025-09-16
S03654,C007,2024-02-09
S07943,C028,2024-10-18
S03065,C035,2025-03-30
S03137,C025,2025-09-20
S06994,C019,2024-07-17
S06271,C015,2025-07-08
S01409,C027,2025-03-20
S05691,C037,2025-06-20
S00096,C047,2023-12-24
S07703,C020,2025-08-22
S00121,C016,2024-11-08
S09217,C032,2024-09-05
S06208,C034,2024-09-21
S05164,C042,2024-10-11
S08052,C027,2024-10-28
S00380,C024,2024-12-04
S09296,C008,2024-03-25
S06063,C034,2024-11-28
S02825,C008,2024-06-25
S05047,C029,2024-06-16
S08759,C027,2024-10-06
S03177,C031,2024-05-09
S07796,C023,2025-09-30
S02297,C020,2025-07-09
S05791,C007,2024-05-13
S03582,C032,2024-04-02
S02084,C040,2025-06-14
S09188,C037,2024-08-28
S04865,C037,2024-01-17
S04324,C008,2023-12-16
S03800,C031,2024-05-20
S02755,C028,2025-08-29
S08748,C005,2025-06-08
S01404,C003,2024-02-23
S05960,C012,2024-04-08
S09878,C031,2024-05-03
S06636,C029,2025-01-20
S00136,C034,2025-03-27
S01259,C032,2024-09-06
S04031,C010,2025-10-23
S01209,C019,2024-10-06
S00864,C027,2024-08-02
S07449,C019,2024-01-22
S01610,C014,2024-12-18
S01432,C005,2025-02-07
S06676,C011,2024-05-20
S06112,C030,2023-12-08
S02856,C002,2024-01-30
S07868,C031,2025-05-27
S09950,C043,2025-05-18
S04983,C006,2025-11-27
S06477,C028,2024-02-08
S06588,C009,2025-09-13
S02772,C016,2025-07-21
S05581,C041,2023-12-31
S09722,C031,2024-08-27
S04923,C044,2025-05-14
S07470,C013,2025-05-21
S04076,C028,2024-03-13
S07971,C037,2024-07-29
S05126,C035,2025-03-10
S02580,C045,2024-06-15
S00509,C026,2025-06-21
S04673,C044,2025-08-28
S03522,C045,2024-04-09
S00717,C027,2025-04-06
S08006,C017,2025-03-17
S05575,C003,2025-04-02
S08814,C007,2024-05-18
S01774,C023,2024-08-11
S06760,C009,2024-05-13
S09481,C015,2024-08-22
S02093,C025,2024-04-03
S07348,C022,2024-03-30
S06502,C018,2025-09-28
S04841,C011,2024-09-29
S08312,C038,2024-12-24
S02018,C014,2025-05-14
S04311,C006,2024-07-31
S08384,C006,2025-07-04
S00875,C041,2024-11-27
S06424,C035,2025-05-16
S00640,C020,2024-03-16
S07067,C006,2024-04-17
S03544,C019,2025-05-17
S07457,C027,2025-05-21
S01441,C004,2025-05-07
S06556,C047,2025-11-27
S01662,C020,2025-02-02
S06139,C005,2024-05-12
S07101,C044,2025-06-01
S02779,C004,2025-01-30
S03519,C023,2025-07-14
S03524,C017,2024-06-13
S03416,C027,2025-05-17
S05658,C013,2025-09-12
S08404,C004,2025-01-23
S09599,C002,2024-06-04
S04760,C010,2024-05-08
S01391,C036,2025-09-12
S04628,C018,2024-10-11
S04310,C046,2024-02-27
S05614,C027,2025-05-23
S09087,C048,2024-02-02
S01022,C037,2025-07-08
S04587,C046,2024-03-15
S08498,C032,2024-10-06
S02071,C017,2025-02-03
S02850,C044,2025-05-28
S09406,C046,2024-09-07
S02674,C012,2025-10-22
S09627,C032,2025-01-06
S00795,C003,2024-10-23
S01104,C014,2025-08-04
S06758,C006,2023-12-31
S06981,C037,2025-11-11
S08931,C025,2024-05-05
S07683,C038,2025-05-20
S01832,C017,2024-11-01
S01243,C043,2024-09-25
S04247,C044,2024-01-31
S02011,C018,2024-10-11
S01976,C050,2025-09-17
S08898,C035,2024-04-12
S01873,C046,2024-09-01
S01196,C040,2025-07-13
S00649,C032,2024-01-11
S08419,C029,2024-08-02
S03020,C008,2025-05-24
S03032,C048,2023-12-14
S07570,C022,2025-06-06
S01527,C049,2025-08-13
S09236,C019,2024-05-09
S07652,C013,2025-03-23
S02078,C022,2024-08-26
S01219,C001,2025-03-23
S04223,C043,2025-01-03
S01151,C005,2025-08-02
S04495,C030,2025-11-20
S02078,C021,2024-03-19
S00007,C015,2023-12-19
S00396,C015,2024-10-28
S01395,C030,2025-10-19
S02079,C012,2025-05-26
S07505,C007,2024-09-22
S06513,C034,2023-12-22
S05513,C038,2024-06-08
S03613,C019,2024-11-01
S02991,C024,2024-03-08
S03584,C046,2025-01-17
S06136,C009,2025-03-02
S04332,C007,2025-02-23
S05619,C048,2023-12-25
S08027,C017,2025-07-11
S03274,C009,2025-06-19
S09382,C040,2024-02-19
S05463,C015,2025-04-29
S08148,C045,2024-02-02
S05951,C015,2024-12-13
S06969,C034,2024-05-12
S01557,C045,2025-11-20
S08092,C050,2025-01-26
S08681,C046,2025-10-03
S07770,C003,2023-12-27
S06721,C015,2024-02-29
S03370,C019,2025-01-22
S01822,C001,2025-04-13
S04500,C031,2025-08-15
S00431,C028,2024-07-15
S03907,C001,2025-02-24
S08195,C019,2025-05-14
S03714,C049,2024-06-22
S05141,C010,2025-08-25
S05524,C023,2024-03-16
S00779,C011,2024-12-17
S07240,C045,2025-08-06
S01358,C041,2024-08-24
S06598,C040,2024-06-22
S00467,C019,2025-06-26
S03323,C042,2025-02-26
S00400,C035,2023-12-19
S07649,C042,2025-08-15
S01098,C029,2025-09-23
S00177,C010,2024-11-23
S01310,C037,2024-09-12
S06526,C029,2025-01-31
S06690,C027,2024-05-18
S07069,C017,2024-05-08
S08549,C022,2023-12-31
S03149,C006,2024-02-25
S05271,C003,2024-09-24
S02325,C012,2024-02-09
S03226,C014,2024-09-26
S00401,C008,2024-03-07
S04105,C012,2025-09-23
S06168,C018,2024-11-03
S03222,C025,2025-10-20
S00529,C042,2024-10-27
S02339,C034,2024-05-28
S08395,C029,2024-02-29
S08225,C004,2024-02-11
S09002,C009,2025-02-15
S03359,C028,2025-04-21
S09295,C038,2024-02-13
S09975,C036,2025-06-19
S05030,C015,2025-05-07
S03260,C044,2025-07-28
S01030,C038,2025-02-05
S02234,C015,2024-10-17
S08903,C019,2023-12-25
S02552,C041,2024-02-10
S02285,C013,2024-09-10
S01881,C009,2025-10-04
S01937,C029,2025-04-04
S04170,C030,2024-12-16
S00103,C012,2024-05-16
S00953,C019,2025-10-23
S03196,C050,2024-06-27
S04301,C032,2024-03-11
S02657,C017,2024-06-23
S02470,C036,2024-02-01
S07111,C029,2024-05-28
S01383,C035,2025-06-08
S03799,C041,2024-11-02
S08188,C018,2024-06-24
S04443,C001,2025-08-06
S07727,C039,2024-04-15
S01841,C033,2025-09-12
S08700,C030,2025-10-06
S08363,C017,2024-09-18
S05553,C042,2024-12-15
S07920,C008,2024-10-24
S01528,C005,2024-04-28
S02790,C012,2024-01-20
S01752,C017,2024-12-07
S09005,C047,2025-10-31
S03153,C045,2025-05-23
S04226,C040,2024-03-08
S01292,C032,2025-03-19
S05077,C041,2025-02-12
S08741,C032,2025-08-07
S09296,C017,2025-05-15
S06483,C022,2024-12-14
S08032,C008,2025-09-19
S09044,C004,2024-06-04
S03745,C028,2024-03-01
S02248,C028,2025-08-19
S08390,C033,2025-03-02
S01564,C018,2024-09-07
S04355,C012,2025-09-07
S00782,C050,2025-01-30
S04717,C043,2024-09-01
S07613,C002,2025-08-25
S07070,C004,2024-05-23
S07622,C017,2024-09-01
S02428,C029,2025-03-12
S08504,C036,2024-04-18
S00001,C011,2024-08-11
S04958,C032,2025-08-27
S03037,C036,2024-12-14
S08656,C048,2024-03-27
S05630,C019,2025-01-17
S05381,C047,2024-05-26
S00876,C002,2024-01-15
S04989,C021,2024-06-17
S02056,C016,2025-06-19
S07694,C041,2024-10-31
S05257,C034,2025-02-20
S07736,C042,2025-01-21
S04523,C018,2024-02-03
S06660,C015,2024-06-08
S02631,C010,2024-04-29
S02600,C003,2025-05-25
S03820,C027,2024-01-06
S07787,C032,2025-06-14
S05239,C043,2024-03-02
S06559,C036,2025-10-10
S01435,C023,2024-08-06
S04001,C026,2024-03-13
S02897,C010,2025-03-21
S08794,C014,2025-10-16
S00528,C035,2024-05-21
S00380,C036,2024-04-11
S05312,C047,2024-05-09
S02462,C036,2024-01-27
S03258,C041,2024-12-30
S05139,C008,2025-07-07
S05217,C011,2024-09-13
S07337,C032,2024-03-07
S00406,C045,2023-12-09
S05841,C025,2024-05-04
S09145,C047,2024-01-08
S07935,C043,2024-11-20
S00192,C025,2024-07-25
S03287,C041,2024-03-04
S06823,C050,2025-08-19
S03668,C036,2023-12-11
S04502,C040,2025-10-02
S02425,C020,2025-10-13
S00329,C011,2024-12-17
S01497,C011,2024-10-02
S06127,C032,2025-08-05
S04946,C012,2025-06-01
S06161,C044,2025-01-04
S03134,C047,2025-11-20
S02447,C004,2025-03-16
S05604,C022,2025-01-29
S00063,C037,2024-09-22
S02253,C038,2025-08-23
S02989,C024,2024-10-28
S03824,C043,2025-11-18
S00628,C011,2025-06-03
S01818,C041,2024-02-06
S02287,C007,2025-10-28
S09378,C033,2024-09-15
S04872,C049,2023-12-20
S02160,C034,2023-12-14
S07331,C014,2025-03-27
S07261,C026,2025-01-11
S05591,C033,2025-05-12
S00818,C020,2024-05-17
S01612,C022,2025-10-09
S02440,C002,2024-10-04
S02894,C029,2024-09-29
S00815,C019,2024-12-04
S06575,C022,2025-10-31
S06198,C046,2025-10-21
S08464,C043,2024-11-11
S05670,C039,2025-07-17
S05114,C036,2024-01-28
S09426,C028,2024-07-02
S05092,C041,2024-02-27
S05573,C009,2024-10-25
S09791,C045,2025-09-30
S01829,C018,2025-08-29
S03280,C038,2025-06-28
S01125,C037,2024-01-19
S04155,C033,2024-08-07
S01115,C024,2024-10-11
S01583,C026,2025-04-16
S06692,C028,2025-06-05
S01603,C029,2025-10-07
S01364,C005,2025-07-02
S03749,C016,2024-10-12
S03180,C046,2025-11-11
S05506,C040,2024-01-08
S08047,C044,2024-12-25
S00163,C049,2024-07-23
S03213,C043,2024-04-10
S07365,C035,2024-09-01
S08035,C040,2025-09-24
S10000,C043,2024-05-03
S02119,C045,2024-10-02
S02978,C002,2024-06-21
S02373,C015,2025-03-17
S06282,C019,2024-02-14
S08670,C032,2025-06-19
S00620,C048,2025-08-04
S01689,C015,2024-08-13
S07700,C026,2024-01-09
S05715,C049,2025-01-27
S02777,C021,2024-07-02
S06087,C012,2025-01-14
S06873,C034,2025-07-05
S08362,C028,2025-09-11
S00204,C032,2024-11-14
S07670,C047,2025-05-21
S09326,C027,2024-08-17
S06222,C044,2025-04-12
S06206,C019,2024-03-10
S05422,C008,2024-04-10
S09790,C028,2025-09-09
S08202,C012,2025-05-12
S00027,C043,2024-07-18
S01112,C029,2025-12-03
S03429,C011,2024-02-15
S09207,C033,2025-10-19
S06597,C020,2024-02-29
S06088,C036,2024-07-09
S08868,C021,2024-03-10
S01229,C013,2024-06-15
S07335,C023,2025-01-27
S09122,C038,2024-04-18
S04206,C026,2025-01-09
S04451,C047,2025-10-10
S08329,C028,2024-04-16
S03293,C034,2024-02-27
S04849,C049,2025-06-11
S07097,C031,2024-07-30
S01193,C024,2024-11-27
S06047,C014,2024-01-09
S06796,C013,2024-05-08
S00293,C030,2025-10-23
S01295,C038,2024-01-11
S09361,C036,2025-07-10
S00745,C042,2024-01-03
S02027,C003,2024-01-28
S01028,C026,2024-12-12
S01996,C006,2025-09-24
S07327,C002,2024-12-30
S01494,C043,2024-02-08
S04805,C001,2024-02-09
S09472,C031,2025-09-23
S00019,C002,2025-04-02
S01083,C007,2024-03-21
S05459,C033,2024-09-05
S07031,C043,2025-11-27
S02583,C017,2025-09-27
S01749,C050,2024-01-20
S02371,C017,2025-07-24
S04051,C036,2024-05-27
S02818,C003,2025-01-27
S08103,C007,2025-07-12
S03046,C009,2024-08-18
S09566,C025,2025-09-28
S09178,C011,2024-04-19
S07853,C050,2024-12-16
S04525,C005,2024-11-02
S08488,C030,2025-09-11
S04357,C027,2023-12-31
S00820,C049,2025-03-06
S04695,C032,2024-09-15
S07928,C029,2025-09-03
S04799,C001,2025-04-17
S04291,C018,2025-09-16
S06066,C031,2024-03-22
S00836,C020,2024-04-27
S07134,C023,2024-01-24
S08603,C022,2025-10-04
S04827,C050,2024-12-12
S09490,C021,2024-07-09
S01372,C012,2025-10-19
S05344,C017,2024-10-28
S04057,C022,2025-09-15
S05882,C046,2024-05-26
S01756,C013,2025-04-26
S00262,C011,2024-10-28
S06123,C004,2025-07-26
S01829,C048,2024-12-11
S05943,C039,2025-07-23
S01442,C013,2023-12-20
S07356,C032,2025-08-23
S03133,C011,2024-04-29
S04775,C050,2024-03-03
S03958,C022,2024-02-13
S09654,C042,2024-01-11
S07218,C008,2024-05-12
S07130,C014,2024-07-07
S09847,C021,2024-12-26
S03139,C050,2024-05-30
S07672,C026,2024-06-28
S02882,C015,2025-02-17
S06864,C005,2025-07-24
S01768,C023,2025-09-17
S00632,C045,2025-03-30
S07773,C002,2024-09-20
S03704,C012,2023-12-12
S05174,C050,2025-10-24
S00039,C040,2024-10-27
S04321,C047,2024-05-28
S04628,C002,2025-01-13
S06795,C035,2025-11-24
S07057,C021,2025-06-02
S02569,C013,2024-03-09
S03341,C030,2024-08-21
S06658,C049,2025-11-28
S00478,C047,2024-03-26
S09218,C048,2023-12-28
S04458,C043,2025-02-04
S09491,C049,2025-06-19
S08334,C024,2024-10-20
S07339,C005,2025-09-04
S03634,C006,2024-11-28
S02582,C049,2024-10-15
S07633,C026,2024-12-27
S08257,C028,2024-03-19
S02760,C029,2025-03-13
S04267,C009,2024-02-18
S01946,C013,2025-09-12
S08088,C018,2024-01-22
S04080,C003,2025-03-26
S08674,C030,2024-03-27
S05526,C050,2024-05-06
S05399,C048,2024-11-19
S08633,C012,2024-08-09
S00889,C026,2025-06-08
S05363,C019,2024-10-15
S00880,C047,2023-12-08
S04871,C024,2025-05-19
S03259,C034,2025-11-19
S04089,C007,2025-01-08
S02947,C035,2024-03-27
S04583,C015,2024-01-25
S03748,C033,2024-04-17
S04617,C008,2025-08-23
S07570,C016,2025-07-03
S01980,C007,2024-02-13
S09250,C044,2025-05-01
S07716,C019,2025-07-15
S04502,C031,2025-06-27
S09938,C015,2025-03-24
S00160,C040,2024-03-31
S07356,C050,2025-04-11
S04335,C026,2025-11-11
S06719,C005,2024-11-07
S02467,C037,2025-04-05
S07129,C043,2025-06-01
S03202,C002,2024-11-01
S05904,C021,2025-01-21
S08204,C039,2024-01-16
S01501,C019,2024-08-01
S00056,C045,2024-07-14
S07973,C002,2024-06-04
S03678,C035,2024-10-18
S07547,C026,2024-05-07
S02259,C008,2024-12-05
S04273,C042,2025-05-13
S00974,C043,2024-08-04
S05764,C032,2024-03-17
S00244,C037,2025-02-26
S09686,C010,2024-12-15
S04682,C020,2024-08-21
S08166,C050,2024-05-29
S00314,C037,2025-06-26
S00936,C048,2024-04-20
S09895,C017,2024-03-25
S09282,C003,2025-01-01
S04265,C050,2025-06-12
S07917,C026,2025-05-14
S07353,C004,2025-09-07
S00657,C040,2025-08-03
S01162,C012,2025-06-27
S07796,C032,2023-12-12
S06311,C030,2024-02-14
S02925,C003,2025-03-28
S09875,C025,2025-08-23
S09720,C001,2024-07-18
S03850,C024,2025-11-05
S01357,C024,2025-11-16
S04458,C003,2024-05-06
S00875,C042,2025-05-06
S05146,C048,2025-07-16
S09848,C012,2024-11-28
S05848,C046,2024-08-17
S08098,C008,2025-03-19
S08480,C040,2024-09-07
S08157,C026,2024-05-12
S07675,C042,2024-06-02
S08360,C047,2024-09-03
S09079,C023,2025-02-19
S07477,C046,2025-04-12
S01268,C016,2025-03-23
S07651,C028,2023-12-19
S08706,C019,2025-03-18
S09067,C038,2025-09-18
S08551,C034,2025-06-03
S09161,C027,2025-01-02
S07037,C034,2024-02-06
S04610,C016,2024-10-06
S01493,C024,2024-03-21
S03139,C043,2024-10-26
S02110,C024,2025-03-19
S02082,C019,2025-01-11
S01428,C047,2025-10-04
S07491,C023,2024-03-22
S01192,C014,2024-05-14
S06423,C011,2024-09-21
S00264,C038,2025-08-12
S06276,C014,2024-06-19
S05854,C004,2025-03-03
S00748,C040,2025-01-31
S01405,C039,2024-04-10
S01984,C030,2025-06-05
S01409,C023,2024-03-12
S07350,C019,2025-02-03
S03146,C028,2024-11-18
S06263,C045,2024-05-20
S07484,C028,2024-07-17
S01218,C024,2025-03-30
S05100,C015,2025-01-12
S00100,C014,2024-05-25
S00040,C017,2025-06-06
S04866,C028,2024-01-26
S06394,C017,2025-02-23
S09996,C013,2024-11-28
S00414,C044,2025-11-11
S03133,C014,2024-04-27
S05413,C020,2025-01-27
S02063,C022,2025-01-18
S08922,C021,2024-10-07
S08646,C043,2024-08-06
S06797,C022,2025-04-28
S06579,C009,2025-11-01
S01771,C008,2025-12-02
S08109,C009,2023-12-16
S00739,C002,2024-10-25
S00757,C047,2024-03-11
S07047,C037,2024-01-29
S06034,C036,2025-05-11
S05241,C025,2025-02-22
S04191,C018,2024-05-01
S02124,C048,2025-07-12
S06665,C027,2024-02-05
S09418,C031,2024-12-21
S07156,C032,2025-10-14
S00395,C037,2024-12-04
S06322,C025,2025-01-24
S02492,C030,2025-01-17
S03069,C024,2025-02-28
S06565,C010,2024-09-18
S00926,C001,2024-10-25
S04465,C008,2025-06-25
S07476,C031,2024-08-08
S08037,C048,2024-06-07
S05403,C002,2025-04-01
S00002,C046,2024-10-16
S09520,C023,2025-07-31
S09987,C050,2025-01-01
S01630,C050,2025-05-02
S03713,C031,2025-05-09
S06423,C031,2025-10-24
S06285,C043,2024-08-08
S09432,C027,2025-05-04
S04793,C049,2024-01-03
S09603,C026,2024-01-10
S04345,C036,2024-04-17
S07603,C046,2023-12-11
S08090,C006,2025-07-16
S00628,C033,2024-02-11
S01104,C025,2025-03-04
S09339,C011,2025-02-26
S07814,C001,2025-10-08
S01861,C036,2024-05-20
S06708,C026,2025-08-19
S00905,C012,2024-10-17
S00981,C041,2024-09-09
S02609,C040,2023-12-26
S00175,C019,2025-07-28
S06415,C034,2025-05-01
S04583,C035,2024-03-31
S01977,C027,2025-09-28
S08820,C008,2024-08-23
S00740,C032,2024-09-04
S03241,C024,2025-07-19
S04304,C024,2024-10-04
S07470,C008,2024-08-10
S06945,C016,2024-04-27
S05678,C019,2024-03-02
S03741,C037,2025-11-16
S01527,C024,2025-01-24
S04865,C008,2024-03-09
S01159,C007,2024-09-06
S03616,C034,2024-08-20
S06217,C026,2024-01-03
S01742,C001,2025-07-17
S06682,C048,2024-03-14
S04496,C021,2024-06-20
S05253,C046,2025-10-26
S02478,C042,2024-09-19
S06460,C049,2025-05-28
S00577,C031,2024-09-29
S07631,C013,2025-06-20
S08851,C024,2025-05-01
S07943,C002,2024-03-06
S04380,C001,2025-05-09
S09135,C030,2024-08-30
S03762,C011,2025-11-28
S03799,C035,2024-03-15
S09583,C041,2025-06-12
S08470,C029,2024-07-21
S07956,C045,2025-03-10
S05138,C003,2024-11-10
S00442,C035,2024-10-30
S08099,C035,2024-02-22
S08162,C041,2024-11-05
S08901,C044,2024-02-29
S08972,C018,2024-06-09
S05287,C014,2025-08-08
S08216,C001,2025-02-25
S03814,C023,2024-12-27
S00914,C002,2024-12-31
S04518,C041,2025-10-21
S07332,C003,2025-02-02
S05810,C033,2025-08-30
S01164,C046,2025-09-02
S07494,C032,2024-04-26
S04472,C016,2024-10-14
S09981,C036,2024-02-27
S06301,C020,2024-08-12
S02894,C022,2025-01-03
S02245,C022,2024-06-28
S00484,C042,2024-04-14
S07889,C043,2025-06-04
S04404,C005,2024-12-18
S04456,C043,2024-03-26
S05285,C031,2024-08-09
S06125,C034,2025-08-06
S03752,C024,2024-05-19
S03357,C041,2025-04-27
S02870,C038,2024-05-23
S07924,C010,2024-01-25
S08995,C025,2025-11-20
S09024,C048,2024-09-15
S08868,C025,2024-01-23
S05287,C003,2024-12-14
S05075,C034,2025-08-16
S06460,C028,2024-04-12
S07973,C011,2024-04-26
S03867,C032,2025-04-02
S00395,C011,2024-04-10
S05699,C029,2025-02-13
S02729,C041,2024-04-24
S01475,C036,2025-05-13
S08046,C013,2025-06-28
S08295,C018,2025-02-12
S02536,C003,2024-07-25
S00466,C039,2025-11-27
S06074,C006,2024-05-10
S08372,C042,2025-09-04
S00540,C027,2024-06-22
S05965,C013,2025-03-31
S02426,C038,2024-06-23
S07478,C037,2024-06-16
S01544,C042,2024-01-23
S09094,C019,2025-06-18
S02528,C003,2024-09-27
S02593,C002,2024-02-23
S02676,C001,2024-07-11
S03672,C034,2025-11-15
S05548,C025,2025-10-18
S07742,C013,2024-01-03
S04611,C027,2024-09-02
S04424,C045,2025-01-07
S00450,C041,2024-04-01
S05245,C034,2025-03-08
S00592,C035,2024-10-19
S00121,C023,2025-04-28
S08124,C035,2023-12-08
S07462,C044,2025-09-14
S04963,C045,2024-12-09
S00081,C036,2024-06-18
S02498,C028,2025-10-01
S07481,C029,2024-10-24
S01958,C007,2025-01-26
S01030,C014,2025-11-03
S06957,C017,2025-11-20
S05988,C030,2025-04-28
S04039,C002,2024-08-06
S00046,C015,2024-03-04
S01762,C007,2025-05-21
S02381,C013,2024-03-08
S04962,C032,2025-08-31
S05376,C034,2025-07-18
S02766,C047,2024-09-04
S07065,C011,2025-03-23
S03661,C020,2025-03-14
S05077,C009,2024-01-30
S03928,C009,2025-09-26
S09997,C021,2025-02-23
S02759,C004,2025-07-22
S01859,C003,2024-09-01
S03891,C027,2024-10-06
S07848,C002,2024-05-03
S09076,C004,2024-02-04
S07651,C027,2025-07-13
S08380,C045,2024-05-23
S09710,C042,2025-11-15
S02065,C029,2025-11-07
S02749,C033,2025-06-20
S07913,C042,2025-09-24
S07666,C029,2024-06-09
S09715,C038,2025-10-16
S05594,C044,2025-02-21
S08320,C020,2025-12-04
S07212,C039,2024-05-07
S05461,C049,2025-03-01
S05512,C003,2024-01-02
S00839,C034,2024-03-25
S08441,C031,2024-12-11
S06066,C009,2024-11-04
S09630,C002,2025-07-13
S05535,C030,2025-12-02
S08709,C026,2024-12-25
S09335,C049,2025-11-24
S02078,C026,2025-03-26
S09030,C037,2025-10-18
S08003,C036,2024-05-17
S04077,C037,2024-01-26
S05564,C001,2024-01-20
S07769,C007,2025-02-09
S02375,C031,2025-04-01
S02242,C034,2024-08-20
S09444,C028,2024-03-22
S05570,C015,2024-09-25
S04867,C038,2024-02-28
S05596,C026,2024-06-04
S04694,C003,2025-03-08
S01671,C042,2024-03-08
S03462,C038,2024-06-07
S08672,C016,2025-11-18
S07079,C012,2025-08-23
S09575,C015,2025-04-11
S00116,C040,2024-09-02
S09957,C027,2024-12-20
S04494,C043,2025-11-27
S00602,C006,2025-04-22
S03924,C022,2024-04-26
S07422,C046,2025-03-13
S03121,C011,2025-08-04
S08049,C042,2024-01-15
S01859,C016,2024-10-01
S04902,C048,2024-10-11
S09855,C031,2024-12-22
S07036,C023,2025-04-13
S07642,C017,2025-01-10
S02996,C002,2025-02-04
S02162,C013,2024-05-25
S07416,C006,2024-08-02
S06657,C034,2025-02-17
S02638,C020,2025-04-09
S07846,C014,2024-05-11
S03715,C027,2025-11-28
S07705,C043,2025-08-26
S00585,C026,2025-05-01
S06167,C044,2025-11-20
S03690,C007,2024-10-14
S05653,C027,2024-08-20
S09821,C014,2024-04-24
S04273,C031,2025-03-23
S02688,C008,2025-10-17
S05391,C018,2025-10-02
S07933,C033,2024-01-03
S06269,C028,2024-05-26
S03922,C029,2025-10-15
S08683,C023,2025-04-26
S01710,C007,2025-01-23
S01526,C004,2025-03-06
S06069,C033,2025-11-24
S02488,C012,2025-06-17
S05552,C024,2024-07-03
S07540,C029,2024-01-22
S04192,C002,2024-07-07
S02710,C041,2024-07-17
S03322,C043,2024-01-16
S07435,C019,2024-06-10
S06461,C027,2025-03-19
S05106,C043,2025-10-15
S04033,C010,2025-10-19
S02799,C007,2024-03-19
S04381,C008,2025-10-01
S09216,C006,2024-02-12
S05073,C037,2024-10-14
S01745,C006,2025-06-07
S02335,C040,2024-08-05
S05296,C039,2024-02-07
S08153,C042,2025-02-04
S01755,C007,2024-07-17
S01139,C040,2025-01-05
S02847,C010,2025-07-26
S04875,C038,2024-06-08
S00433,C037,2023-12-27
S09799,C034,2025-04-05
S07037,C037,2025-10-31
S04318,C046,2025-02-19
S00663,C050,2024-04-17
S09197,C017,2025-01-25
S08017,C015,2024-12-02
S04130,C012,2024-11-02
S08975,C037,2025-01-14
S02893,C004,2023-12-25
S08722,C029,2025-03-20
S01679,C045,2025-10-28
S03375,C015,2025-08-21
S00831,C007,2024-11-21
S01597,C020,2024-12-17
S06393,C012,2024-09-19
S00242,C029,2025-11-03
S03431,C007,2024-02-01
S01626,C002,2024-05-30
S05340,C015,2025-04-24
S06165,C006,2025-09-21
S07825,C036,2025-08-23
S08775,C007,2024-08-14
S02830,C003,2024-11-30
S05446,C037,2025-07-15
S01913,C002,2025-06-05
S02138,C040,2024-04-07
S02583,C043,2024-03-17
S03125,C006,2024-01-21
S06124,C022,2024-05-04
S09012,C041,2025-10-31
S07031,C036,2025-09-08
S07507,C015,2025-02-07
S06775,C010,2024-11-06
S05691,C018,2024-01-10
S06312,C008,2024-09-17
S03916,C033,2024-02-14
S04641,C035,2024-07-16
S02869,C018,2023-12-07
S06951,C044,2025-05-11
S08059,C045,2025-03-06
S02851,C011,2025-12-02
S04045,C002,2024-10-24
S07064,C015,2024-06-21
S07728,C013,2024-05-29
S03792,C032,2024-06-08
S05718,C017,2024-03-25
S04921,C003,2025-10-30
S04536,C019,2025-03-14
S02523,C014,2025-08-28
S05613,C015,2023-12-07
S06097,C036,2024-09-02
S07646,C047,2025-08-24
S04542,C006,2024-03-23
S02676,C007,2024-10-19
S04845,C026,2024-09-11
S02874,C009,2024-07-09
S05518,C049,2024-04-14
S09522,C004,2023-12-25
S07821,C031,2024-10-15
S02197,C021,2025-02-12
S05276,C043,2024-11-19
S08510,C015,2024-12-26
S09844,C041,2025-04-17
S00604,C040,2025-01-27
S01793,C015,2024-01-05
S02086,C012,2025-11-28
S09891,C001,2024-01-20
S01278,C050,2025-03-06
S09104,C035,2024-04-28
S04201,C036,2025-01-09
S05945,C029,2025-05-22
S03113,C004,2024-10-18
S01335,C047,2024-08-06
S01350,C040,2025-07-31
S04671,C030,2024-12-13
S03694,C015,2023-12-23
S08416,C001,2023-12-26
S01345,C017,2025-08-21
S05691,C012,2024-12-09
S06736,C049,2025-03-18
S00942,C016,2025-05-09
S01426,C033,2024-07-29
S04429,C005,2023-12-12
S07530,C022,2025-11-18
S01003,C026,2024-09-07
S00039,C006,2025-02-28
S05394,C045,2023-12-30
S06481,C047,2025-11-19
S02828,C003,2024-06-14
S08403,C016,2025-04-02
S08356,C030,2024-03-30
S07930,C005,2024-02-12
S00561,C026,2025-03-19
S06679,C044,2025-03-22
S06159,C049,2024-10-15
S00429,C042,2023-12-29
S04778,C030,2025-12-03
S08628,C046,2025-06-09
S02920,C029,2024-11-09
S03400,C028,2024-09-02
S06162,C029,2025-10-29
S00245,C016,2025-06-06
S00708,C019,2024-09-12
S05602,C001,2025-09-09
S02703,C037,2024-09-02
S05002,C048,2024-03-11
S08012,C002,2025-04-01
S04489,C037,2024-09-28
S09701,C043,2025-01-14
S04189,C008,2025-03-29
S05146,C023,2023-12-20
S02100,C015,2025-06-11
S04356,C005,2024-12-27
S05247,C014,2025-06-23
S00884,C037,2024-03-22
S03272,C007,2025-09-17
S06375,C038,2025-10-30
S03485,C035,2024-05-02
S02961,C035,2024-10-17
S06097,C006,2024-09-18
S03904,C011,2025-09-28
S06348,C038,2024-12-17
S01752,C049,2024-04-01
S08212,C040,2024-02-24
S04770,C023,2025-04-06
S01501,C037,2025-11-10
S01618,C027,2024-06-29
S04435,C044,2024-10-23
S08830,C043,2025-10-07
S04728,C019,2024-03-17
S06316,C030,2025-09-08
S06351,C048,2024-10-17
S07643,C030,2025-05-26
S03433,C003,2025-10-05
S05199,C046,2025-03-04
S09649,C033,2024-08-18
S03815,C042,2024-11-24
S00306,C004,2024-07-11
S01463,C041,2025-03-17
S08985,C037,2024-12-02
S07136,C031,2024-07-27
S07359,C001,2025-11-11
S04347,C033,2025-05-25
S05078,C019,2025-01-03
S02109,C004,2025-05-22
S04281,C048,2024-02-13
S07246,C043,2025-08-06
S03311,C032,2024-08-02
S02162,C042,2024-01-18
S04225,C028,2024-11-21
S01697,C019,2024-11-05
S07381,C004,2025-09-16
S08552,C039,2024-02-23
S07269,C024,2023-12-17
S04014,C004,2024-11-28
S08176,C030,2024-06-03
S01906,C012,2024-11-18
S07324,C010,2025-11-22
S09828,C028,2024-11-26
S01792,C047,2025-08-25
S04555,C013,2025-05-07
S09104,C044,2024-07-30
S09140,C026,2025-11-19
S04784,C047,2024-08-14
S07817,C023,2024-03-27
S03466,C032,2025-06-16
S02828,C022,2024-05-18
S07423,C011,2024-11-04
S00856,C023,2024-06-25
S03615,C041,2025-04-26
S09956,C026,2024-09-03
S01127,C047,2025-06-28
S03630,C041,2025-12-04
S04519,C024,2025-11-03
S07541,C040,2024-07-21
S02358,C039,2024-04-30
S08878,C021,2025-06-18
S01635,C009,2024-12-23
S02167,C042,2024-05-03
S04494,C040,2025-08-11
S01631,C036,2025-09-03
S09529,C019,2025-06-30
S09832,C048,2024-09-12
S01404,C023,2024-10-30
S03672,C031,2024-02-26
S03149,C013,2025-08-26
S09527,C023,2025-07-17
S05577,C010,2024-01-26
S06798,C011,2024-09-01
S06759,C005,2025-06-02
S07588,C001,2025-06-28
S09377,C007,2024-06-15
S01233,C020,2024-04-29
S08373,C042,2025-08-31
S03177,C039,2024-03-08
S08365,C034,2024-03-09
S04832,C044,2024-08-03
S07319,C032,2024-06-20
S07997,C042,2025-08-02
S03579,C020,2025-05-22
S02491,C018,2024-01-30
S07443,C012,2025-11-19
S08336,C035,2024-01-12
S07587,C035,2024-02-15
S04733,C010,2024-12-18
S08480,C044,2025-11-07
S01485,C035,2025-04-26
S08576,C028,2025-06-28
S01527,C027,2023-12-05
S02886,C024,2024-05-10
S02105,C015,2025-07-24
S04330,C037,2024-11-18
S09188,C039,2025-08-08
S03488,C041,2024-03-21
S00199,C037,2024-02-15
S01953,C038,2024-07-02
S05325,C025,2025-05-02
S09956,C012,2024-03-20
S03636,C046,2025-05-04
S07942,C030,2025-04-28
S07412,C033,2025-10-29
S07311,C003,2024-08-21
S09416,C042,2024-03-30
S06216,C014,2024-03-09
S07893,C040,2025-02-02
S02864,C011,2025-03-28
S08623,C045,2024-08-17
S08095,C010,2024-05-03
S03978,C033,2024-07-28
S01902,C047,2024-01-10
S00159,C029,2025-10-30
S00512,C010,2025-07-02
S07549,C011,2024-02-17
S09220,C047,2025-03-21
S01129,C007,2024-04-04
S03470,C022,2024-04-19
S05707,C044,2025-03-03
S03814,C046,2024-04-16
S04215,C013,2024-08-27
S09269,C037,2025-11-13
S04529,C025,2024-07-01
S02268,C005,2024-07-13
S02174,C018,2024-12-13
S06124,C029,2024-03-19
S07030,C025,2024-12-09
S09766,C028,2025-12-04
S01614,C030,2024-11-06
S08771,C006,2023-12-16
S05234,C016,2025-01-22
S09728,C013,2024-09-03
S05952,C022,2025-02-13
S01059,C030,2024-11-15
S04618,C043,2025-11-30
S04580,C022,2024-05-28
S03045,C011,2025-04-23
S05062,C001,2024-05-22
S01009,C010,2024-01-26
S05046,C034,2024-08-23
S06962,C025,2024-10-18
S01643,C020,2025-07-11
S01729,C039,2025-11-12
S09941,C007,2025-11-14
S05678,C036,2023-12-14
S01693,C050,2025-08-06
S00738,C016,2025-06-10
S07793,C023,2025-02-28
S00730,C050,2025-02-27
S08082,C023,2024-03-12
S01517,C017,2025-10-07
S00210,C020,2025-05-12
S08894,C016,2025-09-06
S05408,C048,2024-07-18
S01975,C026,2024-07-01
S08849,C010,2025-08-20
S01417,C038,2024-03-30
S09693,C010,2024-04-29
S07091,C021,2024-05-16
S09275,C047,2024-11-21
S04001,C042,2024-06-26
S00525,C029,2025-09-01
S07012,C024,2024-12-25
S03205,C045,2025-10-22
S02040,C002,2024-10-18
S05509,C016,2024-07-06
S09949,C021,2025-08-11
S05737,C035,2025-05-07
S00376,C039,2025-11-19
S09578,C027,2024-09-04
S02088,C004,2024-09-12
S07208,C022,2023-12-11
S03676,C032,2024-06-18
S02822,C011,2024-09-23
S03885,C041,2025-02-14
S01772,C002,2024-06-28
S03988,C024,2024-08-28
S08525,C028,2024-03-20
S09177,C049,2025-10-07
S03119,C022,2025-06-10
S04092,C048,2024-02-22
S09843,C044,2024-10-12
S06046,C050,2024-02-21
S02626,C017,2024-06-13
S08588,C043,2024-09-05
S04419,C040,2025-04-24
S09594,C023,2025-01-19
S08484,C041,2025-09-25
S04482,C007,2024-10-03
S03651,C039,2024-08-14
S06884,C010,2024-04-30
S03169,C041,2024-04-27
S09996,C037,2025-01-18
S09767,C035,2024-10-30
S00262,C040,2024-09-08
S05492,C017,2024-03-16
S07178,C030,2025-02-24
S05987,C024,2025-07-10
S01302,C046,2024-04-07
S06185,C007,2025-01-23
S01487,C017,2024-12-24
S05991,C048,2025-11-07
S08234,C039,2025-06-27
S04554,C016,2025-06-02
S00435,C006,2025-02-20
S09735,C025,2024-04-06
S00794,C033,2024-07-27
S00845,C030,2024-03-19
S07507,C040,2024-11-20
S07943,C046,2025-09-29
S00635,C050,2024-03-07
S06035,C047,2025-06-30
S05609,C017,2025-06-29
S08419,C027,2024-12-11
S06890,C009,2024-07-05
S00485,C045,2024-12-23
S07767,C006,2024-04-20
S09474,C014,2025-05-30
S06870,C036,2024-11-19
S02746,C002,2024-09-23
S02735,C047,2024-05-18
S07119,C048,2024-12-11
S02428,C013,2024-11-17
S09919,C031,2024-01-21
S00172,C020,2024-11-13
S00020,C049,2025-07-28
S01661,C035,2024-12-31
S00308,C037,2024-06-02
S06265,C004,2024-07-04
S06024,C021,2024-05-07
S02500,C022,2024-06-12
S09901,C040,2025-05-30
S01449,C037,2025-03-04
S09444,C035,2025-09-22
S07072,C001,2024-02-08
S03798,C010,2025-10-09
S04473,C048,2025-02-12
S03924,C017,2024-09-16
S02743,C049,2024-07-03
S09764,C022,2024-06-02
S03910,C047,2024-08-06
S01117,C044,2025-08-05
S05614,C002,2024-05-10
S00052,C030,2024-02-13
S05972,C037,2024-12-31
S09528,C015,2024-08-01
S09918,C005,2025-05-11
S09954,C041,2025-09-09
S02379,C003,2023-12-10
S05712,C018,2024-12-10
S04011,C033,2024-02-07
S07869,C034,2025-03-25
S02153,C005,2024-09-29
S04729,C044,2024-03-12
S09398,C029,2024-11-20
S05203,C039,2024-11-21
S07816,C002,2025-07-29
S00726,C022,2024-01-30
S04149,C017,2024-01-06
S05933,C030,2024-05-11
S04243,C050,2025-08-12
S02591,C041,2024-12-23
S01959,C041,2024-04-12
S04474,C028,2024-07-02
S00442,C039,2025-09-13
S04690,C034,2024-03-20
S06613,C016,2024-08-12
S08057,C046,2024-05-08
S00305,C033,2024-05-10
S08945,C039,2024-01-17
S07760,C030,2024-10-26
S07427,C033,2024-11-26
S08129,C034,2025-10-06
S09844,C047,2024-04-20
S02855,C005,2024-02-03
S05835,C038,2024-05-14
S00637,C045,2025-11-01
S02312,C014,2025-04-05
S09981,C024,2025-06-30
S01122,C047,2024-09-01
S04394,C036,2023-12-07
S06467,C034,2024-03-08
S03842,C019,2024-12-02
S06235,C001,2024-11-17
S00328,C042,2024-06-17
S03662,C040,2024-11-30
S07117,C031,2025-05-25
S04966,C013,2025-05-04
S02372,C014,2025-09-12
S00639,C043,2024-01-03
S06098,C029,2024-08-09
S00490,C039,2025-02-23
S02322,C012,2025-03-04
S01240,C021,2024-07-25
S08989,C016,2025-03-07
S00188,C028,2024-01-08
S09280,C033,2024-06-14
S02777,C032,2025-05-04
S06116,C049,2024-12-18
S07701,C039,2025-08-22
S02706,C029,2024-08-26
S04182,C048,2024-04-14
S03159,C037,2024-06-03
S04291,C034,2024-08-08
S01033,C011,2025-07-12
S01879,C045,2025-04-25
S04358,C007,2023-12-07
S08383,C040,2024-01-12
S05203,C010,2025-06-15
S06787,C025,2024-06-19
S04065,C021,2024-11-13
S06872,C012,2025-01-23
S00375,C033,2025-10-22
S07853,C028,2025-07-24
S02468,C010,2025-02-13
S02160,C006,2025-11-20
S03104,C044,2025-09-24
S03438,C044,2024-03-27
S00251,C048,2024-04-22
S02366,C033,2024-07-23
S02859,C012,2023-12-15
S05386,C024,2024-02-11
S04331,C026,2024-02-04
S03259,C049,2024-08-07
S04645,C044,2024-02-17
S06516,C001,2024-04-30
S04740,C017,2025-04-29
S04695,C020,2025-03-06
S05893,C025,2025-11-03
S09217,C016,2025-12-01
S03957,C030,2025-01-25
S02547,C011,2025-11-28
S03738,C041,2024-08-28
S02560,C004,2024-10-22
S02465,C018,2025-10-22
S03729,C042,2025-01-30
S07261,C037,2024-10-31
S07184,C007,2025-01-21
S03493,C002,2024-01-07
S00353,C014,2025-08-28
S03537,C035,2024-03-27
S07563,C040,2024-05-18
S08004,C021,2025-08-27
S00912,C001,2025-04-06
S04046,C036,2025-11-21
S08337,C028,2024-06-02
S01862,C039,2024-09-02
S04098,C015,2024-10-01
S02849,C049,2024-01-21
S05447,C033,2024-09-20
S03678,C010,2025-08-12
S08617,C045,2024-05-11
S08468,C029,2024-12-03
S02032,C022,2025-03-19
S06943,C035,2024-08-18
S01180,C020,2025-04-04
S05776,C045,2025-11-23
S02060,C023,2025-11-24
S06500,C005,2025-07-17
S00910,C014,2025-08-24
S04839,C016,2024-01-20
S08426,C022,2025-06-01
S03326,C019,2024-04-29
S04528,C032,2024-01-31
S00981,C035,2025-02-13
S01459,C030,2024-10-18
S00786,C009,2024-03-20
S08133,C021,2025-07-27
S02168,C037,2025-08-19
S02346,C022,2024-08-05
S07634,C031,2024-11-12
S06839,C032,2025-02-20
S07531,C032,2024-06-25
S02931,C032,2025-03-01
S07985,C043,2025-04-07
S05650,C018,2025-04-30
S03678,C004,2024-07-27
S03590,C010,2025-01-30
S03903,C027,2024-06-12
S03923,C030,2024-11-24
S05175,C046,2024-04-30
S01756,C044,2024-01-19
S09980,C040,2025-03-29
S09049,C026,2024-02-14
S03197,C035,2024-06-22
S00767,C020,2024-08-23
S03265,C042,2025-10-29
S06237,C041,2024-09-04
S06062,C041,2025-02-16
S04285,C039,2024-08-05
S04788,C036,2025-10-24
S02710,C038,2023-12-30
S06896,C044,2025-09-27
S06136,C050,2025-06-12
S01093,C044,2024-01-01
S09989,C025,2024-08-20
S02713,C025,2025-01-18
S00642,C009,2025-01-13
S02481,C023,2024-12-14
S04049,C006,2024-04-09
S05787,C013,2025-03-16
S08018,C041,2024-11-29
S09416,C042,2025-11-03
S05640,C033,2025-06-28
S05888,C032,2024-02-11
S01251,C009,2024-12-23
S03505,C041,2025-07-23
S05659,C014,2025-02-24
S07615,C045,2025-09-07
S08573,C007,2023-12-26
S01127,C010,2025-07-10
S09214,C035,2024-08-25
S03255,C044,2025-01-28
S09713,C002,2024-04-10
S07512,C033,2024-06-17
S06721,C031,2025-10-12
S05909,C009,2025-01-25
S05730,C028,2025-11-19
S05718,C030,2024-09-05
S04876,C015,2025-10-03
S08132,C013,2025-03-10
S08784,C006,2024-08-26
S05547,C048,2024-11-24
S00494,C035,2025-07-26
S01997,C019,2023-12-24
S04131,C039,2024-02-11
S06574,C019,2025-07-30
S00412,C028,2025-10-15
S06864,C021,2024-09-25
S06265,C011,2025-05-26
S09803,C001,2024-10-02
S01743,C030,2024-05-07
S01861,C032,2023-12-28
S00356,C006,2025-10-06
S06533,C046,2025-01-06
S02323,C021,2024-08-31
S04832,C006,2024-05-02
S01721,C006,2024-03-27
S00559,C030,2024-05-22
S06420,C017,2025-09-02
S08555,C041,2025-06-11
S00017,C032,2025-01-25
S05550,C029,2024-09-09
S03578,C022,2024-12-07
S00316,C048,2024-11-02
S09752,C008,2024-01-19
S08748,C039,2024-08-13
S07159,C038,2025-01-07
S07384,C033,2023-12-14
S05187,C024,2025-03-17
S03463,C041,2024-08-05
S07179,C007,2025-02-26
S04395,C006,2025-04-01
S00653,C017,2024-06-24
S03697,C044,2025-01-24
S00908,C032,2025-07-26
S08543,C020,2025-07-22
S01561,C031,2024-08-13
S06193,C017,2024-10-30
S00556,C018,2024-10-27
S03687,C025,2024-04-19
S08199,C049,2025-08-19
S05901,C042,2025-03-15
S04263,C014,2024-10-20
S05209,C004,2024-01-18
S06002,C011,2023-12-31
S01382,C010,2024-04-21
S08928,C044,2024-01-08
S05435,C023,2024-01-22
S03526,C033,2025-11-19
S05964,C011,2025-05-03
S00157,C018,2025-08-14
S01263,C012,2025-10-02
S02395,C031,2025-07-03
S09384,C011,2025-05-06
S06989,C042,2025-03-20
S04543,C034,2024-10-09
S03201,C047,2024-04-09
S03891,C008,2025-06-15
S06911,C047,2024-07-27
S03518,C038,2023-12-20
S04643,C009,2025-07-23
S06037,C026,2024-06-21
S02220,C022,2024-12-11
S00664,C036,2024-05-02
S06242,C041,2024-11-10
S09328,C048,2025-03-18
S05384,C038,2024-04-30
S02845,C033,2024-04-02
S09268,C039,2025-03-01
S09395,C005,2024-08-19
S03220,C007,2023-12-20
S07893,C016,2025-07-15
S06219,C017,2025-06-17
S02913,C035,2024-01-07
S06798,C018,2024-11-10
S08402,C041,2024-08-02
S01223,C043,2025-07-29
S07408,C030,2024-03-23
S07862,C002,2025-03-21
S03696,C025,2024-09-30
S00562,C002,2024-10-08
S05350,C005,2024-05-12
S07831,C032,2025-11-25
S01520,C033,2024-09-06
S05261,C028,2024-06-11
S03946,C028,2024-07-04
S08056,C034,2025-06-10
S00841,C028,2025-08-31
S09107,C031,2024-05-16
S02504,C002,2025-07-30
S08215,C035,2025-04-21
S05089,C022,2023-12-24
S02545,C050,2025-03-17
S09276,C040,2025-01-26
S01399,C037,2024-06-01
S00438,C013,2025-08-04
S01341,C027,2024-12-13
S04350,C023,2024-12-16
S02189,C047,2025-10-19
S08882,C034,2024-06-13
S01106,C037,2024-06-24
S06555,C008,2024-07-01
S07002,C049,2024-01-13
S09717,C027,2024-07-03
S06491,C037,2024-11-13
S08430,C023,2024-08-02
S05248,C039,2024-04-12
S04598,C017,2024-04-26
S03600,C045,2025-05-28
S02403,C003,2025-06-29
S03242,C014,2024-06-09
S00989,C020,2025-01-07
S05153,C045,2024-12-09
S09955,C021,2025-03-03
S01198,C044,2024-12-28
S06482,C028,2025-06-01
S09212,C018,2025-08-18
S08158,C007,2024-11-04
S05183,C016,2024-12-21
S09305,C023,2025-08-28
S03579,C002,2025-07-08
S02998,C024,2024-01-06
S06737,C011,2025-10-23
S00525,C049,2023-12-12
S09254,C025,2024-04-06
S03176,C022,2024-10-15
S07199,C012,2025-02-14
S04841,C039,2024-12-19
S09089,C031,2025-01-26
S02600,C043,2023-12-13
S02192,C025,2024-06-25
S07683,C041,2024-03-13
S01632,C002,2024-08-23
S03796,C035,2025-06-23
S05764,C048,2024-11-11
S08485,C042,2025-03-04
S03131,C050,2025-01-22
S03205,C042,2024-10-22
S05625,C030,2025-10-08
S03059,C046,2025-02-28
S03703,C020,2025-04-09
S09035,C008,2025-05-26
S04384,C035,2025-03-01
S05522,C044,2025-10-18
S00983,C026,2025-09-23
S01653,C019,2025-02-18
S02175,C001,2025-11-28
S06640,C039,2025-01-17
S09195,C033,2024-01-10
S03056,C048,2024-11-11
S07662,C035,2024-04-04
S01941,C021,2025-08-26
S05941,C010,2024-01-01
S04401,C008,2025-01-13
S02141,C015,2024-08-15
S05446,C029,2024-09-01
S00938,C004,2025-08-21
S08744,C017,2024-05-19
S04893,C029,2025-03-14
S06382,C037,2024-07-28
S04833,C043,2024-05-06
S01419,C030,2024-06-07
S07231,C021,2024-04-16
S09284,C023,2024-02-09
S08853,C027,2025-01-21
S02048,C047,2025-05-05
S02924,C020,2025-03-22
S05628,C008,2024-11-21
S07589,C028,2025-04-03
S06349,C019,2024-04-05
S02496,C020,2024-11-16
S06767,C031,2024-03-07
S05362,C049,2025-07-17
S05073,C043,2024-07-24
S00162,C043,2024-06-18
S04723,C009,2024-03-04
S07490,C007,2024-04-24
S04822,C030,2025-02-09
S01272,C047,2025-07-05
S06990,C013,2025-02-02
S08488,C006,2025-09-17
S06668,C027,2025-06-16
S01304,C020,2024-11-28
S02670,C011,2023-12-25
S02717,C024,2024-03-12
S05050,C004,2025-05-20
S04423,C047,2025-09-11
S06118,C005,2025-03-12
S00415,C049,2025-08-19
S06298,C049,2024-07-15
S00448,C030,2025-10-07
S05260,C034,2025-07-14
S01101,C034,2025-01-14
S02323,C004,2024-07-18
S09253,C036,2024-09-25
S03999,C049,2024-07-30
S01998,C045,2025-03-25
S03901,C004,2025-02-04
S08371,C022,2025-05-04
S03433,C002,2024-08-15
S02064,C012,2024-10-31
S01654,C004,2025-11-24
S08217,C011,2024-06-17
S07549,C024,2025-02-16
S06327,C018,2024-09-10
S06339,C028,2025-08-23
S04647,C045,2024-12-10
S00938,C045,2025-02-05
S02839,C023,2024-12-05
S04927,C041,2024-07-09
S07358,C006,2025-02-28
S00411,C003,2024-11-28
S06829,C006,2024-04-23
S01336,C004,2024-01-22
S08237,C025,2025-08-15
S05949,C008,2024-11-27
S08726,C017,2024-02-13
S07496,C002,2024-02-18
S07859,C033,2024-08-22
S05909,C034,2024-01-30
S08086,C035,2024-02-19
S06779,C026,2025-10-08
S02114,C022,2025-09-28
S00175,C021,2025-04-24
S02063,C023,2025-11-07
S01533,C038,2025-03-25
S08172,C023,2025-10-15
S04571,C046,2025-06-30
S01751,C049,2025-08-19
S09907,C031,2024-08-08
S02580,C032,2024-05-21
S09197,C036,2025-10-08
S02346,C011,2023-12-22
S07533,C009,2025-07-12
S01105,C001,2025-01-24
S03361,C025,2025-09-30
S00098,C038,2024-09-15
S07178,C001,2024-03-23
S05792,C014,2025-11-14
S01257,C034,2025-03-22
S00734,C003,2025-01-06
S01335,C010,2025-03-31
S05858,C018,2025-07-12
S04490,C049,2024-06-26
S05268,C011,2024-01-31
S03945,C026,2025-09-16
S02165,C043,2024-03-28
S07224,C013,2024-09-27
S00138,C010,2024-02-12
S02268,C034,2025-10-05
S00914,C021,2025-03-15
S08368,C031,2025-05-09
S01193,C042,2024-05-11
S09590,C014,2024-07-09
S05325,C022,2025-05-08
S04567,C030,2024-04-15
S01078,C017,2023-12-13
S04902,C031,2024-06-27
S00489,C034,2025-09-10
S03418,C004,2025-03-20
S04282,C001,2025-11-01
S05867,C028,2025-03-28
S01032,C011,2025-10-02
S02892,C009,2024-01-14
S00988,C017,2025-06-15
S02706,C017,2024-02-28
S05482,C018,2024-04-11
S06605,C017,2025-09-12
S06949,C036,2024-02-13
S07948,C006,2024-11-21
S03850,C021,2024-10-15
S08185,C012,2025-11-09
S04635,C044,2025-01-13
S03445,C036,2024-01-04
S01763,C039,2024-09-26
S03094,C029,2024-11-22
S07696,C041,2025-03-31
S09542,C045,2024-10-05
S04155,C037,2025-04-03
S03890,C020,2025-06-15
S05588,C014,2024-09-25
S04052,C049,2025-01-26
S06851,C015,2023-12-07
S08882,C024,2025-03-29
S06381,C019,2024-08-25
S01220,C038,2025-10-12
S01942,C005,2025-06-26
S03298,C007,2024-12-25
S00659,C010,2025-09-17
S05729,C007,2024-05-12
S04352,C011,2024-08-12
S00595,C003,2025-01-17
S03569,C044,2024-02-04
S01426,C022,2024-11-16
S03718,C008,2024-09-05
S02098,C033,2025-02-22
S05116,C002,2025-10-28
S05081,C016,2025-02-27
S09367,C029,2025-10-22
S05722,C018,2025-01-22
S05562,C034,2024-02-03
S02364,C032,2024-08-08
S00925,C042,2024-02-23
S05936,C038,2024-12-11
S08373,C028,2024-01-02
S00054,C024,2025-10-17
S02279,C036,2024-12-30
S09489,C040,2024-08-28
S02817,C043,2024-02-22
S03767,C047,2025-11-15
S07984,C016,2025-11-27
S04404,C044,2025-08-01
S05103,C031,2023-12-09
S01754,C009,2025-06-25
S08091,C031,2025-04-23
S03510,C036,2024-06-22
S02769,C017,2025-09-02
S04915,C034,2024-07-02
S04113,C027,2024-08-17
S09053,C042,2024-02-25
S00259,C012,2024-05-21
S08186,C013,2024-04-14
S07553,C043,2025-03-09
S00666,C024,2025-06-19
S09964,C014,2024-08-31
S02513,C049,2024-07-26
S07196,C026,2024-10-20
S02366,C045,2024-06-26
S04024,C014,2024-07-07
S00213,C021,2025-06-22
S05227,C002,2024-08-27
S06413,C044,2025-01-19
S07092,C030,2025-05-22
S03565,C039,2025-01-15
S03410,C034,2023-12-05
S00968,C031,2024-02-21
S09187,C008,2024-03-26
S01004,C027,2024-05-20
S02443,C007,2025-10-05
S05956,C044,2025-02-01
S03875,C020,2025-07-14
S08826,C021,2024-10-02
S05408,C014,2025-11-01
S08972,C041,2025-09-27
S08399,C013,2024-01-11
S09609,C013,2024-10-08
S06696,C033,2025-06-07
S00313,C043,2024-10-08
S02449,C036,2024-06-10
S09897,C023,2023-12-27
S08408,C012,2024-03-17
S09814,C031,2024-06-28
S04767,C008,2025-03-29
S01926,C041,2025-02-03
S04475,C016,2025-09-10
S05640,C022,2024-02-02
S07889,C045,2024-04-08
S08829,C038,2024-02-25
S01582,C023,2024-04-03
S00399,C005,2024-02-18
S08094,C027,2024-02-03
S03936,C021,2024-06-11
S07957,C002,2024-07-19
S07688,C040,2025-06-05
S03739,C041,2025-07-26
S00326,C005,2024-04-04
S09065,C007,2025-05-29
S02623,C033,2025-11-12
S08041,C021,2025-04-18
S04468,C001,2024-02-12
S07740,C029,2023-12-05
S02475,C042,2024-01-23
S08024,C003,2025-10-21
S09597,C006,2025-09-15
S03581,C016,2024-02-20
S03733,C039,2025-05-24
S02743,C041,2024-11-26
S02203,C025,2023-12-22
S09279,C012,2024-09-20
S02073,C043,2024-07-16
S03761,C017,2025-03-25
S01736,C008,2025-09-25
S07536,C005,2024-01-07
S05060,C029,2025-03-22
S03552,C044,2025-02-12
S03361,C005,2024-03-16
S02672,C046,2024-10-07
S04897,C048,2024-12-27
S00789,C008,2025-11-10
S05798,C036,2025-02-26
S02407,C015,2024-10-08
S03358,C019,2025-06-19
S02145,C044,2025-05-31
S08877,C016,2025-09-19
S03680,C032,2024-09-18
S08919,C008,2025-09-13
S06480,C047,2024-08-06
S04183,C045,2024-07-11
S00965,C043,2024-11-18
S08951,C002,2024-01-30
S08836,C041,2024-06-30
S00511,C043,2025-04-03
S09733,C039,2023-12-31
S05052,C042,2025-07-23
S09719,C036,2025-10-25
S07118,C015,2025-03-19
S01761,C012,2025-09-06
S07435,C017,2025-08-17
S06619,C042,2025-01-08
S05710,C026,2025-03-21
S07275,C035,2024-07-25
S01321,C042,2025-04-12
S07825,C029,2025-03-24
S08514,C010,2025-08-03
S02468,C050,2024-06-23
S02372,C050,2025-10-17
S08192,C044,2025-03-09
S08827,C037,2025-10-09
S09797,C005,2024-06-15
S08198,C029,2025-07-29
S04475,C028,2025-03-15
S02923,C027,2025-02-17
S03277,C024,2025-05-12
S00599,C017,2025-04-16
S07253,C011,2024-05-15
S05879,C032,2024-02-02
S03233,C016,2024-12-26
S09667,C022,2025-02-16
S00356,C006,2024-04-21
S06845,C023,2024-06-24
S06174,C030,2025-12-03
S04152,C006,2024-05-23
S00369,C037,2025-07-26
S02312,C046,2024-01-12
S03820,C024,2024-10-07
S09132,C014,2024-08-15
S04482,C002,2024-06-11
S06879,C006,2024-12-23
S04478,C030,2025-02-16
S01867,C017,2025-06-15
S07705,C043,2025-07-14
S03000,C040,2024-07-04
S06165,C025,2025-09-06
S05456,C039,2025-06-07
S08611,C021,2024-05-25
S08963,C005,2024-05-22
S03678,C011,2025-06-16
S09012,C043,2023-12-15
S03198,C001,2025-10-24
S02958,C047,2024-12-08
S05329,C009,2025-06-16
S00568,C043,2024-01-29
S05770,C006,2024-08-12
S02145,C023,2024-03-01
S09351,C038,2025-06-05
S04299,C025,2025-07-17
S05408,C050,2025-07-09
S09162,C046,2024-02-02
S07062,C023,2024-05-26
S07585,C015,2025-03-01
S04571,C013,2025-07-07
S02450,C016,2024-11-21
S00734,C005,2025-06-05
S05802,C007,2024-02-16
S04748,C017,2024-07-02
S03069,C026,2025-04-17
S02287,C014,2024-03-21
S07489,C001,2024-08-21
S07249,C001,2024-03-25
S06721,C004,2024-06-04
S08707,C031,2025-09-26
S05903,C023,2025-02-04
S02337,C040,2023-12-12
S05247,C037,2024-12-09
S05757,C044,2024-02-28
S01323,C045,2023-12-27
S05435,C031,2025-06-07
S07477,C027,2024-07-09
S05712,C044,2025-02-25
S02782,C002,2024-10-04
S06024,C004,2024-03-09
S04913,C049,2025-11-21
S00380,C042,2025-02-02
S02251,C024,2024-10-23
S00986,C009,2025-03-07
S05660,C014,2025-06-23
S04136,C022,2024-07-25
S04984,C049,2025-01-18
S07686,C037,2025-10-01
S00676,C039,2025-01-09
S05322,C024,2024-07-13
S03675,C007,2025-08-08
S08205,C012,2025-11-26
S03121,C029,2024-04-26
S02591,C035,2025-11-22
S06493,C033,2024-05-09
S03450,C027,2024-11-12
S06543,C038,2025-10-23
S00666,C003,2024-07-09
S04110,C025,2024-01-01
S00971,C012,2024-02-29
S00192,C019,2024-12-11
S00119,C027,2024-05-01
S05044,C025,2025-02-11
S03369,C002,2024-09-23
S07223,C040,2024-03-24
S07123,C019,2025-05-19
S01805,C007,2024-05-25
S07306,C030,2024-01-15
S05257,C030,2024-07-05
S05943,C030,2024-07-25
S05881,C040,2025-07-06
S08696,C028,2024-02-23
S07847,C046,2024-05-16
S00182,C038,2025-07-04
S01497,C004,2024-04-25
S09970,C025,2024-10-19
S03150,C026,2024-01-12
S02758,C046,2025-10-18
S00812,C018,2025-03-22
S07607,C026,2025-02-03
S07864,C037,2024-09-08
S08990,C023,2025-07-01
S07881,C032,2025-07-01
S00141,C037,2024-09-09
S04909,C013,2024-05-27
S09916,C016,2024-02-12
S02577,C026,2025-08-04
S04178,C049,2024-08-05
S03800,C032,2025-08-21
S00196,C048,2025-09-17
S03081,C013,2024-01-15
S08213,C013,2025-03-19
S06463,C024,2025-07-30
S05959,C040,2024-06-16
S05178,C035,2024-09-18
S07488,C026,2024-04-13
S05737,C022,2025-06-04
S01543,C039,2024-02-14
S09900,C005,2025-06-27
S08159,C048,2025-03-12
S07271,C045,2024-05-15
S05089,C016,2024-03-06
S07568,C028,2025-08-24
S06407,C034,2024-03-15
S04705,C041,2023-12-07
S08879,C043,2025-02-26
S08996,C002,2024-04-15
S08692,C047,2025-03-19
S05461,C002,2024-02-02
S08267,C049,2025-03-03
S05646,C001,2023-12-27
S08280,C037,2025-10-25
S06066,C035,2024-08-25
S02541,C003,2024-08-25
S07260,C022,2024-01-27
S09453,C029,2024-07-08
S02018,C019,2025-03-03
S01721,C004,2024-12-12
S08566,C045,2024-05-26
S06783,C016,2025-01-22
S07911,C050,2024-12-17
S06510,C029,2025-05-22
S00562,C022,2024-11-01
S07269,C039,2025-03-25
S09880,C050,2025-09-17
S01995,C006,2024-05-20
S06184,C023,2024-09-15
S09326,C034,2023-12-10
S03349,C008,2024-09-19
S04945,C024,2025-01-08
S06238,C018,2024-07-14
S02060,C003,2024-06-19
S05711,C035,2024-09-15
S06314,C011,2024-04-12
S08843,C014,2024-11-25
S06165,C017,2024-05-12
S07108,C019,2025-03-18
S09217,C050,2024-06-17
S09406,C048,2024-04-13
S08277,C004,2024-10-12
S04696,C038,2025-10-08
S08168,C041,2024-11-05
S04973,C040,2025-02-06
S09549,C016,2025-07-15
S05508,C014,2025-04-21
S06506,C002,2024-03-10
S07719,C014,2025-11-11
S04936,C020,2025-10-02
S03073,C008,2024-04-17
S03813,C036,2024-02-05
S04574,C003,2024-08-26
S09313,C029,2025-08-17
S04683,C049,2024-04-18
S02386,C005,2025-03-25
S06953,C004,2023-12-06
S00558,C019,2025-07-14
S02152,C026,2024-09-20
S06111,C005,2024-09-19
S02411,C024,2025-03-16
S06922,C012,2025-06-13
S02000,C001,2024-03-20
S01327,C043,2025-04-24
S02305,C018,2024-09-12
S03126,C045,2025-10-14
S01978,C047,2024-10-30
S01024,C038,2025-09-12
S03694,C037,2024-05-17
S01424,C036,2025-03-16
S03464,C037,2025-05-31
S09360,C019,2024-02-07
S00643,C010,2024-03-31
S04475,C026,2024-04-03
S04470,C046,2025-05-26
S04094,C027,2024-10-16
S01987,C002,2023-12-07
S09866,C006,2024-05-08
S05490,C042,2025-05-09
S01526,C011,2024-04-18
S00304,C029,2025-04-01
S00048,C038,2025-04-08
S07690,C044,2024-12-04
S00586,C038,2024-01-26
S00790,C014,2025-11-05
S01272,C008,2025-07-21
S06769,C020,2025-08-04
S01376,C030,2024-03-24
S02558,C012,2025-11-19
S01978,C017,2025-08-02
S06703,C045,2025-08-11
S03249,C015,2024-07-13
S00810,C002,2023-12-16
S06244,C032,2024-12-24
S04101,C011,2025-07-16
S02389,C029,2024-01-26
S01427,C043,2024-09-11
S04328,C042,2025-04-12
S02517,C021,2024-02-15
S02581,C002,2025-08-29
S01320,C035,2024-05-06
S00495,C031,2024-11-25
S08459,C048,2025-04-10
S00952,C019,2024-01-19
S06678,C036,2025-02-11
S07224,C002,2024-09-11
S07365,C042,2025-05-29
S09064,C001,2023-12-19
S09508,C013,2025-03-24
S02924,C002,2025-07-31
S00184,C025,2025-09-11
S06221,C049,2025-08-07
S09103,C010,2025-03-16
S03234,C039,2024-03-21
S09603,C050,2024-02-24
S02673,C050,2025-11-16
S06074,C033,2025-07-31
S07087,C009,2025-11-12
S07591,C024,2024-04-01
S00941,C050,2024-08-18
S04740,C025,2025-07-20
S08540,C001,2025-07-09
S02426,C039,2025-01-24
S07671,C026,2024-02-19
S08668,C025,2024-12-17
S00849,C011,2024-01-22
S05827,C030,2024-07-08
S08638,C027,2023-12-24
S05649,C013,2024-11-06
S09871,C029,2025-09-05
S04617,C047,2025-05-29
S04628,C040,2024-10-04
S02876,C034,2024-02-15
S04663,C029,2024-10-20
S02476,C050,2024-10-04
S00709,C011,2025-06-11
S02615,C026,2025-05-31
S02493,C015,2025-01-06
S01654,C019,2025-06-15
S08466,C032,2025-11-26
S07077,C005,2024-11-18
S02039,C011,2024-02-02
S07874,C036,2025-11-11
S06386,C001,2025-05-21
S04274,C039,2025-08-07
S04306,C002,2024-10-22
S00119,C010,2024-10-02
S02543,C021,2025-11-26
S07247,C004,2024-04-18
S03918,C020,2024-11-12
S02010,C011,2025-03-23
S00716,C014,2024-12-12
S05710,C043,2025-10-04
S06425,C042,2024-11-06
S06156,C048,2025-10-11
S05121,C025,2024-11-17
S03527,C006,2025-10-07
S08711,C016,2024-01-21
S03393,C039,2024-10-05
S07680,C012,2023-12-05
S00845,C028,2024-05-12
S09367,C012,2024-12-09
S08818,C022,2024-02-11
S03202,C043,2025-06-24
S08281,C049,2025-11-05
S07669,C026,2025-11-21
S06022,C008,2025-05-22
S05375,C012,2025-04-30
S06792,C021,2025-01-29
S08588,C031,2023-12-06
S01293,C033,2025-06-15
S09804,C008,2025-08-17
S07126,C033,2025-06-24
S04686,C015,2024-10-19
S07269,C005,2024-06-29
S08647,C048,2025-03-10
S09436,C013,2025-02-22
S02802,C036,2025-10-16
S06265,C020,2025-06-28
S01551,C013,2025-01-03
S09220,C023,2024-12-13
S07597,C032,2024-05-05
S06502,C046,2023-12-29
S09185,C022,2024-04-30
S09641,C008,2025-08-11
S08559,C029,2024-01-18
S04231,C043,2024-05-23
S00354,C029,2025-11-17
S06534,C025,2024-05-24
S02636,C040,2024-07-23
S05388,C003,2024-03-06
S04560,C048,2024-06-08
S07630,C003,2024-02-28
S02640,C003,2025-01-01
S03147,C007,2024-11-03
S05345,C025,2024-01-17
S08690,C030,2025-04-14
S02214,C031,2025-09-26
S04672,C023,2025-06-20
S03253,C044,2025-05-02
S06558,C010,2025-11-01
S01641,C017,2025-05-03
S00853,C044,2025-01-16
S08496,C047,2025-03-12
S06967,C038,2023-12-20
S01408,C006,2025-04-23
S02222,C028,2025-10-10
S08259,C033,2024-08-01
S01057,C044,2024-07-19
S00639,C028,2024-06-18
S04650,C026,2025-09-10
S08456,C047,2024-09-21
S04076,C018,2024-08-10
S03950,C006,2023-12-08
S08686,C028,2025-01-23
S07732,C034,2024-08-02
S04032,C043,2025-02-15
S07114,C008,2024-04-05
S05774,C007,2025-01-23
S05348,C010,2024-10-06
S06015,C033,2025-07-01
S03727,C006,2024-09-13
S02931,C010,2024-12-13
S08239,C036,2024-06-19
S03489,C014,2025-06-19
S03954,C029,2024-05-21
S05008,C014,2025-03-09
S07206,C011,2025-10-31
S09910,C036,2025-12-01
S09238,C018,2024-05-14
S03359,C050,2025-05-11
S04366,C036,2024-08-24
S00274,C012,2024-07-16
S01407,C038,2024-06-20
S07939,C012,2024-05-13
S02487,C023,2024-05-05
S00440,C050,2024-01-15
S08266,C030,2024-04-26
S06057,C048,2025-11-09
S08885,C010,2025-01-15
S08184,C037,2024-09-18
S00915,C026,2024-02-07
S00254,C021,2024-01-13
S05291,C020,2025-05-18
S08065,C029,2025-09-02
S02965,C036,2025-01-22
S07093,C047,2025-06-05
S08724,C016,2025-07-18
S02158,C028,2024-06-30
S05878,C041,2025-12-02
S09511,C006,2025-11-14
S02212,C034,2024-02-05
S05107,C028,2024-06-26
S01377,C018,2025-04-09
S05215,C038,2024-04-11
S01935,C030,2025-03-22
S05350,C037,2024-07-12
S04547,C049,2024-02-22
S06451,C023,2025-02-27
S07669,C031,2025-08-20
S01251,C015,2025-09-21
S04586,C035,2025-05-05
S09790,C029,2025-05-31
S07117,C034,2024-02-24
S01167,C023,2024-08-24
S06885,C006,2024-02-28
S01075,C042,2025-06-29
S06131,C004,2025-11-23
S01117,C040,2025-07-14
S03088,C048,2025-06-23
S03452,C044,2025-07-14
S01747,C003,2024-11-16
S08481,C050,2023-12-16
S07953,C010,2024-05-19
S09881,C004,2024-07-01
S07661,C026,2024-08-25
S03620,C034,2024-11-26
S09426,C018,2024-07-21
S01575,C048,2024-01-04
S08014,C020,2025-04-10
S03120,C036,2024-02-24
S02607,C002,2024-10-03
S02150,C029,2024-01-07
S02954,C020,2025-05-23
S07417,C019,2025-05-09
S05057,C035,2023-12-20
S03145,C048,2025-05-07
S04192,C038,2025-10-04
S04435,C020,2025-05-18
S02067,C030,2025-02-11
S02030,C047,2023-12-30
S07418,C017,2025-02-25
S00913,C003,2025-01-18
S09402,C036,2023-12-13
S04926,C006,2024-09-19
S03095,C008,2025-05-21
S06352,C011,2025-11-13
S07090,C014,2025-01-30
S03844,C031,2025-09-21
S02090,C002,2024-11-16
S09506,C006,2024-10-17
S01642,C025,2025-10-29
S09348,C042,2024-07-31
S09896,C030,2024-12-05
S00351,C010,2024-08-16
S01978,C036,2024-10-17
S09154,C020,2024-07-25
S01861,C046,2025-01-09
S08636,C034,2024-09-01
S08648,C036,2025-06-11
S02759,C018,2024-05-10
S02567,C036,2024-06-04
S04122,C041,2025-05-16
S07863,C034,2024-10-26
S06558,C020,2025-07-08
S08547,C026,2025-05-16
S01424,C012,2025-04-19
S03118,C032,2024-06-29
S07611,C009,2024-12-30
S05766,C009,2024-05-10
S08404,C048,2023-12-17
S08748,C002,2024-07-22
S02395,C049,2024-11-18
S04643,C012,2023-12-05
S04044,C029,2024-11-09
S06092,C034,2025-11-21
S04782,C010,2025-05-21
S09340,C046,2024-08-30
S03225,C003,2024-01-25
S07420,C017,2025-09-26
S07812,C025,2024-05-08
S09481,C050,2025-03-19
S00593,C048,2025-09-28
S00716,C032,2025-08-25
S00338,C032,2025-04-06
S07612,C009,2025-02-19
S02524,C028,2024-11-05
S08726,C033,2024-02-14
S01038,C047,2025-11-09
S09889,C016,2025-07-04
S07483,C017,2025-02-09
S05486,C041,2025-04-12
S06433,C003,2025-04-29
S01591,C037,2025-10-08
S03029,C008,2025-08-24
S06267,C011,2024-08-04
S09917,C050,2025-04-14
S09949,C015,2025-11-15
S02752,C010,2025-05-18
S09074,C006,2024-09-23
S02849,C006,2024-11-16
S02514,C047,2025-10-29
S06112,C009,2025-05-23
S00279,C007,2025-07-26
S04265,C049,2025-11-11
S00147,C023,2025-09-03
S04594,C050,2025-02-20
S08361,C050,2025-07-23
S07286,C039,2024-09-13
S00940,C045,2024-12-12
S08783,C006,2024-10-23
S03368,C017,2024-04-01
S07337,C037,2024-02-28
S09964,C028,2025-07-19
S03510,C032,2023-12-26
S09921,C003,2024-10-27
S04806,C049,2024-09-06
S03138,C005,2025-03-13
S00432,C036,2025-04-08
S09365,C019,2025-09-23
S05333,C017,2024-07-04
S04684,C039,2025-02-19
S06635,C034,2024-06-13
S00618,C040,2024-05-06
S08921,C041,2025-06-11
S07973,C046,2024-08-28
S08839,C006,2024-04-18
S00840,C016,2024-12-22
S08062,C006,2024-06-29
S00355,C004,2025-03-10
S09069,C028,2024-12-28
S08514,C040,2025-09-16
S02000,C042,2024-09-01
S00544,C011,2025-09-28
S00851,C010,2024-05-08
S09189,C015,2024-08-04
S09323,C033,2025-07-19
S00039,C032,2025-04-04
S01168,C010,2024-11-18
S06950,C014,2025-11-16
S09520,C010,2025-10-02
S02147,C034,2024-04-26
S01086,C039,2025-05-11
S02030,C011,2024-06-26
S02456,C034,2025-05-10
S09197,C004,2025-08-01
S09177,C038,2024-02-09
S04950,C020,2025-01-18
S07714,C007,2024-05-18
S09554,C025,2024-11-19
S01237,C017,2024-11-08
S07936,C020,2025-09-03
S00559,C028,2025-11-03
S03277,C037,2024-03-01
S04357,C023,2023-12-28
S03624,C012,2025-09-03
S06257,C020,2024-04-05
S06703,C024,2025-08-02
S01529,C025,2025-03-10
S02524,C016,2025-10-19
S01252,C038,2024-01-01
S05215,C033,2025-09-07
S00225,C010,2024-08-30
S02180,C025,2024-11-09
S06797,C020,2024-02-15
S07906,C008,2025-04-08
S07554,C024,2024-04-01
S06988,C017,2024-11-01
S04177,C048,2025-04-05
S08481,C045,2025-04-27
S01199,C005,2025-10-07
S02390,C024,2024-06-27
S02735,C028,2024-12-21
S07439,C035,2024-06-26
S00131,C009,2025-10-06
S03315,C019,2025-01-07
S00864,C009,2025-01-26
S07585,C010,2024-04-08
S09494,C042,2024-03-22
S05165,C049,2024-03-05
S04027,C042,2024-01-21
S05757,C043,2025-08-17
S02980,C005,2025-04-28
S05375,C005,2025-03-27
S01958,C011,2024-05-19
S01727,C012,2025-05-08
S05984,C008,2025-07-07
S09583,C031,2024-08-27
S06484,C038,2024-05-30
S04874,C035,2025-11-21
S04740,C028,2025-10-25
S08068,C040,2025-05-21
S03482,C019,2025-09-12
S02944,C047,2024-03-31
S08685,C008,2024-06-08
S03211,C035,2025-05-24
S01389,C040,2025-01-31
S08600,C043,2024-01-04
S06652,C041,2024-02-19
S09528,C049,2024-03-19
S04396,C048,2024-08-05
S02487,C012,2025-02-15
S08105,C016,2024-12-15
S09455,C004,2025-10-18
S02708,C003,2025-11-03
S08827,C015,2025-03-18
S08417,C049,2024-09-10
S00260,C024,2025-02-26
S09223,C028,2024-07-13
S08606,C037,2024-01-21
S06149,C039,2023-12-05
S08801,C028,2025-05-15
S06571,C002,2025-11-06
S08848,C018,2025-08-31
S02949,C043,2025-11-03
S09334,C037,2024-10-05
S00084,C038,2025-11-14
S02941,C049,2025-10-25
S06528,C038,2024-11-18
S01514,C017,2024-03-15
S04499,C028,2024-04-07
S01573,C045,2024-07-02
S05158,C048,2025-04-21
S06570,C039,2024-06-10
S06261,C044,2025-05-12
S03579,C020,2025-03-18
S06925,C031,2024-10-26
S03330,C041,2025-02-14
S01340,C042,2025-11-10
S05514,C017,2024-06-12
S03885,C043,2024-04-18
S06477,C030,2025-08-06
S00061,C006,2025-02-28
S03971,C010,2025-04-10
S06325,C022,2025-06-28
S09243,C042,2024-11-20
S00299,C037,2024-06-17
S09889,C036,2024-09-03
S08587,C031,2024-07-07
S08010,C028,2025-02-28
S08231,C036,2024-02-15
S06546,C031,2025-05-24
S06451,C011,2024-04-11
S00690,C001,2023-12-27
S07472,C002,2024-01-16
S04633,C044,2024-02-28
S02242,C018,2024-08-20
S02945,C047,2024-08-16
S04882,C039,2025-08-12
S03846,C022,2024-10-13
S00948,C050,2024-02-21
S09687,C029,2024-04-17
S02205,C027,2025-04-12
S04684,C021,2024-12-05
S06682,C023,2025-11-26
S07418,C024,2024-09-08
S09248,C023,2025-03-19
S08082,C005,2024-09-26
S02278,C006,2023-12-15
S08014,C050,2025-01-09
S02916,C008,2025-06-20
S09953,C031,2025-02-02
S00777,C002,2024-04-02
S05962,C046,2025-11-09
S04514,C006,2025-03-14
S07485,C044,2023-12-25
S02493,C047,2025-03-10
S05642,C012,2024-10-15
S07336,C033,2024-09-22
S05669,C004,2025-08-03
S01792,C039,2024-12-24
S09955,C009,2024-02-20
S00268,C023,2025-08-23
S02215,C029,2025-06-19
S00136,C002,2024-10-16
S08681,C014,2024-06-28
S02901,C020,2025-01-11
S01577,C004,2025-07-06
S03614,C003,2024-06-07
S05935,C007,2025-10-25
S07926,C024,2025-04-30
S01811,C004,2024-05-26
S02343,C021,2024-06-26
S09361,C049,2024-01-29
S09091,C021,2024-07-02
S01058,C025,2024-07-17
S07713,C003,2024-05-02
S07382,C002,2025-01-06
S07427,C048,2025-05-14
S01481,C007,2024-12-23
S09248,C012,2024-07-19
S06451,C037,2025-07-22
S03897,C002,2024-10-20
S04966,C027,2024-06-10
S02346,C028,2024-02-23
S09827,C014,2025-10-22
S01397,C035,2024-04-06
S06043,C049,2024-08-25
S07731,C004,2024-02-21
S06256,C012,2024-04-04
S04710,C040,2025-03-27
S06357,C015,2024-04-10
S05900,C040,2024-12-10
S09001,C037,2025-01-26
S01358,C009,2024-04-23
S04041,C032,2025-03-12
S06796,C028,2024-12-22
S04222,C022,2025-06-06
S04008,C027,2025-02-24
S06524,C016,2025-05-13
S05129,C006,2024-04-28
S02235,C036,2023-12-05
S06403,C026,2025-07-20
S06586,C014,2025-08-29
S03340,C041,2025-08-20
S08960,C026,2025-11-16
S02417,C038,2025-05-23
S06904,C005,2024-07-08
S06022,C014,2025-10-25
S09152,C046,2024-11-13
S05307,C028,2025-06-05
S07445,C025,2023-12-18
S08775,C005,2024-04-13
S06129,C036,2025-09-22
S00112,C030,2025-05-16
S09392,C039,2024-02-02
S08494,C022,2024-09-12
S03413,C010,2025-10-07
S07319,C047,2024-01-28
S00685,C003,2024-06-03
S08211,C035,2025-09-23
S08175,C001,2024-06-12
S03844,C041,2024-06-30
S04881,C028,2025-04-19
S01071,C046,2025-02-28
S02840,C033,2024-10-13
S05059,C040,2025-04-08
S07928,C007,2024-06-25
S04439,C010,2025-01-03
S08644,C009,2025-05-20
S09412,C007,2025-11-08
S04872,C035,2024-01-24
S03038,C035,2025-04-03
S08348,C016,2025-04-06
S03185,C048,2024-08-08
S04011,C041,2025-08-22
S09222,C023,2024-02-07
S03727,C042,2025-08-16
S04821,C015,2024-09-24
S08917,C012,2024-11-28
S08219,C005,2024-05-23
S08009,C029,2023-12-19
S07513,C007,2024-03-24
S02584,C046,2023-12-12
S04526,C033,2024-11-17
S07727,C019,2025-04-28
S05582,C022,2025-07-25
S00393,C038,2024-05-24
S07585,C025,2025-10-15
S07102,C046,2024-01-17
S01475,C002,2024-10-14
S02411,C023,2024-06-04
S04692,C020,2025-02-10
S07298,C006,2025-05-15
S07249,C014,2025-07-30
S07231,C024,2025-06-20
S03046,C015,2025-05-18
S09127,C041,2025-07-11
S02589,C043,2024-04-16
S08727,C020,2025-03-24
S01982,C006,2025-09-29
S07618,C020,2025-03-10
S09833,C046,2025-06-24
S02598,C019,2025-01-27
S06726,C022,2024-02-10
S02970,C014,2024-05-05
S09260,C014,2024-08-10
S05895,C039,2025-08-28
S06856,C017,2025-06-01
S03328,C002,2024-08-25
S02292,C033,2024-06-21
S00479,C031,2023-12-25
S09145,C016,2024-11-03
S08337,C026,2025-02-16
S01539,C026,2024-04-10
S08150,C030,2024-04-27
S08526,C012,2025-06-01
S09850,C046,2024-11-13
S07217,C021,2024-12-06
S00477,C019,2024-03-25
S03479,C018,2024-03-14
S08629,C030,2024-12-10
S05018,C024,2025-03-07
S01116,C026,2024-05-24
S03163,C042,2025-11-14
S09675,C033,2024-08-30
S08104,C030,2024-08-26
S09120,C010,2024-10-15
S01991,C039,2025-08-04
S05192,C029,2024-07-26
S03007,C045,2024-05-05
S00651,C043,2024-11-07
S08869,C008,2024-09-17
S03546,C022,2024-04-07
S03892,C021,2023-12-26
S04799,C031,2024-02-27
S04023,C013,2024-01-17
S09483,C023,2025-05-20
S07105,C031,2025-11-18
S04507,C048,2025-01-31
S06858,C043,2024-01-20
S07861,C011,2024-10-13
S02742,C040,2025-03-20
S07753,C015,2024-05-04
S06098,C022,2025-11-18
S07615,C038,2024-06-03
S02637,C025,2024-10-28
S07861,C002,2024-03-14
S03079,C007,2025-05-19
S02869,C001,2024-12-11
S02468,C010,2025-02-16
S08083,C026,2024-02-26
S09539,C017,2025-03-29
S02934,C049,2024-11-09
S00455,C002,2025-05-16
S06686,C047,2025-08-31
S03552,C042,2024-11-19
S01335,C021,2024-04-04
S07084,C036,2025-02-16
S02415,C044,2024-02-27
S09918,C044,2024-12-12
S01947,C039,2025-04-04
S04972,C009,2025-01-27
S08783,C031,2025-09-04
S03268,C043,2025-02-01
S01927,C017,2024-07-16
S08535,C034,2024-11-05
S08004,C020,2025-01-05
S06946,C015,2025-09-27
S00344,C021,2025-02-12
S00848,C032,2024-01-17
S00250,C036,2024-12-03
S05430,C022,2025-10-30
S05196,C023,2025-06-05
S05801,C043,2023-12-13
S06753,C008,2024-05-30
S02847,C025,2025-06-13
S09070,C039,2024-02-17
S07106,C004,2025-05-14
S01899,C035,2024-11-12
S01518,C044,2023-12-08
S04234,C028,2025-10-10
S00757,C032,2024-03-11
S06173,C035,2025-10-11
S00342,C006,2024-10-04
S06374,C044,2025-07-16
S01610,C037,2024-03-16
S05500,C028,2024-09-01
S08558,C002,2025-04-17
S05099,C026,2024-09-08
S08358,C047,2025-05-18
S04862,C050,2024-08-13
S02819,C048,2025-03-14
S02314,C006,2025-11-03
S06685,C015,2024-08-12
S00176,C032,2024-10-22
S01016,C013,2025-11-03
S08045,C015,2024-07-02
S07778,C010,2024-04-27
S06985,C046,2025-05-08
S08124,C014,2024-02-27
S05824,C050,2024-12-27
S00097,C025,2024-10-29
S00444,C048,2024-01-12
S00749,C050,2024-05-03
S02785,C009,2024-02-28
S05047,C019,2025-10-26
S07249,C033,2024-03-08
S00834,C007,2024-03-24
S08624,C043,2025-05-27
S09672,C016,2025-11-18
S01136,C022,2024-01-17
S02530,C010,2025-02-12
S06618,C042,2025-02-14
S00065,C031,2024-03-27
S03939,C023,2024-05-09
S09634,C035,2023-12-14
S04273,C021,2024-09-06
S03923,C031,2024-06-28
S05335,C034,2023-12-22
S03565,C033,2025-09-06
S04624,C006,2024-03-06
S06307,C007,2024-04-30
S03756,C003,2025-02-21
S01504,C042,2024-04-30
S02139,C034,2025-01-18
S04445,C014,2025-08-11
S00671,C004,2024-06-20
S09281,C021,2025-11-06
S00726,C008,2024-10-03
S03632,C050,2025-06-29
S07112,C037,2023-12-08
S03044,C047,2024-08-27
S04636,C026,2025-06-15
S04878,C008,2025-04-15
S04915,C009,2024-10-07
S08722,C041,2025-02-03
S01201,C043,2024-02-24
S01461,C004,2024-04-11
S06293,C018,2025-10-05
S09008,C045,2025-05-22
S01760,C030,2024-12-07
S08084,C023,2025-03-09
S08634,C041,2024-07-11
S05088,C050,2025-04-22
S07341,C040,2025-07-14
S02533,C032,2024-12-03
S01923,C012,2024-02-12
S02863,C013,2025-01-05
S09116,C037,2025-05-25
S00539,C018,2025-04-03
S08152,C001,2024-11-05
S01236,C048,2025-09-16
S08285,C043,2024-03-19
S07342,C022,2024-02-28
S04614,C039,2024-01-14
S07949,C027,2025-09-12
S08711,C003,2024-04-13
S05940,C024,2025-06-03
S02595,C005,2025-04-03
S04736,C034,2025-02-05
S03056,C021,2025-06-21
S09507,C027,2024-03-20
S03982,C003,2024-02-13
S02172,C014,2024-02-03
S02015,C046,2024-04-16
S06454,C028,2024-05-22
S02711,C046,2024-01-24
S08841,C031,2025-09-14
S06805,C048,2024-10-24
S05122,C048,2024-07-17
S01066,C034,2025-05-29
S08467,C042,2024-09-22
S06729,C007,2025-01-31
S00619,C035,2025-05-08
S01475,C044,2024-01-25
S06271,C017,2024-02-17
S06771,C050,2024-06-18
S04402,C028,2025-10-26
S01487,C004,2024-04-09
S07844,C050,2025-08-29
S09206,C010,2024-01-09
S00104,C042,2025-05-03
S08408,C006,2024-04-07
S05295,C010,2024-12-24
S01509,C033,2025-11-17
S00867,C028,2024-11-10
S04355,C047,2024-07-08
S07660,C026,2024-07-06
S04478,C039,2025-07-13
S09359,C022,2024-05-24
S08806,C015,2024-11-25
S05545,C040,2024-12-01
S06825,C017,2024-06-15
S02246,C015,2024-05-19
S08655,C042,2024-07-30
S06061,C015,2024-03-31
S05591,C040,2024-12-20
S06709,C006,2024-09-28
S06469,C023,2025-04-10
S07248,C036,2024-12-16
S07945,C005,2025-01-31
S05032,C029,2024-08-06
S03402,C042,2025-06-13
S05965,C030,2024-01-08
S09205,C047,2025-06-11
S08649,C004,2025-09-23
S01915,C029,2024-08-12
S07174,C030,2025-08-29
S03165,C018,2024-05-10
S00093,C045,2024-02-17
S02099,C008,2024-04-10
S07258,C007,2023-12-20
S05868,C002,2025-04-20
S06753,C028,2025-08-12
S00930,C029,2024-01-12
S04980,C044,2025-06-18
S03937,C008,2024-09-16
S01734,C045,2024-06-11
S08722,C026,2024-12-24
S00056,C024,2024-10-10
S08715,C013,2024-09-09
S06186,C004,2024-03-30
S06282,C029,2025-02-03
S00842,C015,2024-11-06
S01487,C038,2024-08-25
S03133,C010,2024-04-19
S02431,C031,2024-09-03
S05868,C011,2024-11-22
S06788,C013,2024-08-02
S03707,C023,2024-06-26
S02537,C015,2024-01-20
S01109,C002,2024-06-09
S08090,C027,2024-05-04
S08598,C014,2025-06-26
S04722,C033,2024-09-14
S07139,C032,2025-08-21
S02613,C001,2025-10-06
S08143,C020,2025-07-10
S06257,C034,2024-03-05
S03907,C029,2025-01-12
S08171,C008,2025-10-12
S03834,C047,2023-12-23
S05666,C028,2025-10-03
S06657,C006,2025-05-26
S08494,C015,2025-06-05
S02086,C020,2024-10-15
S06879,C040,2024-10-10
S07512,C013,2024-02-03
S04090,C022,2025-08-20
S03360,C025,2025-09-12
S09656,C034,2024-10-21
S03085,C041,2024-03-09
S00570,C033,2025-09-20
S09134,C020,2025-04-24
S08750,C041,2025-06-07
S03172,C050,2023-12-20
S03987,C021,2024-03-19
S01607,C001,2024-12-07
S04036,C033,2025-05-19
S08512,C050,2024-08-08
S04999,C043,2025-11-25
S08817,C022,2024-04-19
S09641,C018,2025-09-08
S07995,C030,2023-12-07
S04469,C004,2025-08-11
S06055,C041,2025-11-28
S07274,C016,2025-05-01
S00227,C012,2024-12-15
S02765,C031,2024-03-27
S07020,C007,2023-12-07
S07603,C006,2025-05-23
S04984,C032,2025-09-24
S05739,C049,2025-04-04
S04102,C007,2025-06-03
S05012,C035,2024-09-11
S09351,C020,2025-07-24
S03146,C048,2025-04-08
S07328,C026,2025-12-04
S03503,C033,2024-11-25
S07258,C029,2025-09-06
S00138,C043,2025-07-27
S04505,C045,2024-11-16
S03966,C048,2025-02-23
S04902,C026,2025-07-11
S02696,C026,2025-05-22
S06746,C050,2024-07-13
S01070,C042,2024-03-06
S02399,C027,2025-06-14
S06689,C009,2025-04-02
S07637,C027,2024-08-20
S03342,C037,2025-02-12
S03622,C026,2025-07-30
S02991,C045,2024-12-25
S07007,C003,2025-07-23
S08714,C037,2024-06-19
S08484,C023,2025-07-08
S02274,C016,2024-09-12
S02662,C025,2025-10-08
S07295,C048,2024-11-19
S03952,C013,2025-03-17
S05300,C018,2024-02-15
S09401,C013,2023-12-16
S03115,C020,2025-04-28
S03059,C016,2025-08-25
S06785,C045,2025-08-16
S06241,C045,2025-03-11
S08360,C036,2025-08-23
S00634,C023,2025-10-17
S09478,C031,2024-08-14
S02942,C026,2024-01-21
S01194,C007,2024-02-24
S04802,C033,2025-07-20
S05609,C035,2024-10-12
S05748,C039,2024-06-29
S06868,C019,2024-09-04
S04469,C013,2025-10-10
S01987,C029,2024-09-15
S05225,C049,2025-02-11
S06701,C029,2024-03-03
S03050,C009,2024-03-29
S09132,C048,2024-01-24
S00954,C017,2025-10-08
S08304,C024,2024-08-07
S03921,C029,2024-08-26
S09609,C034,2023-12-28
S02269,C033,2025-03-26
S00697,C004,2024-08-31
S09241,C014,2024-05-22
S09189,C035,2025-10-17
S07892,C027,2025-07-02
S03440,C019,2024-05-30
S04086,C004,2025-08-01
S04074,C031,2024-12-03
S00860,C026,2024-09-12
S03266,C044,2024-11-18
S04286,C009,2024-07-04
S00496,C019,2024-06-26
S01285,C037,2024-08-23
S03136,C049,2024-03-08
S01185,C044,2024-06-23
S08786,C026,2024-10-19
S07448,C033,2025-01-20
S07707,C034,2024-06-01
S07100,C020,2024-12-17
S07119,C010,2024-10-08
S01056,C015,2024-12-01
S01156,C019,2024-06-16
S00074,C033,2024-06-15
S02576,C048,2025-09-02
S09959,C001,2025-11-14
S01483,C017,2025-10-07
S04524,C048,2025-09-03
S02684,C037,2025-08-25
S04982,C025,2024-04-24
S09136,C037,2024-08-28
S06609,C018,2024-12-08
S00423,C033,2023-12-06
S06771,C033,2024-05-18
S07582,C013,2025-05-19
S09967,C008,2025-07-10
S06676,C007,2024-08-13
S05083,C032,2024-06-09
S04529,C030,2024-04-21
S03379,C049,2024-11-03
S01158,C028,2025-05-11
S05578,C021,2025-07-10
S02198,C007,2024-09-05
S09183,C009,2024-05-09
S01012,C005,2025-11-06
S04035,C002,2024-05-24
S01037,C022,2024-01-20
S00021,C004,2025-02-06
S01113,C001,2024-10-29
S02970,C047,2024-03-16
S00351,C035,2024-03-23
S06758,C007,2025-05-16
S02454,C028,2025-01-30
S01149,C014,2024-01-04
S03795,C022,2025-06-06
S04650,C044,2024-12-22
S03119,C044,2024-07-25
S02313,C040,2024-11-05
S09196,C030,2024-12-15
S06617,C018,2024-05-01
S01024,C023,2024-10-12
S03028,C027,2024-10-20
S06754,C022,2025-10-15
S03555,C002,2024-08-25
S02330,C026,2023-12-29
S05259,C014,2024-05-10
S02235,C007,2024-06-21
S07098,C007,2024-05-24
S09580,C004,2024-10-01
S03321,C024,2024-04-23
S07763,C039,2024-06-06
S06937,C025,2024-12-09
S03301,C013,2025-02-21
S06105,C034,2025-04-04
S06388,C001,2025-10-09
S00676,C029,2025-01-21
S02628,C036,2024-10-10
S03256,C037,2024-03-14
S08469,C025,2025-06-19
S05437,C036,2024-12-12
S06914,C031,2024-06-27
S07920,C013,2024-10-03
S08858,C023,2024-04-21
S01417,C043,2025-07-18
S01302,C025,2025-06-24
S05996,C022,2024-07-09
S03818,C015,2025-09-24
S06685,C038,2024-04-04
S07861,C023,2024-03-18
S05499,C010,2023-12-29
S06910,C025,2024-10-14
S04065,C046,2024-04-07
S01072,C019,2024-01-19
S05324,C009,2025-05-16
S00134,C037,2024-08-05
S08542,C027,2025-01-01
S01738,C004,2025-10-02
S09266,C003,2024-02-28
S05522,C036,2025-07-26
S00179,C027,2025-06-05
S06142,C016,2025-11-29
S06742,C034,2025-03-30
S06549,C037,2025-05-10
S05484,C006,2025-03-11
S05601,C048,2024-10-17
S09348,C017,2024-01-06
S01528,C015,2025-09-30
S00320,C005,2025-03-26
S07303,C014,2024-05-05
S08171,C017,2025-06-30
S09051,C016,2024-09-25
S08816,C037,2025-04-25
S00978,C008,2025-08-29
S03346,C026,2025-02-23
S05978,C007,2025-03-06
S09492,C010,2024-02-21
S08432,C028,2025-06-10
S00792,C001,2025-08-09
S05784,C013,2024-02-21
S04519,C029,2024-10-13
S03852,C027,2025-04-09
S06278,C047,2024-06-14
S04803,C046,2024-01-21
S04883,C002,2024-06-11
S02975,C050,2025-09-05
S09442,C004,2024-11-01
S09993,C028,2024-01-15
S03333,C002,2024-03-20
S02772,C021,2025-02-08
S07294,C004,2025-08-20
S09921,C002,2024-10-12
S08241,C043,2024-04-19
S04456,C010,2024-06-21
S07962,C034,2025-04-11
S09694,C038,2024-12-23
S01372,C028,2025-05-12
S03637,C001,2025-09-13
S06695,C004,2023-12-10
S01076,C027,2025-03-21
S08403,C045,2025-01-15
S03266,C031,2024-06-13
S00447,C039,2025-03-08
S02154,C042,2024-08-13
S02448,C014,2025-01-02
S02958,C044,2025-06-03
S01669,C024,2025-05-08
S04768,C048,2025-06-27
S02956,C042,2025-01-25
S00827,C034,2025-05-25
S06648,C008,2024-09-16
S02610,C026,2025-02-02
S07415,C035,2025-02-09
S07856,C032,2025-05-18
S09605,C035,2025-11-02
S05255,C043,2024-03-02
S00059,C037,2025-07-20
S08664,C046,2025-02-05
S05380,C037,2024-02-21
S09419,C018,2025-09-09
S03921,C025,2025-01-24
S01385,C037,2025-08-28
S02356,C005,2025-02-16
S03762,C019,2024-02-05
S00251,C045,2025-06-05
S01721,C031,2025-04-08
S06998,C014,2024-05-03
S06164,C030,2024-01-02
S02223,C036,2024-10-05
S02518,C008,2024-04-21
S09512,C042,2024-05-25
S07873,C047,2024-05-08
S08803,C035,2024-10-24
S01272,C007,2024-09-06
S09909,C029,2024-10-17
S04382,C002,2024-11-19
S01057,C004,2024-10-29
S02326,C043,2025-05-15
S05251,C048,2024-01-05
S04605,C019,2024-02-22
S02505,C024,2024-10-27
S01708,C021,2025-05-30
S01670,C002,2025-07-22
S05371,C048,2025-08-21
S04481,C046,2025-07-16
S04652,C002,2025-10-31
S04131,C048,2025-10-22
S00718,C015,2025-05-03
S08472,C040,2023-12-16
S01432,C017,2025-11-09
S06838,C034,2024-09-07
S01050,C019,2025-06-05
S07909,C003,2024-06-12
S06677,C013,2025-10-23
S09503,C008,2025-01-06
S06631,C028,2025-11-30
S04735,C043,2025-12-02
S01992,C020,2024-07-19
S06737,C043,2025-06-16
S03519,C003,2025-03-30
S09801,C009,2024-12-12
S02988,C028,2024-11-10
S04517,C006,2024-07-23
S00287,C036,2025-05-01
S00472,C011,2025-09-20
S06079,C045,2025-05-19
S02793,C031,2025-04-01
S09863,C046,2025-05-24
S00518,C021,2024-04-06
S06925,C003,2024-12-04
S05494,C001,2024-08-24
S01268,C029,2025-09-08
S04756,C002,2024-05-05
S00477,C016,2025-02-22
S09653,C005,2025-07-05
S06444,C043,2025-01-19
S09709,C014,2025-01-04
S04813,C005,2024-11-08
S04486,C008,2025-04-28
S00030,C010,2024-07-11
S09299,C021,2024-04-18
S05764,C010,2024-01-19
S07486,C031,2025-02-10
S09403,C026,2025-01-09
S07158,C029,2024-12-09
S05319,C036,2025-11-01
S00168,C042,2025-05-05
S01673,C002,2025-10-29
S06948,C023,2024-08-18
S01038,C017,2025-08-04
S02631,C040,2024-11-30
S09193,C016,2025-05-14
S04124,C037,2024-07-11
S00915,C040,2024-05-11
S07656,C050,2025-07-06
S00088,C049,2024-07-28
S03844,C002,2025-06-30
S07900,C006,2025-11-02
S09045,C019,2025-04-03
S04787,C024,2024-06-30
S02692,C034,2025-11-30
S09190,C028,2025-04-18
S06172,C009,2025-03-30
S02884,C038,2025-05-04
S05522,C039,2025-06-14
S03586,C030,2025-07-08
S08595,C036,2024-05-05
S07425,C027,2025-05-22
S06548,C033,2025-08-26
S04835,C021,2025-05-21
S06669,C023,2024-09-19
S00880,C028,2024-09-27
S01196,C032,2024-08-02
S05404,C001,2025-06-29
S04293,C046,2025-01-20
S03248,C020,2025-08-13
S09098,C024,2025-08-29
S04679,C015,2024-06-11
S09882,C031,2025-11-02
S04322,C013,2025-08-29
S01491,C013,2024-06-13
S02710,C038,2025-04-28
S02504,C013,2024-07-05
S02669,C024,2023-12-27
S00870,C023,2024-04-05
S03901,C029,2025-09-04
S06550,C001,2025-02-19
S02099,C036,2024-12-26
S03821,C013,2025-01-03
S02795,C005,2024-12-20
S01134,C022,2024-11-26
S05151,C040,2025-09-01
S03705,C006,2025-08-12
S08908,C022,2025-06-28
S09310,C042,2024-04-10
S02398,C029,2025-02-15
S05714,C028,2025-05-13
S01660,C045,2025-05-12
S02303,C020,2024-05-26
S07475,C012,2025-03-12
S02045,C022,2025-08-11
S01339,C030,2024-02-04
S02922,C021,2025-09-15
S00136,C027,2025-09-28
S00869,C024,2024-12-23
S07666,C008,2024-10-21
S09224,C041,2024-07-19
S05583,C049,2025-11-18
S09518,C033,2024-10-03
S02609,C022,2024-06-11
S00288,C042,2025-08-09
S02104,C018,2025-01-27
S07135,C002,2025-06-23
S08912,C037,2024-06-16
S09081,C042,2024-11-03
S00500,C037,2024-08-22
S07487,C012,2024-05-02
S03607,C020,2024-08-14
S05583,C044,2025-04-13
S05696,C025,2025-05-01
S08307,C002,2025-02-19
S03317,C030,2025-03-29
S08275,C046,2025-08-30
S04097,C036,2025-05-05
S00737,C028,2025-03-11
S07941,C033,2024-12-20
S07878,C033,2025-11-01
S03028,C018,2025-01-31
S00097,C042,2024-07-26
S00587,C006,2025-03-07
S09044,C046,2025-09-29
S05960,C016,2024-10-20
S01830,C005,2024-12-15
S00686,C005,2025-01-28
S09081,C033,2024-09-19
S01942,C026,2024-05-01
S05820,C050,2025-11-12
S01831,C019,2024-07-28
S02670,C050,2024-10-30
S08243,C003,2025-06-02
S00923,C040,2024-04-01
S00570,C018,2025-09-23
S03555,C008,2024-01-25
S03318,C041,2024-02-26
S04091,C018,2025-12-03
S03762,C010,2024-03-09
S07187,C011,2025-07-02
S05482,C016,2025-03-01
S01426,C046,2025-10-13
S05664,C026,2025-09-18
S08961,C033,2024-06-11
S00767,C026,2024-05-25
S05734,C042,2024-12-11
S02451,C016,2024-07-22
S07906,C050,2024-08-11
S07317,C037,2024-03-19
S00379,C011,2025-08-31
S02617,C040,2024-12-01
S07538,C042,2025-09-25
S05340,C003,2025-06-08
S09474,C032,2024-11-12
S04513,C024,2024-11-29
S08408,C009,2024-02-25
S08382,C030,2025-06-09
S01351,C015,2024-09-26
S02006,C042,2024-01-08
S01594,C018,2024-09-14
S05389,C026,2025-08-06
S04068,C009,2025-05-27
S08482,C028,2025-09-12
S04849,C001,2025-12-02
S06121,C025,2024-04-19
S02218,C049,2025-03-23
S03203,C041,2024-01-17
S07130,C019,2024-12-11
S07961,C025,2024-12-06
S03570,C014,2025-01-17
S07845,C025,2025-08-27
S05579,C010,2025-08-04
S01846,C021,2025-05-22
S02057,C019,2025-08-24
S00860,C002,2024-11-10
S02629,C032,2024-10-06
S08494,C010,2024-01-18
S02453,C021,2024-05-05
S00287,C013,2025-12-04
S04726,C002,2024-08-24
S08294,C008,2024-12-12
S06118,C025,2024-08-12
S03904,C020,2024-09-25
S09606,C045,2024-03-24
S06622,C049,2024-11-22
S02645,C020,2024-07-04
S00932,C022,2025-01-21
S07891,C037,2025-08-18
S01998,C040,2024-03-03
S02245,C032,2025-07-17
S09473,C046,2024-03-06
S08166,C034,2025-07-11
S01930,C032,2025-10-10
S02571,C030,2025-07-29
S04862,C042,2025-02-11
S06110,C049,2025-04-29
S04570,C018,2024-03-15
S05038,C001,2025-11-30
S02190,C047,2025-02-17
S08623,C025,2024-11-01
S06207,C003,2025-09-04
S03435,C020,2024-07-01
S08556,C044,2024-07-12
S06518,C009,2025-05-27
S03895,C017,2025-05-26
S01457,C010,2025-05-31
S05928,C024,2024-01-20
S00096,C011,2025-07-08
S02797,C038,2025-11-28
S07593,C041,2024-09-05
S01937,C050,2024-02-25
S01141,C011,2025-06-05
S04547,C003,2024-08-20
S01671,C032,2024-06-22
S03950,C049,2025-01-04
S03239,C044,2025-02-14
S00244,C012,2024-07-18
S04743,C014,2025-01-28
S00653,C033,2024-06-16
S09776,C008,2025-05-05
S08172,C026,2024-02-13
S01915,C010,2025-09-09
S03288,C034,2025-05-05
S08348,C033,2025-01-08
S04494,C024,2023-12-26
S01993,C027,2025-06-18
S07674,C004,2024-03-10
S02131,C013,2025-06-27
S08151,C008,2025-05-13
S03788,C016,2024-12-23
S05202,C027,2025-06-19
S02480,C050,2024-02-23
S04895,C028,2024-05-13
S09156,C050,2024-10-22
S00294,C015,2024-10-25
S04900,C012,2025-05-30
S04024,C012,2024-09-13
S00429,C050,2025-01-09
S01562,C044,2025-06-27
S01953,C007,2023-12-31
S04767,C032,2024-10-21
S08268,C028,2024-01-21
S01509,C004,2024-12-13
S00912,C021,2025-09-28
S04950,C010,2025-03-13
S09175,C020,2024-05-18
S03904,C049,2025-09-23
S07007,C035,2025-05-11
S02561,C045,2024-02-16
S01987,C046,2025-06-22
S05021,C019,2024-10-13
S02068,C028,2025-03-11
S00956,C017,2024-07-12
S09209,C023,2024-06-02
S02271,C001,2024-07-16
S07135,C003,2025-04-19
S01441,C040,2025-11-24
S03898,C011,2025-01-29
S09860,C021,2025-06-13
S03441,C027,2024-11-18
S05240,C009,2024-02-25
S03298,C003,2025-02-11
S04598,C023,2024-04-17
S01048,C018,2025-03-01
S05095,C018,2025-02-05
S01112,C047,2025-07-04
S09023,C049,2024-07-27
S00761,C044,2024-04-08
S03678,C047,2025-07-15
S09203,C008,2024-09-29
S05524,C022,2025-04-07
S03466,C047,2024-01-28
S05716,C033,2024-09-07
S09323,C003,2025-10-18
S03634,C030,2024-04-23
S07768,C031,2024-06-04
S09429,C020,2025-01-10
S09655,C001,2024-04-18
S00101,C025,2024-09-24
S01000,C039,2024-04-24
S08585,C043,2025-01-26
S09981,C024,2024-10-14
S08978,C033,2024-10-16
S07314,C044,2024-09-25
S04912,C050,2025-08-29
S07247,C039,2025-04-19
S06274,C018,2025-02-02
S05061,C020,2025-09-09
S03611,C013,2025-05-11
S00637,C003,2025-03-30
S06472,C040,2024-06-11
S02054,C010,2025-07-21
S02953,C018,2024-04-09
S03012,C005,2025-04-11
S05838,C029,2024-10-19
S07730,C032,2025-01-08
S03603,C034,2025-07-02
S03701,C037,2025-10-27
S09334,C034,2025-01-22
S01585,C044,2025-05-20
S00970,C007,2025-01-12
S09932,C003,2024-08-12
S01585,C030,2024-05-19
S01545,C011,2025-03-07
S05879,C045,2024-05-29
S04822,C037,2024-02-07
S09880,C045,2025-10-03
S02756,C031,2024-05-29
S04217,C044,2025-03-21
S02359,C009,2023-12-26
S02273,C007,2025-05-08
S06501,C014,2025-04-11
S05012,C003,2025-11-21
S06055,C048,2024-04-26
S01170,C011,2024-01-19
S01370,C029,2024-12-09
S02765,C013,2024-11-21
S06544,C050,2023-12-18
S06762,C006,2024-02-14
S03243,C029,2024-05-15
S00170,C048,2024-09-08
S03007,C020,2024-05-11
S01059,C005,2025-03-14
S06110,C031,2025-09-15
S09586,C036,2024-07-09
S03097,C044,2024-06-01
S01124,C043,2024-03-21
S09203,C047,2025-08-10
S06642,C028,2024-04-30
S09504,C010,2025-11-18
S04267,C028,2025-01-01
S06880,C013,2025-09-22
S02870,C007,2024-07-29
S03305,C046,2025-02-17
S00187,C019,2024-06-03
S06167,C008,2025-06-15
S00279,C008,2025-09-18
S03013,C017,2023-12-27
S04772,C041,2025-04-09
S04173,C047,2025-09-24
S06227,C011,2024-03-10
S08507,C050,2025-02-16
S01554,C034,2025-07-15
S06055,C013,2025-06-23
S08239,C049,2024-07-03
S06490,C031,2025-04-06
S00761,C046,2025-07-11
S06316,C007,2024-02-17
S01433,C018,2025-07-27
S08832,C006,2025-10-08
S02091,C038,2025-02-20
S06569,C028,2024-08-15
S08034,C049,2024-08-15
S06583,C028,2024-04-09
S03267,C047,2024-08-11
S07190,C022,2025-06-01
S07129,C022,2025-07-20
S06182,C036,2025-10-01
S01793,C031,2025-09-14
S03552,C031,2024-04-16
S09149,C045,2024-07-25
S02764,C005,2024-05-26
S09213,C034,2024-07-18
S04476,C045,2025-09-02
S08992,C032,2025-08-01
S03997,C015,2023-12-20
S08443,C029,2025-11-29
S08267,C049,2025-02-02
S09202,C004,2025-11-23
S07967,C016,2023-12-15
S09624,C008,2025-05-27
S01244,C009,2025-11-03
S04019,C035,2025-01-20
S08538,C009,2024-12-14
S09270,C001,2025-10-09
S05473,C005,2025-11-05
S03152,C032,2025-11-30
S00298,C025,2024-07-18
S05797,C040,2024-10-20
S09054,C013,2024-06-29
S06587,C028,2025-06-20
S06405,C050,2025-11-17
S03964,C030,2025-11-13
S01133,C026,2024-08-01
S07213,C034,2024-05-21
S07842,C011,2025-07-26
S08833,C025,2024-05-06
S05373,C008,2024-03-24
S06367,C049,2025-03-21
S05974,C040,2024-04-26
S09895,C038,2025-05-08
S04671,C003,2025-10-10
S08180,C029,2025-02-12
S02809,C010,2025-02-23
S04556,C006,2025-02-27
S04527,C028,2024-02-09
S01662,C025,2025-11-27
S09905,C007,2024-11-11
S06657,C029,2024-11-11
S05711,C049,2025-06-05
S09959,C017,2025-02-28
S04821,C023,2024-10-28
S07893,C030,2025-09-24
S06412,C037,2023-12-14
S03095,C037,2025-03-12
S09960,C029,2024-03-11
S08542,C040,2025-02-19
S09672,C048,2023-12-27
S08406,C009,2024-07-08
S01898,C004,2025-07-07
S05678,C024,2023-12-30
S07070,C038,2023-12-06
S05501,C013,2025-05-17
S03688,C042,2025-03-27
S02195,C043,2025-11-10
S01927,C025,2024-02-01
S07646,C041,2024-05-02
S00582,C021,2024-07-31
S00391,C015,2025-04-30
S01186,C024,2024-12-22
S09592,C037,2025-09-24
S09624,C007,2023-12-29
S08949,C043,2024-05-14
S05900,C017,2025-06-28
S07640,C016,2025-07-05
S08401,C044,2024-04-12
S05677,C015,2025-05-17
S00267,C009,2024-07-19
S09804,C010,2024-08-03
S05465,C020,2024-08-25
S02823,C009,2025-01-18
S00634,C028,2024-12-09
S08447,C047,2024-07-24
S00933,C041,2025-07-26
S01168,C021,2024-08-07
S08152,C033,2025-11-08
S08628,C049,2024-04-26
S06856,C040,2024-12-22
S04306,C004,2025-02-17
S03069,C050,2024-08-20
S08258,C028,2024-05-30
S05590,C022,2025-10-09
S02086,C026,2024-08-17
S06208,C034,2025-02-09
S03791,C034,2024-05-06
S09679,C017,2024-08-28
S05464,C025,2024-06-19
S06879,C003,2024-06-30
S08920,C038,2025-04-20
S03674,C037,2025-08-19
S09974,C005,2024-11-07
S09433,C008,2025-12-04
S08020,C027,2025-07-14
S06142,C018,2024-04-23
S08417,C020,2025-11-30
S01442,C024,2024-04-20
S04811,C012,2024-05-30
S01102,C012,2024-01-19
S08426,C048,2025-07-05
S08910,C021,2025-08-31
S04455,C019,2025-10-30
S09566,C017,2025-06-02
S04654,C006,2024-12-11
S07315,C030,2025-11-10
S00531,C021,2024-06-25
S01700,C046,2023-12-05
S01157,C012,2024-02-28
S05283,C044,2024-08-30
S02075,C026,2024-11-28
S08257,C012,2025-10-30
S09611,C007,2025-03-17
S00326,C035,2025-11-21
S00724,C043,2024-05-19
S02498,C049,2025-01-20
S05265,C035,2025-03-26
S01266,C001,2024-02-28
S02477,C041,2025-07-14
S07748,C035,2025-03-23
S01198,C022,2025-11-10
S09567,C014,2024-11-29
S02252,C026,2024-09-02
S07711,C030,2025-10-15
S00470,C014,2025-07-03
S05600,C023,2025-11-29
S01006,C005,2024-07-06
S08285,C011,2024-05-28
S02691,C012,2024-11-21
S06295,C041,2025-01-10
S06606,C029,2024-04-21
S08499,C042,2024-11-14
S03544,C031,2025-06-06
S08871,C045,2024-05-21
S02868,C032,2024-12-03
S00638,C030,2025-05-31
S04718,C041,2024-07-20
S05050,C010,2024-04-10
S03209,C008,2025-04-10
S01635,C008,2025-04-01
S01434,C007,2024-12-07
S09091,C014,2025-11-30
S05109,C045,2024-02-06
S01510,C043,2025-07-09
S01229,C038,2024-08-03
S02543,C030,2025-07-24
S04118,C012,2024-02-11
S05763,C047,2025-09-10
S02007,C028,2024-02-22
S06873,C025,2025-05-13
S03736,C043,2024-10-02
S08895,C035,2024-02-12
S05986,C036,2024-09-15
S02439,C023,2025-02-18
S01211,C022,2024-08-30
S05186,C014,2025-05-02
S06702,C016,2024-12-24
S05659,C022,2025-08-29
S00714,C015,2024-05-19
S03534,C001,2024-03-05
S07146,C032,2024-05-12
S02388,C010,2025-01-08
S06066,C024,2024-02-03
S07862,C030,2024-12-05
S02886,C049,2024-08-07
S02557,C013,2025-03-07
S02776,C036,2025-05-03
S03752,C031,2024-10-10
S08987,C019,2024-05-02
S09734,C042,2024-01-16
S09305,C048,2024-03-29
S09427,C008,2025-10-05
S03853,C007,2024-10-16
S00089,C049,2024-05-06
S04579,C046,2024-07-21
S08355,C024,2024-01-05
S05351,C033,2025-08-15
S04825,C004,2025-03-28
S09284,C042,2024-02-03
S03883,C043,2025-09-24
S09740,C005,2024-11-13
S05353,C050,2024-05-13
S09817,C022,2025-02-05
S08841,C038,2024-11-19
S06508,C042,2025-11-22
S02681,C045,2024-03-19
S05030,C044,2024-08-31
S07950,C008,2024-02-01
S05816,C028,2025-01-07
S08280,C030,2024-08-31
S07196,C027,2023-12-05
S08882,C014,2024-01-24
S00949,C001,2024-04-16
S05647,C002,2024-07-01
S04405,C014,2024-04-21
S04942,C024,2025-05-02
S04963,C024,2025-06-09
S02568,C022,2024-12-22
S00763,C027,2025-09-13
S05863,C046,2025-04-03
S01737,C025,2024-05-12
S04420,C025,2024-12-26
S02125,C005,2024-02-26
S05688,C001,2025-07-04
S06654,C041,2025-02-24
S09500,C041,2025-04-01
S09498,C015,2025-02-20
S04862,C021,2025-05-15
S01789,C045,2024-11-21
S06750,C008,2024-08-23
S01200,C028,2024-08-26
S01548,C020,2025-09-14
S09436,C015,2025-07-10
S05254,C049,2025-08-18
S03189,C043,2024-01-21
S05801,C005,2024-06-17
S07217,C015,2025-07-21
S00369,C045,2025-02-01
S03198,C005,2025-04-10
S09691,C020,2024-02-20
S02143,C018,2024-08-04
S05499,C015,2024-08-31
S00400,C045,2025-04-15
S07729,C043,2025-10-12
S00417,C033,2025-09-07
S07411,C026,2025-06-23
S04240,C010,2025-07-03
S06178,C033,2024-03-01
S03542,C025,2025-02-15
S04488,C038,2024-01-30
S07642,C004,2024-03-01
S04811,C022,2024-10-01
S05746,C013,2025-05-10
S08256,C046,2025-06-28
S03570,C023,2025-08-04
S00400,C010,2024-12-14
S09337,C045,2024-05-09
S05705,C037,2025-04-04
S01068,C036,2025-01-23
S09994,C019,2025-06-05
S03829,C045,2025-01-24
S05781,C037,2025-04-22
S02908,C025,2024-03-10
S04382,C042,2025-04-29
S09732,C029,2024-03-26
S03869,C020,2023-12-29
S03748,C033,2024-02-23
S09329,C005,2025-07-11
S02053,C047,2025-11-14
S04415,C009,2025-01-15
S07361,C025,2024-08-21
S02181,C021,2025-04-01
S06183,C009,2024-02-06
S06132,C028,2025-07-11
S00703,C029,2024-06-09
S04321,C025,2025-09-11
S05393,C014,2024-11-27
S07760,C011,2024-03-23
S01498,C019,2024-07-13
S02366,C044,2024-01-28
S05651,C014,2024-11-29
S03915,C001,2024-04-30
S00582,C046,2025-09-06
S09434,C018,2024-04-05
S02623,C028,2024-07-05
S03865,C026,2024-01-10
S00113,C024,2025-05-16
S00032,C038,2024-01-13
S05388,C013,2025-06-02
S03765,C018,2024-07-30
S08830,C026,2025-09-21
S07376,C033,2025-08-21
S09155,C024,2025-04-19
S05817,C008,2024-11-30
S05695,C010,2024-06-18
S09503,C009,2025-01-08
S02645,C036,2024-01-07
S03007,C046,2025-08-26
S08453,C026,2025-08-26
S09132,C001,2024-12-15
S08786,C045,2024-09-14
S08396,C035,2025-11-09
S04918,C009,2024-10-15
S03915,C021,2023-12-29
S02722,C048,2024-10-19
S06954,C043,2024-12-04
S04562,C018,2025-01-31
S00069,C014,2024-11-05
S01487,C016,2025-06-08
S09782,C045,2025-04-27
S08632,C027,2025-10-30
S05212,C049,2024-03-01
S07257,C022,2025-09-16
S02092,C041,2025-01-21
S04655,C025,2023-12-06
S00927,C023,2024-09-18
S02102,C050,2024-03-02
S04597,C013,2024-05-27
S06154,C037,2025-01-18
S02374,C038,2025-07-03
S00479,C016,2025-01-28
S09885,C040,2025-03-17
S07592,C029,2024-06-06
S09197,C004,2025-10-04
S03330,C049,2024-04-12
S01395,C002,2024-05-24
S04358,C010,2025-07-26
S03852,C037,2023-12-21
S08330,C024,2024-08-05
S01710,C015,2024-01-18
S04342,C017,2024-01-20
S00859,C017,2024-05-15
S09971,C033,2025-11-02
S06787,C021,2025-06-13
S04433,C044,2024-02-11
S04653,C047,2025-05-13
S05358,C002,2024-03-10
S03252,C026,2024-08-11
S06096,C034,2024-12-14
S09622,C013,2024-06-06
S05306,C008,2025-09-11
S07475,C024,2025-05-03
S07096,C006,2024-08-10
S04396,C023,2025-10-29
S09866,C016,2024-07-29
S03317,C033,2024-07-17
S09196,C019,2025-09-26
S09844,C045,2024-08-21
S05866,C005,2024-08-31
S01041,C012,2025-09-27
S08656,C001,2024-09-02
S05754,C010,2024-01-31
S02040,C015,2024-02-21
S04100,C026,2024-01-23
S00309,C002,2025-03-27
S03419,C032,2025-04-26
S08407,C007,2024-03-11
S06225,C033,2025-05-18
S07491,C029,2024-11-15
S06316,C050,2025-04-20
S06054,C028,2024-12-19
S06032,C014,2024-03-21
S01035,C009,2024-03-06
S02606,C016,2024-06-17
S03608,C019,2025-03-23
S04130,C022,2023-12-09
S09528,C003,2025-03-10
S05045,C049,2025-03-02
S05425,C049,2024-08-20
S05077,C042,2024-01-14
S09716,C029,2024-04-14
S09824,C043,2025-11-07
S09831,C004,2024-03-18
S09451,C026,2025-09-25
S02242,C021,2025-11-27
S04140,C042,2025-08-19
S05174,C025,2024-11-12
S09766,C014,2025-09-22
S06580,C010,2024-02-04
S05706,C019,2024-02-14
S06668,C042,2024-04-08
S00110,C007,2025-01-19
S09447,C023,2024-11-18
S07445,C040,2024-02-24
S09481,C001,2025-01-24
S00208,C017,2024-04-24
S00796,C010,2025-06-10
S00021,C003,2025-07-29
S03223,C040,2025-05-18
S09718,C012,2025-10-04
S07516,C048,2025-01-29
S02685,C038,2024-08-08
S05762,C009,2024-08-09
S06351,C049,2024-05-06
S00128,C050,2025-03-11
S06100,C035,2024-08-29
S08554,C006,2025-07-25
S04169,C010,2025-05-14
S08113,C047,2025-02-20
S05815,C036,2024-06-25
S04922,C040,2025-07-02
S01512,C047,2024-05-05
S05685,C041,2024-04-07
S04864,C007,2024-02-07
S03751,C024,2025-11-29
S07144,C027,2025-09-19
S04762,C026,2024-06-05
S03000,C032,2025-02-22
S06545,C044,2024-12-29
S01439,C021,2025-03-09
S05118,C020,2025-08-10
S06001,C017,2025-11-19
S06858,C006,2024-03-21
S06292,C016,2024-09-08
S05441,C020,2024-07-11
S08650,C044,2024-09-06
S07964,C005,2025-08-19
S04403,C017,2025-10-07
S00777,C037,2025-01-19
S09622,C011,2025-03-29
S06813,C049,2025-04-15
S04810,C024,2024-02-16
S04782,C015,2024-07-07
S04751,C021,2024-08-01
S04004,C001,2024-09-24
S09990,C009,2025-01-21
S07258,C032,2024-04-23
S02719,C022,2024-06-17
S02781,C029,2024-06-24
S08011,C044,2025-07-10
S00453,C050,2024-11-07
S06332,C001,2025-05-10
S03961,C003,2023-12-29
S06820,C014,2025-06-05
S00303,C040,2025-04-06
S06046,C047,2024-11-15
S09387,C040,2024-10-09
S08052,C034,2024-03-14
S02598,C048,2024-06-25
S08831,C044,2024-07-27
S07305,C022,2025-08-22
S02203,C004,2024-03-25
S09810,C035,2024-03-21
S09135,C010,2025-02-17
S00373,C030,2025-06-10
S02235,C002,2023-12-19
S02144,C030,2025-08-21
S06858,C018,2024-05-18
S07668,C018,2025-08-25
S07662,C021,2025-05-28
S06180,C028,2025-09-07
S09589,C012,2025-10-17
S05936,C043,2024-02-04
S00795,C044,2025-08-29
S07351,C006,2024-03-21
S04938,C012,2024-06-24
S00103,C014,2024-02-20
S08712,C026,2025-01-26
S03277,C004,2025-01-03
S00132,C032,2025-05-25
S00397,C034,2025-07-24
S08063,C037,2023-12-29
S08843,C040,2025-04-15
S07952,C011,2025-02-19
S09006,C046,2025-04-04
S07874,C049,2025-10-29
S02125,C047,2025-07-18
S08496,C018,2025-09-11
S08537,C021,2024-03-30
S09393,C033,2024-02-04
S07336,C041,2024-06-18
S07839,C003,2024-08-31
S04039,C005,2024-09-13
S05339,C033,2024-05-11
S04014,C035,2025-03-23
S05387,C015,2025-09-23
S02092,C004,2024-09-16
S04354,C037,2024-04-27
S04025,C035,2025-08-05
S07061,C003,2025-09-18
S07628,C036,2025-08-27
S03828,C002,2024-07-30
S02600,C023,2025-08-02
S03796,C050,2025-05-16
S01438,C029,2024-12-09
S09607,C024,2025-09-01
S03220,C043,2025-03-29
S01516,C034,2024-06-19
S05004,C018,2024-05-17
S04759,C050,2024-12-23
S00367,C033,2024-02-13
S01028,C007,2025-06-07
S08046,C041,2024-03-03
S08430,C034,2024-08-07
S02274,C009,2023-12-09
S09916,C048,2024-08-30
S00164,C045,2025-04-02
S01893,C014,2024-02-03
S01505,C043,2025-10-24
S04833,C018,2024-11-13
S06476,C037,2024-04-23
S06217,C023,2025-07-30
S00890,C025,2024-05-23
S00549,C019,2025-01-10
S00154,C006,2024-07-08
S05053,C039,2024-02-15
S09634,C008,2025-03-16
S05276,C002,2025-07-20
S00009,C019,2024-06-06
S04669,C049,2025-02-22
S09148,C036,2025-03-17
S06688,C033,2024-12-22
S06650,C003,2025-08-06
S08135,C044,2025-03-13
S02297,C026,2025-08-18
S01454,C008,2024-11-01
S03059,C033,2024-07-24
S06843,C012,2025-08-25
S03432,C019,2025-10-14
S02071,C014,2023-12-05
S05713,C041,2025-04-12
S07758,C017,2025-10-16
S01928,C018,2024-06-07
S07150,C006,2025-01-28
S02173,C030,2024-06-30
S05041,C048,2025-07-25
S02650,C040,2024-01-09
S05012,C049,2025-01-14
S02945,C013,2024-03-07
S02193,C021,2024-09-17
S07698,C044,2024-05-13
S04558,C042,2025-07-02
S00003,C039,2025-02-17
S04025,C034,2024-04-26
S09800,C005,2024-11-08
S00725,C024,2024-01-26
S03701,C019,2024-08-21
S01275,C015,2025-04-16
S03934,C024,2024-07-11
S07171,C036,2024-05-10
S08559,C021,2024-01-18
S01883,C001,2024-01-05
S01411,C038,2024-07-05
S09494,C002,2024-07-12
S01805,C001,2024-12-22
S01142,C008,2025-10-14
S01422,C034,2025-07-29
S03249,C006,2023-12-18
S08650,C008,2025-03-14
S02754,C017,2024-04-03
S07875,C045,2024-04-30
S09257,C017,2025-04-06
S05142,C041,2024-09-04
S05004,C042,2025-09-05
S02206,C014,2025-08-31
S00670,C046,2024-09-04
S03503,C047,2024-12-01
S01096,C040,2024-06-05
S04613,C025,2024-06-11
S00413,C049,2025-03-04
S08545,C008,2024-12-03
S01435,C001,2025-09-18
S01364,C006,2025-03-12
S06760,C009,2024-07-02
S01665,C010,2025-09-26
S09591,C032,2024-06-13
S09452,C047,2025-03-26
S07138,C010,2025-11-09
S00532,C016,2024-01-14
S00390,C001,2025-07-20
S06534,C011,2025-07-27
S00187,C048,2024-03-27
S08131,C042,2025-07-01
S03683,C030,2024-10-31
S02522,C049,2025-03-24
S07034,C031,2025-05-24
S05081,C017,2024-03-07
S00125,C025,2023-12-23
S00146,C005,2025-09-09
S07841,C032,2023-12-09
S04678,C016,2024-08-20
S09673,C032,2024-02-18
S04287,C033,2024-11-11
S05392,C015,2024-12-03
S01295,C023,2025-07-26
S03287,C023,2025-03-02
S00961,C005,2024-07-11
S08247,C009,2025-06-14
S06022,C024,2025-05-12
S04604,C012,2024-09-13
S07162,C017,2023-12-21
S02047,C036,2024-09-12
S06172,C006,2025-11-15
S09698,C034,2025-06-13
S07661,C029,2025-03-17
S03893,C009,2024-06-25
S00282,C011,2024-02-18
S05447,C029,2024-10-21
S00966,C029,2025-05-11
S03013,C009,2024-08-01
S08166,C005,2024-05-17
S06608,C040,2024-10-07
S06506,C014,2025-07-28
S05072,C044,2024-03-05
S00689,C020,2024-07-16
S07999,C041,2025-11-05
S05634,C030,2025-11-19
S00294,C048,2024-11-24
S07830,C047,2024-03-30
S08038,C038,2024-06-09
S00535,C036,2024-09-05
S06257,C023,2024-09-22
S05869,C044,2024-01-31
S06139,C004,2024-05-14
S08117,C010,2025-01-27
S02398,C010,2025-01-31
S06505,C008,2025-01-02
S06708,C003,2025-04-13
S09803,C044,2025-08-16
S05844,C028,2025-07-24
S08429,C021,2025-01-12
S02065,C028,2025-08-01
S03537,C019,2025-03-15
S05710,C030,2024-07-04
S05763,C012,2024-08-20
S02900,C044,2024-11-04
S00170,C039,2025-05-26
S08848,C011,2024-12-24
S05276,C006,2025-10-30
S06966,C018,2025-01-07
S04485,C050,2024-07-31
S01684,C032,2024-05-25
S01403,C039,2024-12-13
S06264,C045,2024-03-26
S09590,C032,2024-04-20
S02848,C015,2024-09-11
S05770,C041,2024-10-07
S03439,C030,2025-06-16
S03994,C047,2024-11-26
S00625,C026,2024-11-26
S08533,C024,2024-11-17
S08879,C019,2025-05-25
S03587,C046,2025-02-13
S07730,C048,2025-05-26
S03590,C005,2025-02-07
S09968,C037,2024-08-08
S03638,C020,2024-11-01
S08250,C010,2025-02-11
S00392,C007,2024-09-24
S01159,C002,2025-01-26
S00559,C046,2025-04-27
S08694,C006,2024-12-16
S08729,C017,2024-06-30
S03331,C043,2025-09-24
S08072,C006,2025-04-14
S01295,C030,2025-07-19
S05696,C045,2024-07-21
S06105,C001,2024-04-23
S04007,C019,2024-09-27
S00305,C046,2025-10-12
S06601,C023,2025-01-23
S06996,C014,2024-11-12
S03756,C017,2024-09-21
S07440,C033,2025-01-01
S05199,C021,2025-03-20
S04062,C032,2025-08-09
S04748,C005,2024-09-13
S02448,C025,2025-02-04
S05183,C031,2024-05-22
S01578,C012,2025-06-27
S07345,C012,2025-08-23
S05863,C016,2025-07-02
S05563,C033,2025-07-30
S01831,C008,2024-07-23
S08823,C001,2024-02-24
S06381,C032,2024-05-26
S00699,C044,2024-10-12
S08705,C020,2024-04-09
S01100,C026,2025-10-17
S09976,C009,2025-02-10
S02145,C036,2025-04-11
S07561,C041,2024-04-28
S03113,C038,2024-12-05
S08228,C002,2025-10-21
S04875,C012,2025-06-09
S02039,C025,2024-04-10
S01339,C047,2024-11-22
S05850,C009,2023-12-25
S06473,C031,2024-04-22
S05867,C022,2024-09-06
S05035,C007,2024-06-25
S03606,C021,2024-11-21
S01554,C018,2025-06-12
S05484,C004,2024-02-16
S08928,C034,2025-03-21
S02527,C045,2025-03-13
S08159,C034,2025-10-02
S05858,C041,2024-09-23
S04709,C009,2025-09-22
S08768,C045,2025-10-15
S09019,C026,2025-10-18
S01329,C036,2024-03-29
S01906,C037,2024-03-18
S05207,C007,2024-12-04
S02261,C036,2024-01-17
S07394,C038,2024-01-20
S09155,C033,2024-08-23
S08545,C044,2025-05-28
S02827,C034,2025-09-09
S05195,C047,2025-07-15
S02441,C040,2025-03-22
S00061,C027,2024-02-09
S05091,C041,2025-03-10
S04123,C012,2024-08-17
S08369,C045,2024-01-09
S08178,C040,2023-12-10
S00514,C014,2024-11-04
S05655,C044,2025-01-30
S00888,C016,2024-02-21
S09736,C045,2024-07-20
S05222,C014,2025-03-30
S09186,C008,2024-04-23
S09838,C001,2024-04-01
S02385,C018,2023-12-11
S08952,C034,2025-06-23
S02258,C048,2024-02-17
S00506,C021,2025-02-03
S03607,C004,2024-05-19
S00813,C021,2024-09-13
S07305,C028,2024-02-23
S07721,C026,2024-07-17
S07304,C033,2024-06-05
S03868,C002,2025-11-21
S06950,C022,2025-07-22
S05532,C014,2024-11-07
S04431,C022,2025-03-19
S04152,C002,2024-07-30
S08547,C034,2024-05-12
S06447,C049,2025-09-29
S09198,C038,2025-10-12
S07844,C031,2025-08-08
S05414,C039,2024-01-19
S02059,C029,2025-03-25
S01588,C043,2024-07-24
S04945,C025,2025-01-20
S09173,C011,2025-04-11
S04338,C028,2024-11-20
S06306,C021,2024-01-12
S00647,C048,2025-02-05
S09816,C022,2025-09-30
S08861,C014,2024-04-27
S09686,C042,2025-06-20
S01991,C019,2024-04-14
S02825,C015,2023-12-27
S09873,C043,2025-03-07
S06037,C024,2024-08-24
S01897,C016,2025-05-16
S04046,C048,2025-09-30
S01431,C025,2025-08-24
S04573,C021,2024-09-30
S04606,C011,2025-11-04
S01064,C032,2025-07-15
S05176,C006,2024-07-31
S08347,C026,2024-04-24
S05093,C026,2025-02-19
S05238,C031,2024-04-16
S04737,C024,2025-11-12
S00322,C037,2025-01-09
S06165,C036,2025-08-29
S07984,C015,2025-03-17
S00363,C040,2024-05-31
S00104,C001,2024-08-03
S01913,C041,2025-05-03
S07992,C047,2024-10-30
S06032,C048,2024-08-30
S08213,C048,2025-09-05
S08361,C031,2025-04-14
S08894,C004,2023-12-09
S01014,C020,2025-02-25
S07525,C038,2024-06-11
S04389,C045,2025-04-11
S02549,C028,2025-09-23
S03499,C024,2025-07-27
S05534,C020,2025-06-12
S05485,C006,2024-01-02
S07967,C013,2025-03-27
S00565,C036,2023-12-28
S02753,C012,2024-09-25
S07420,C020,2023-12-26
S05553,C031,2024-03-17
S00573,C013,2024-05-26
S04572,C019,2024-03-23
S05099,C028,2024-08-28
S06885,C031,2024-10-02
S00400,C048,2024-06-11
S00255,C045,2025-08-05
S04202,C028,2024-07-01
S07599,C030,2024-05-24
S00475,C016,2024-05-26
S00535,C018,2025-07-02
S02366,C026,2023-12-31
S01135,C044,2024-01-09
S04328,C038,2025-12-01
S05028,C017,2024-01-01
S07332,C029,2025-08-27
S02960,C026,2024-03-26
S03310,C035,2025-05-25
S01266,C036,2024-07-05
S06079,C015,2024-05-30
S04585,C048,2025-03-13
S08153,C019,2025-02-03
S09858,C037,2025-01-17
S03979,C017,2024-12-29
S06796,C028,2025-11-14
S08962,C028,2025-01-29
S09544,C034,2025-10-20
S08652,C040,2024-07-22
S07887,C015,2024-10-06
S00698,C015,2025-04-02
S01422,C003,2024-11-04
S00806,C006,2024-11-05
S01843,C014,2024-05-07
S01537,C015,2025-10-01
S07713,C038,2024-06-24
S05805,C038,2024-07-08
S06341,C024,2025-03-21
S04919,C033,2025-07-23
S08545,C025,2025-09-23
S04676,C014,2024-07-07
S06297,C018,2025-10-07
S06036,C014,2024-02-17
S03140,C050,2025-02-20
S08276,C029,2024-09-21
S06468,C002,2025-05-31
S08104,C028,2024-05-05
S07169,C030,2025-11-23
S06633,C017,2025-06-23
S07148,C046,2023-12-28
S02299,C030,2024-08-26
S01332,C033,2024-06-18
S02829,C027,2025-11-09
S08976,C043,2024-08-30
S08656,C021,2024-04-24
S09048,C027,2024-04-25
S04997,C024,2025-01-27
S09358,C010,2024-08-02
S09021,C019,2025-12-03
S06665,C036,2025-01-23
S07669,C046,2025-11-27
S03648,C040,2025-06-10
S00923,C019,2024-10-01
S04984,C018,2025-02-15
S00460,C039,2024-06-12
S08041,C020,2023-12-25
S00207,C027,2024-11-12
S07565,C026,2025-08-25
S02153,C044,2024-11-25
S00437,C010,2024-10-07
S06575,C035,2024-04-05
S08117,C022,2024-05-11
S01790,C045,2024-01-05
S05452,C016,2024-10-14
S01521,C035,2024-07-01
S06304,C034,2025-11-10
S07880,C046,2024-03-26
S00030,C014,2023-12-22
S09120,C021,2025-11-19
S05416,C043,2024-08-08
S02581,C041,2025-07-02
S09444,C034,2024-09-13
S02658,C004,2024-03-14
S09679,C037,2025-07-10
S00614,C036,2024-02-21
S00994,C011,2025-01-29
S06292,C015,2024-10-10
S05723,C006,2024-06-19
S04957,C002,2024-08-09
S03038,C023,2024-02-16
S01905,C008,2023-12-14
S06451,C042,2025-06-06
S09781,C001,2025-11-09
S09118,C016,2025-04-02
S01661,C025,2025-02-02
S01521,C020,2025-11-30
S09494,C021,2025-03-31
S08399,C001,2025-04-24
S09257,C042,2024-03-16
S07512,C032,2025-06-16
S01510,C033,2025-04-05
S01859,C016,2024-08-29
S00322,C019,2024-03-31
S02186,C007,2024-11-16
S03512,C047,2025-11-13
S03818,C010,2024-12-16
S08983,C039,2024-02-29
S02219,C005,2025-02-28
S05854,C049,2024-10-30
S08098,C023,2025-08-19
S03073,C017,2025-06-18
S07968,C030,2025-06-08
S02587,C009,2024-03-22
S06544,C014,2024-11-26
S08840,C012,2024-02-10
S04577,C010,2025-11-14
S05397,C035,2025-08-06
S01451,C025,2025-04-25
S01436,C038,2024-01-20
S07881,C049,2024-09-11
S00415,C038,2024-01-11
S05737,C005,2025-05-28
S05842,C030,2025-06-17
S01431,C020,2025-04-19
S01789,C006,2024-08-14
S09398,C017,2024-12-31
S06225,C038,2024-08-31
S08620,C009,2024-10-25
S00875,C010,2024-10-22
S00570,C025,2024-01-28
S05961,C005,2025-06-30
S05291,C027,2024-09-25
S00735,C040,2024-01-16
S06014,C013,2024-07-24
S09154,C019,2023-12-16
S06128,C019,2025-04-16
S07126,C050,2024-12-15
S08310,C003,2025-03-15
S04065,C006,2025-09-23
S05530,C037,2025-02-22
S00632,C013,2024-03-17
S00110,C048,2025-08-07
S04978,C029,2025-11-02
S08358,C024,2025-11-18
S03017,C040,2025-11-07
S00204,C008,2024-05-21
S08651,C023,2023-12-06
S01495,C020,2025-05-04
S04450,C019,2024-04-22
S06381,C043,2024-12-26
S00014,C012,2025-10-08
S06954,C004,2025-11-01
S06707,C043,2025-01-27
S01050,C049,2024-11-10
S06772,C020,2024-07-02
S03226,C044,2025-10-25
S00468,C018,2025-09-24
S04659,C035,2024-03-10
S02875,C044,2024-12-25
S07727,C028,2024-08-28
S04685,C049,2025-02-10
S01289,C028,2025-09-05
S05579,C031,2023-12-26
S03116,C007,2025-11-01
S01001,C046,2024-08-30
S04186,C045,2025-04-03
S06383,C017,2024-08-15
S00266,C009,2024-04-01
S02388,C010,2024-07-13
S07639,C007,2025-11-18
S03472,C044,2025-05-21
S04455,C005,2025-04-21
S07188,C030,2023-12-27
S05369,C026,2025-07-08
S01224,C036,2025-02-18
S00270,C024,2024-09-25
S06985,C006,2025-05-04
S03443,C018,2025-05-24
S00176,C033,2025-09-28
S04870,C012,2025-08-23
S09820,C026,2025-05-28
S05412,C023,2024-03-12
S06201,C018,2024-10-16
S05054,C034,2025-03-11
S08476,C039,2025-01-29
S02589,C013,2025-07-02
S07214,C029,2025-04-02
S06016,C019,2024-02-15
S03495,C004,2025-07-21
S03741,C006,2025-11-17
S09947,C013,2025-01-20
S04963,C025,2024-01-14
S04474,C031,2024-05-27
S02193,C045,2025-01-31
S04143,C003,2025-08-12
S00931,C042,2024-05-07
S06704,C009,2025-04-10
S02027,C003,2024-06-06
S03946,C008,2025-06-06
S09878,C007,2025-03-06
S01992,C030,2024-02-08
S01707,C035,2025-06-20
S05849,C027,2024-01-12
S00302,C033,2025-08-03
S01379,C050,2025-02-01
S01635,C025,2025-04-19
S01584,C025,2025-05-13
S09804,C024,2025-06-10
S08077,C023,2024-01-15
S09993,C034,2024-08-14
S06925,C010,2024-10-01
S02435,C039,2025-06-22
S02125,C048,2024-10-18
S01142,C033,2025-02-24
S04480,C034,2024-09-23
S04254,C012,2025-10-12
S07576,C041,2025-08-15
S09649,C015,2024-07-22
S05214,C019,2025-04-15
S02882,C049,2025-03-27
S06175,C003,2023-12-12
S02440,C041,2025-04-06
S01700,C033,2025-10-11
S00572,C002,2025-03-25
S02360,C025,2025-04-29
S07722,C008,2024-08-01
S06737,C037,2024-05-03
S03147,C046,2024-12-06
S06769,C032,2025-07-13
S09533,C016,2024-08-14
S05232,C039,2025-05-01
S01434,C041,2024-06-28
S09754,C045,2025-05-08
S01488,C013,2024-02-10
S06559,C004,2024-11-16
S01661,C049,2025-03-19
S04084,C033,2024-11-05
S03967,C043,2025-02-20
S06468,C024,2025-03-15
S06202,C017,2024-08-24
S03320,C012,2024-01-26
S03297,C031,2025-05-03
S02532,C038,2024-12-12
S05028,C039,2025-01-31
S04635,C034,2024-11-13
S00573,C012,2024-06-04
S06474,C005,2024-06-19
S08158,C007,2025-10-08
S04090,C027,2024-06-13
S02225,C011,2025-06-23
S09317,C008,2025-07-31
S06052,C024,2024-11-12
S02631,C006,2025-02-05
S03102,C005,2024-02-17
S07208,C032,2025-10-25
S03246,C019,2024-01-02
S01599,C023,2024-05-27
S06413,C033,2024-05-12
S05699,C030,2025-05-18
S02281,C010,2024-09-20
S04875,C017,2025-04-25
S07711,C032,2024-02-17
S07107,C014,2024-11-15
S05573,C048,2024-08-04
S05117,C031,2025-04-15
S07780,C030,2024-11-24
S09999,C050,2025-01-31
S06346,C037,2024-09-20
S08230,C038,2025-04-08
S02248,C035,2025-01-08
S01015,C006,2024-09-25
S07529,C037,2025-01-30
S00957,C046,2024-12-14
S08309,C034,2024-08-01
S00252,C022,2024-03-06
S03852,C042,2024-05-26
S07544,C047,2025-10-14
S05092,C044,2025-04-14
S01407,C013,2025-05-25
S07919,C018,2024-10-05
S02034,C018,2025-09-18
S08617,C050,2025-03-31
S06050,C034,2025-05-06
S02777,C046,2025-04-20
S00660,C034,2024-07-07
S04210,C007,2025-01-16
S08436,C010,2024-08-27
S00118,C050,2024-07-14
S09439,C029,2025-05-12
S08437,C047,2025-09-11
S00409,C004,2025-04-22
S05871,C032,2024-03-09
S02689,C035,2024-11-19
S07790,C015,2024-11-15
S09215,C020,2024-01-08
S09382,C038,2025-04-29
S04459,C031,2025-07-27
S04098,C034,2025-08-03
S03264,C049,2024-10-30
S06446,C007,2025-10-28
S07302,C046,2025-03-03
S06337,C003,2024-06-05
S00194,C036,2024-07-22
S04900,C043,2024-03-27
S02943,C001,2025-04-30
S01255,C019,2025-07-13
S07561,C048,2024-03-29
S02646,C029,2025-07-21
S03638,C024,2025-01-16
S07247,C038,2024-02-17
S09287,C041,2024-10-20
S01260,C011,2024-01-25
S06038,C024,2025-06-03
S02676,C023,2024-02-26
S01491,C014,2024-04-05
S04332,C029,2025-02-02
S01951,C009,2024-06-28
S06252,C031,2024-09-21
S01152,C034,2025-02-26
S02343,C025,2024-09-12
S05237,C006,2025-07-10
S06282,C005,2024-10-08
S01146,C035,2024-05-16
S07159,C027,2024-02-21
S07310,C039,2024-09-15
S04106,C023,2025-03-26
S03259,C040,2025-11-30
S07198,C039,2025-01-02
S07114,C006,2025-03-17
S05843,C026,2024-03-24
S02007,C038,2024-09-21
S05505,C038,2024-06-27
S08707,C045,2024-08-28
S01020,C024,2025-01-04
S05601,C029,2025-09-09
S00592,C019,2025-03-08
S09853,C028,2025-08-07
S05332,C019,2025-08-31
S02781,C008,2025-03-09
S06731,C027,2025-11-24
S08904,C030,2024-12-14
S08766,C047,2025-04-07
S00675,C006,2024-11-17
S02242,C039,2024-09-20
S08611,C009,2025-07-15
S09321,C036,2025-08-02
S02160,C017,2025-03-18
S08241,C013,2024-07-31
S04065,C042,2024-09-17
S02115,C005,2023-12-30
S04266,C007,2024-11-19
S05305,C010,2024-10-16
S07081,C006,2024-12-12
S04511,C041,2025-10-08
S07204,C013,2025-01-17
S07100,C028,2024-07-30
S08301,C028,2024-09-27
S01678,C027,2025-05-29
S06098,C014,2025-05-02
S08944,C010,2024-12-12
S05441,C037,2024-12-29
S07986,C028,2025-11-05
S09519,C026,2025-04-04
S09874,C030,2024-11-13
S05683,C047,2024-07-16
S02506,C036,2024-07-04
S00279,C045,2025-03-23
S01649,C024,2024-05-28
S02781,C019,2024-10-18
S06012,C005,2024-11-16
S04527,C044,2025-01-10
S09816,C031,2024-04-04
S03866,C009,2024-03-25
S00757,C049,2025-10-31
S02582,C028,2024-10-04
S06635,C021,2025-06-28
S02793,C043,2024-06-04
S02780,C024,2024-06-01
S01038,C029,2024-04-07
S06065,C049,2025-07-07
S01069,C022,2025-09-02
S07102,C006,2024-04-28
S06038,C027,2024-02-12
S05353,C033,2023-12-09
S02235,C007,2025-05-15
S09203,C043,2024-10-04
S04095,C013,2025-06-16
S07712,C013,2025-10-19
S00818,C038,2023-12-17
S06191,C043,2025-01-11
S02182,C024,2024-09-10
S02429,C044,2024-10-01
S04974,C044,2024-03-06
S03963,C036,2024-11-17
S08093,C039,2025-05-31
S04280,C034,2024-04-20
S06076,C028,2025-07-08
S02401,C026,2024-05-07
S01725,C042,2025-08-02
S02325,C030,2024-11-09
S04054,C033,2025-02-02
S08116,C048,2024-12-04
S00303,C024,2024-09-24
S06164,C004,2025-07-30
S07662,C025,2025-06-15
S02468,C016,2025-05-31
S09797,C024,2024-02-24
S06619,C005,2024-03-16
S03753,C041,2025-05-12
S09666,C020,2025-07-06
S05377,C034,2025-11-12
S06926,C010,2025-11-18
S09568,C046,2025-06-08
S07905,C024,2025-03-30
S09245,C045,2024-09-02
S01033,C042,2024-01-13
S02779,C010,2025-11-16
S09429,C007,2025-10-19
S02100,C046,2025-07-03
S03895,C011,2025-10-23
S01533,C050,2024-02-27
S04340,C023,2024-10-26
S06494,C011,2024-05-11
S08251,C026,2024-05-29
S07114,C033,2024-01-06
S03303,C027,2025-09-11
S07898,C011,2024-04-30
S01705,C017,2025-10-04
S09792,C023,2025-04-09
S06382,C021,2025-01-10
S01561,C014,2024-09-24
S04488,C007,2024-10-31
S03515,C048,2024-03-04
S01756,C009,2025-07-18
S07668,C007,2024-04-12
S06965,C017,2024-04-11
S05680,C009,2025-08-19
S06948,C003,2024-06-18
S06085,C048,2024-08-13
S01293,C010,2025-06-04
S03884,C018,2025-07-25
S01236,C025,2024-04-03
S08936,C025,2024-08-15
S01476,C037,2025-10-09
S02005,C018,2024-11-17
S09306,C048,2024-10-25
S07977,C032,2025-02-18
S01613,C017,2024-04-19
S04946,C007,2024-03-11
S06248,C048,2024-02-15
S03030,C004,2024-11-19
S04542,C017,2025-02-24
S09154,C049,2023-12-18
S05472,C013,2024-08-05
S00334,C043,2024-04-01
S06432,C015,2024-06-06
S02705,C046,2025-09-11
S03797,C001,2024-04-14
S00267,C003,2025-01-29
S08871,C039,2025-07-21
S01292,C009,2024-10-21
S07398,C039,2023-12-11
S02120,C021,2024-04-17
S06472,C003,2024-05-27
S05176,C050,2025-06-03
S07709,C017,2025-07-22
S05665,C006,2024-05-31
S07057,C004,2025-02-17
S07337,C035,2024-04-30
S07963,C026,2024-08-30
S03796,C035,2024-10-02
S08897,C005,2025-01-21
S00893,C003,2024-12-07
S04335,C044,2024-10-15
S07442,C007,2024-02-13
S09934,C016,2024-08-17
S09166,C005,2024-11-13
S04872,C038,2025-04-02
S07910,C044,2025-05-17
S08765,C031,2024-10-05
S03460,C048,2023-12-19
S06030,C018,2025-03-01
S00832,C035,2024-11-26
S07158,C036,2024-01-11
S04382,C034,2024-02-14
S05114,C036,2024-11-25
S03782,C045,2024-01-05
S01029,C021,2024-12-19
S06459,C043,2024-08-30
S09491,C048,2023-12-10
S05717,C031,2024-01-23
S08060,C037,2025-03-02
S07608,C001,2024-11-01
S01702,C039,2025-01-22
S04983,C013,2025-09-16
S05271,C016,2025-05-10
S02988,C019,2024-03-08
S07934,C050,2025-07-19
S03928,C007,2024-07-11
S07905,C007,2025-09-23
S08861,C015,2024-02-26
S06012,C009,2024-11-24
S00815,C012,2025-07-11
S03850,C032,2024-03-19
S02691,C022,2024-08-15
S01547,C038,2025-04-22
S03326,C041,2024-03-22
S01633,C014,2024-06-23
S06278,C020,2023-12-23
S09207,C002,2025-09-24
S04968,C040,2024-01-17
S03018,C024,2024-04-08
S08275,C028,2024-10-19
S06665,C020,2025-03-13
S02674,C014,2025-04-16
S03188,C047,2024-10-04
S08363,C028,2025-03-15
S00086,C021,2024-10-21
S08503,C016,2025-03-17
S00169,C043,2024-03-26
S03264,C032,2024-08-06
S00707,C024,2024-05-19
S04726,C028,2024-05-02
S08951,C020,2025-05-24
S08431,C048,2024-08-03
S04606,C020,2024-08-25
S09212,C044,2025-01-29
S08044,C009,2024-06-30
S07197,C026,2025-07-26
S06372,C044,2025-01-01
S04435,C045,2024-10-22
S05364,C048,2025-01-21
S08324,C003,2024-01-07
S01483,C027,2024-01-19
S09038,C043,2025-11-20
S02405,C040,2025-05-10
S06725,C048,2025-08-19
S06065,C037,2025-06-17
S03059,C038,2025-07-13
S01823,C048,2025-04-18
S08813,C002,2024-01-19
S07593,C035,2025-09-04
S07855,C029,2023-12-28
S07467,C050,2025-10-23
S09549,C007,2024-06-05
S06096,C007,2025-03-17
S06758,C023,2024-07-13
S04091,C012,2025-07-25
S08255,C040,2025-05-21
S02991,C003,2025-01-30
S00825,C013,2024-02-15
S07786,C004,2025-08-19
S02423,C021,2025-04-29
S04672,C004,2025-07-15
S01914,C029,2024-05-23
S09475,C030,2024-04-26
S05378,C009,2024-03-25
S00144,C026,2025-05-17
S08233,C023,2024-11-10
S00082,C027,2024-10-18
S06406,C033,2024-09-19
S02587,C019,2024-01-06
S02613,C021,2024-10-20
S09948,C004,2025-01-19
S09068,C049,2025-11-27
S02194,C049,2025-04-09
S07505,C024,2024-07-28
S01265,C026,2025-05-29
S07851,C011,2025-01-01
S04912,C005,2024-03-06
S06635,C038,2025-09-15
S04174,C037,2025-09-25
S09558,C040,2025-12-04
S03776,C044,2024-01-25
S04211,C032,2024-12-12
S06639,C006,2024-02-07
S05150,C024,2024-06-13
S09154,C005,2025-07-18
S01161,C011,2025-07-06
S09518,C033,2024-05-01
S07089,C049,2025-11-08
S03124,C001,2024-09-25
S00108,C039,2024-09-04
S05941,C037,2025-10-14
S08898,C042,2023-12-31
S09381,C027,2025-10-30
S07949,C001,2025-09-22
S09992,C021,2024-04-14
S01965,C012,2024-05-24
S01535,C027,2025-11-30
S07177,C033,2024-08-30
S03412,C004,2025-08-15
S04606,C046,2025-07-06
S00438,C047,2024-05-06
S06236,C039,2025-08-02
S06051,C004,2025-11-04
S03042,C043,2025-02-06
S02420,C032,2024-07-21
S04675,C008,2025-05-29
S09669,C029,2024-10-03
S01070,C002,2024-01-07
S09871,C009,2024-03-19
S05565,C039,2024-04-17
S03579,C038,2024-03-12
S07687,C049,2025-01-10
S09472,C033,2025-08-01
S06344,C032,2024-11-14
S06488,C050,2025-11-28
S00065,C017,2024-08-08
S03158,C016,2025-08-01
S02069,C042,2024-08-12
S03982,C002,2024-06-18
S03043,C009,2025-02-18
S06257,C035,2025-06-26
S01142,C023,2025-06-23
S06839,C022,2025-01-25
S05205,C039,2024-12-22
S07195,C045,2025-03-07
S03335,C022,2025-12-02
S03048,C043,2025-01-07
S01733,C002,2025-03-06
S03331,C034,2024-09-01
S08177,C036,2025-04-26
S03967,C037,2024-11-07
S00066,C019,2025-07-09
S01139,C022,2024-02-25
S02227,C012,2025-11-05
S07898,C001,2025-11-22
S00563,C004,2025-03-29
S03745,C047,2025-08-15
S08275,C029,2024-08-26
S07899,C020,2024-02-17
S05098,C036,2024-01-04
S07910,C042,2025-08-10
S06976,C040,2024-06-04
S04779,C040,2024-06-22
S05341,C048,2025-08-21
S04691,C033,2025-02-09
S03099,C030,2025-04-03
S02080,C043,2025-08-03
S02459,C016,2024-02-13
S05659,C041,2024-11-16
S02104,C040,2025-04-23
S06170,C044,2024-02-23
S01068,C013,2023-12-16
S01743,C033,2025-12-02
S07273,C026,2025-01-29
S08692,C005,2025-09-15
S00969,C028,2024-04-10
S02480,C016,2024-05-19
S03081,C006,2025-07-22
S08167,C046,2024-10-09
S02614,C034,2024-02-28
S06801,C004,2025-03-03
S07143,C050,2025-12-03
S04725,C026,2024-03-10
S06882,C050,2024-08-03
S06539,C012,2024-01-03
S01289,C039,2024-12-06
S04142,C026,2024-03-19
S06188,C016,2025-03-09
S00303,C037,2024-06-23
S09617,C016,2025-04-12
S06937,C022,2024-06-15
S06800,C025,2024-04-22
S03555,C036,2025-03-22
S09458,C007,2024-03-25
S06415,C048,2024-04-11
S00854,C035,2024-08-20
S00285,C007,2024-09-14
S08673,C011,2025-03-26
S08658,C029,2024-12-28
S07655,C019,2025-02-02
S03599,C016,2025-03-22
S06868,C025,2024-12-27
S04297,C016,2023-12-29
S08011,C019,2024-09-10
S09227,C014,2025-04-25
S03455,C037,2025-01-12
S09448,C045,2024-08-31
S01039,C002,2025-10-28
S05069,C033,2025-03-26
S08071,C034,2024-09-20
S04248,C037,2025-01-03
S07192,C002,2025-06-26
S06987,C049,2025-02-08
S09182,C046,2024-08-28
S04348,C015,2024-12-21
S01721,C023,2025-08-23
S04904,C027,2025-10-31
S04582,C043,2024-10-31
S03960,C041,2024-08-25
S04620,C033,2025-01-15
S06940,C002,2024-03-18
S00324,C046,2025-03-05
S02131,C005,2024-09-16
S04823,C037,2024-02-26
S09294,C026,2024-03-09
S05778,C006,2023-12-17
S05291,C016,2025-10-17
S03579,C002,2025-02-02
S04561,C033,2024-02-26
S07683,C046,2024-12-21
S05815,C021,2024-06-08
S00104,C045,2024-02-04
S03553,C008,2025-10-26
S06394,C006,2025-08-06
S02672,C004,2024-12-19
S07329,C038,2025-05-05
S00408,C027,2025-03-28
S00140,C050,2025-06-05
S05798,C040,2025-04-20
S09770,C043,2025-03-21
S06125,C037,2024-10-11
S01529,C036,2024-05-13
S04376,C004,2024-09-15
S02960,C007,2024-12-06
S09258,C006,2024-07-05
S06287,C012,2025-05-28
S04748,C030,2024-05-07
S02204,C038,2024-11-08
S09295,C008,2024-05-31
S09647,C048,2024-04-07
S08610,C009,2023-12-12
S05186,C049,2025-09-03
S01191,C027,2025-03-10
S08612,C004,2024-12-05
S07234,C049,2024-05-24
S00531,C029,2025-09-09
S05845,C010,2025-04-05
S03933,C027,2025-02-13
S03909,C044,2024-12-27
S02804,C037,2024-04-02
S00234,C050,2025-05-01
S09234,C018,2025-02-23
S03493,C039,2024-04-08
S04710,C001,2025-06-29
S07627,C018,2024-10-01
S00894,C043,2025-08-16
S00706,C010,2024-06-22
S05858,C040,2024-01-28
S00278,C006,2025-01-29
S03873,C015,2024-11-07
S01588,C023,2025-06-14
S05520,C032,2025-02-05
S06708,C016,2024-10-20
S02286,C027,2024-07-01
S08726,C003,2025-04-15
S03321,C004,2025-04-19
S00348,C021,2024-02-05
S06255,C025,2025-05-25
S04139,C012,2024-11-18
S09389,C046,2024-05-25
S07388,C037,2024-07-06
S08703,C014,2024-02-04
S03533,C041,2025-10-31
S07818,C037,2024-12-08
S05298,C043,2024-11-12
S07352,C009,2025-06-22
S04295,C004,2024-08-25
S00361,C022,2025-04-20
S03806,C037,2025-06-16
S04595,C033,2025-05-02
S08108,C009,2024-04-21
S00742,C005,2023-12-21
S00642,C017,2025-05-30
S06350,C043,2025-08-03
S08419,C001,2024-12-29
S00788,C044,2024-05-26
S01729,C032,2025-02-20
S01956,C007,2025-03-01
S03894,C030,2025-01-20
S06095,C046,2024-02-17
S02819,C037,2025-01-05
S08090,C012,2025-06-07
S06146,C021,2024-11-08
S00172,C013,2025-07-12
S00633,C015,2024-07-03
S03156,C016,2024-05-20
S08743,C028,2024-11-30
S02955,C024,2025-07-02
S02795,C017,2023-12-12
S00937,C005,2024-07-28
S05374,C005,2025-05-25
S05615,C009,2025-11-18
S00823,C040,2024-01-09
S01980,C021,2024-04-22
S02229,C037,2024-09-27
S09142,C014,2025-01-10
S00352,C049,2024-06-07
S03077,C049,2025-09-17
S00207,C020,2025-03-30
S05663,C019,2025-03-27
S07759,C041,2025-05-27
S05136,C016,2025-11-10
S01565,C033,2025-12-03
S08726,C013,2024-12-21
S00914,C036,2025-10-04
S02517,C026,2025-09-30
S07825,C020,2025-08-09
S05156,C006,2024-06-25
S01335,C023,2024-01-13
S04249,C007,2025-11-10
S01517,C031,2024-06-09
S05037,C029,2024-05-25
S05021,C017,2025-01-05
S00065,C005,2025-02-25
S01190,C035,2025-10-24
S06808,C011,2025-07-04
S01623,C001,2025-09-24
S06207,C040,2025-01-24
S06628,C021,2024-08-13
S09909,C035,2024-10-26
S08605,C032,2025-06-25
S01126,C028,2025-06-01
S01227,C014,2024-09-27
S00748,C022,2025-05-04
S02615,C041,2024-12-07
S03880,C013,2025-11-12
S01609,C049,2024-05-28
S02197,C018,2024-04-04
S02748,C002,2024-12-18
S03786,C042,2024-02-21
S09315,C017,2024-08-20
S02804,C004,2025-07-08
S07397,C044,2025-09-22
S01740,C017,2025-01-01
S01276,C016,2024-01-17
S01148,C035,2025-03-26
S01810,C039,2024-02-05
S02401,C008,2024-05-07
S00459,C020,2024-10-05
S02088,C018,2024-02-07
S00202,C027,2024-03-23
S06079,C025,2025-10-06
S06570,C012,2024-12-26
S04647,C048,2025-06-09
S08441,C021,2025-09-28
S06097,C026,2025-11-14
S06176,C029,2024-08-02
S00737,C010,2024-01-02
S09791,C004,2024-06-18
S04455,C003,2024-10-12
S03759,C006,2025-09-02
S05135,C028,2024-01-31
S05380,C040,2025-07-05
S08680,C021,2025-09-13
S08575,C037,2025-03-23
S05135,C010,2024-10-15
S04117,C032,2025-11-01
S07491,C017,2025-10-03
S05362,C040,2025-10-17
S09643,C047,2025-05-16
S09813,C015,2024-09-06
S03117,C003,2024-06-11
S05694,C024,2024-04-13
S05394,C005,2025-08-17
S06210,C010,2024-07-26
S06956,C036,2024-03-23
S02205,C039,2023-12-28
S03739,C030,2025-04-11
S05578,C020,2024-05-03
S09099,C004,2023-12-07
S00962,C045,2025-07-06
S06617,C037,2024-10-27
S05291,C001,2025-09-28
S04152,C043,2024-06-21
S05653,C003,2024-03-19
S05216,C028,2025-07-22
S09511,C007,2024-08-05
S00448,C044,2023-12-20
S00841,C050,2025-03-25
S00439,C040,2025-11-04
S08958,C022,2024-04-29
S09071,C030,2024-05-19
S05580,C033,2024-01-08
S05969,C038,2024-10-27
S01510,C015,2024-04-18
S07221,C020,2024-08-02
S02342,C029,2024-01-01
S03369,C022,2025-11-13
S02145,C036,2024-03-15
S09795,C016,2025-05-06
S02703,C013,2025-01-19
S07623,C008,2025-04-29
S08413,C022,2024-02-28
S01256,C009,2025-05-24
S09916,C010,2024-04-05
S07195,C019,2024-08-17
S05278,C021,2025-04-30
S01277,C040,2025-08-05
S01663,C012,2025-08-11
S09176,C045,2025-08-28
S06397,C009,2025-02-09
S01936,C020,2025-01-29
S08783,C037,2024-08-03
S09348,C030,2024-05-02
S03676,C045,2025-09-22
S01043,C041,2025-10-13
S08783,C007,2023-12-26
S01316,C036,2024-07-02
S04147,C036,2023-12-30
S09434,C013,2024-08-30
S02624,C022,2024-03-22
S04208,C040,2025-05-25
S08030,C046,2025-05-24
S00132,C020,2025-09-21
S07015,C029,2025-08-02
S08716,C029,2025-01-31
S05340,C039,2025-02-23
S04561,C005,2024-10-07
S09121,C049,2023-12-23
S09790,C029,2024-06-09
S06074,C046,2024-07-15
S09893,C045,2025-01-28
S06221,C003,2024-04-10
S08660,C014,2025-06-14
S04610,C049,2024-03-08
S02766,C006,2024-05-14
S07551,C011,2024-09-12
S06718,C008,2025-07-25
S07775,C024,2025-10-15
S08949,C005,2025-03-28
S03834,C001,2024-05-20
S04435,C020,2024-01-14
S02117,C037,2024-08-13
S03793,C044,2025-08-09
S01171,C010,2024-07-08
S03348,C035,2024-11-23
S02943,C018,2025-07-11
S04675,C049,2025-04-05
S04610,C031,2024-08-07
S06168,C018,2024-01-25
S02857,C040,2024-01-21
S02123,C043,2024-08-22
S00266,C012,2024-03-21
S04816,C022,2024-05-18
S07583,C016,2025-11-02
S03672,C045,2024-11-27
S09623,C001,2025-05-15
S04576,C011,2025-11-01
S08850,C007,2024-10-12
S01369,C040,2025-09-14
S07318,C028,2024-08-07
S08556,C023,2024-01-05
S08695,C005,2024-02-03
S03201,C012,2024-05-17
S00858,C021,2024-08-01
S06945,C027,2025-07-08
S06971,C049,2025-03-28
S09423,C046,2024-06-20
S04887,C027,2025-10-12
S01421,C035,2025-02-08
S03746,C005,2025-01-12
S09656,C011,2024-07-25
S04707,C030,2024-11-19
S06322,C037,2025-08-19
S09129,C039,2025-04-28
S06125,C009,2024-01-26
S06495,C014,2024-09-29
S04238,C042,2025-02-16
S05409,C001,2024-01-16
S06226,C046,2024-04-07
S00519,C005,2024-07-01
S00361,C044,2024-01-10
S07108,C028,2024-03-24
S08741,C012,2024-09-19
S07763,C025,2025-04-29
S04557,C011,2024-03-19
S09655,C015,2024-01-24
S06933,C015,2024-06-06
S07692,C002,2024-08-31
S04928,C012,2025-09-18
S01478,C038,2025-03-08
S04521,C047,2024-02-27
S04953,C047,2024-09-02
S06894,C020,2024-10-09
S02426,C006,2025-08-16
S08252,C008,2024-04-04
S01628,C018,2024-11-19
S05122,C016,2025-07-07
S09249,C045,2024-06-04
S01231,C028,2025-06-28
S08658,C027,2024-11-25
S07311,C031,2025-09-23
S09541,C029,2025-05-16
S06304,C010,2025-04-12
S04205,C017,2025-10-28
S04964,C001,2025-10-31
S07850,C014,2024-09-05
S05617,C003,2025-05-16
S06793,C004,2024-06-29
S09405,C024,2024-12-28
S08420,C040,2025-06-27
S01685,C041,2024-11-09
S09144,C023,2024-10-13
S01010,C038,2025-04-12
S04845,C024,2025-04-20
S02393,C029,2024-01-04
S05490,C036,2024-05-28
S02040,C041,2025-04-12
S00780,C048,2025-10-05
S08083,C012,2024-08-29
S04660,C016,2024-01-09
S02197,C040,2025-03-02
S09567,C015,2024-03-21
S08432,C004,2025-03-01
S07392,C009,2024-01-11
S01331,C022,2024-09-04
S08936,C040,2025-07-24
S06237,C042,2025-11-15
S02532,C006,2025-03-21
S05128,C015,2024-03-14
S08489,C011,2024-08-08
S04286,C005,2024-12-28
S05122,C047,2025-11-04
S03800,C049,2025-05-28
S04188,C012,2024-10-31
S05756,C002,2024-04-14
S04941,C024,2025-08-09
S07858,C007,2024-07-01
S08500,C033,2025-04-15
S09761,C042,2025-01-25
S04069,C015,2024-10-13
S05867,C026,2024-06-06
S09034,C035,2025-10-20
S00368,C027,2025-06-11
S08640,C012,2025-02-13
S08103,C046,2024-06-08
S06226,C008,2024-02-20
S05738,C022,2024-04-20
S02462,C031,2024-11-21
S05554,C043,2025-10-25
S02020,C033,2024-10-09
S02754,C042,2024-03-11
S03484,C014,2024-12-26
S05620,C028,2024-02-14
S08558,C022,2025-05-07
S07685,C012,2024-05-08
S04809,C042,2024-09-22
S06404,C022,2025-07-21
S04605,C003,2024-01-04
S03193,C050,2024-02-25
S04245,C033,2025-02-15
S05444,C045,2025-05-04
S08029,C043,2024-05-01
S06093,C038,2025-04-29
S02813,C010,2024-06-04
S00212,C024,2023-12-31
S09442,C045,2024-12-30
S00263,C009,2025-06-19
S02975,C020,2024-02-16
S08389,C050,2024-07-05
S06073,C004,2025-05-03
S01177,C020,2024-11-20
S01035,C026,2024-09-06
S01845,C043,2023-12-23
S05936,C024,2024-07-06
S05620,C014,2024-11-02
S03921,C047,2025-06-29
S02025,C041,2025-12-02
S07611,C006,2025-04-20
S02638,C037,2024-06-23
S07923,C012,2025-11-02
S04785,C037,2024-10-19
S00303,C015,2025-02-02
S05881,C014,2024-02-21
S09938,C001,2025-03-02
S03828,C050,2025-08-20
S02112,C034,2024-05-15
S07170,C002,2024-09-03
S07012,C028,2024-02-20
S04284,C003,2025-10-15
S09265,C006,2024-06-11
S02175,C027,2025-12-02
S02521,C001,2025-11-07
S00481,C019,2024-08-16
S01386,C004,2025-10-30
S00309,C050,2024-12-10
S09557,C035,2025-06-28
S07429,C012,2025-10-26
S08442,C023,2024-07-13
S06158,C028,2025-10-30
S02172,C031,2024-09-05
S02512,C048,2024-11-08
S01228,C008,2024-09-08
S05377,C017,2025-04-02
S01033,C021,2024-03-03
S00177,C001,2024-05-06
S04461,C032,2024-03-02
S06935,C023,2024-07-16
S09052,C007,2024-02-04
S05820,C030,2024-08-17
S07221,C019,2025-02-14
S00535,C010,2025-07-06
S00160,C035,2024-01-05
S02305,C008,2025-05-26
S00810,C028,2024-01-19
S02103,C050,2025-11-03
S09879,C012,2024-06-17
S05501,C009,2024-03-13
S01889,C018,2024-08-06
S00779,C029,2024-02-10
S02833,C001,2025-10-23
S07403,C022,2024-05-14
S08893,C007,2024-02-01
S08207,C015,2025-09-03
S04633,C037,2024-04-21
S05918,C043,2025-06-13
S03942,C043,2025-06-23
S09716,C010,2025-02-22
S08572,C022,2024-05-06
S03599,C017,2024-01-22
S04391,C008,2025-02-17
S08384,C026,2025-04-04
S09978,C027,2025-10-19
S05824,C049,2025-05-04
S09692,C024,2024-04-07
S01961,C014,2024-11-08
S09612,C018,2024-02-23
S07229,C002,2025-05-31
S06484,C018,2024-05-20
S09194,C012,2024-07-04
S05369,C044,2025-03-20
S02809,C040,2024-12-03
S04705,C040,2024-12-26
S08142,C012,2025-11-11
S05315,C031,2024-11-18
S00717,C006,2024-05-21
S08221,C027,2025-06-02
S06918,C016,2025-10-25
S08634,C005,2024-02-25
S05370,C005,2025-06-11
S02865,C049,2024-05-10
S06986,C017,2025-05-21
S03629,C041,2025-11-14
S01127,C048,2024-01-28
S03106,C037,2025-06-11
S06854,C039,2024-10-15
S00046,C048,2024-02-24
S01642,C050,2024-12-04
S05356,C015,2024-12-28
S01443,C032,2025-01-23
S00884,C037,2024-12-22
S01360,C038,2025-10-26
S08914,C007,2025-07-25
S04219,C022,2025-02-13
S08507,C021,2025-04-05
S07802,C048,2025-03-02
S07997,C049,2024-06-17
S07101,C031,2025-10-13
S09191,C025,2024-05-02
S09509,C017,2024-02-02
S01529,C029,2025-09-09
S09713,C015,2025-07-24
S05418,C038,2025-02-02
S07425,C034,2025-06-21
S05301,C030,2025-10-23
S02758,C038,2025-02-14
S03188,C026,2024-10-21
S07767,C041,2024-10-24
S02294,C040,2025-06-26
S03662,C028,2024-01-28
S07926,C011,2025-04-07
S02890,C007,2025-05-15
S05917,C005,2024-02-26
S01582,C010,2025-11-20
S04520,C029,2024-10-27
S05002,C024,2024-11-17
S01775,C007,2024-02-29
S06743,C003,2025-08-07
S05339,C010,2025-10-07
S06075,C030,2024-03-23
S09147,C028,2024-09-04
S01504,C008,2025-04-06
S05194,C023,2025-11-18
S00863,C038,2024-12-13
S00826,C022,2024-06-30
S04658,C036,2025-07-26
S03038,C046,2024-01-24
S04470,C046,2024-04-10
S04158,C023,2025-03-21
S08693,C037,2024-06-01
S01162,C044,2024-01-05
S09682,C022,2024-01-05
S06109,C003,2024-06-24
S02718,C023,2024-09-23
S00934,C007,2024-10-10
S05500,C030,2025-04-05
S05527,C001,2025-02-09
S05149,C049,2025-05-07
S05923,C034,2024-04-06
S02946,C047,2024-07-24
S04173,C044,2025-11-21
S05155,C019,2024-12-31
S02199,C049,2024-03-23
S08401,C021,2025-04-17
S09363,C033,2025-06-27
S00761,C013,2024-08-24
S06644,C019,2025-11-26
S05550,C031,2025-04-06
S06034,C016,2025-04-12
S08722,C040,2025-10-19
S09718,C006,2024-06-07
S01350,C013,2024-05-12
S00824,C001,2025-04-21
S06010,C011,2025-06-04
S09033,C032,2024-06-05
S08395,C030,2024-07-27
S02510,C048,2025-01-14
S05545,C016,2025-10-09
S06423,C021,2024-10-26
S03286,C046,2024-01-11
S03662,C039,2024-11-08
S03560,C020,2025-11-25
S03142,C020,2025-03-26
S01745,C004,2024-04-07
S04191,C019,2024-11-06
S06515,C028,2024-12-15
S07959,C049,2025-03-10
S03130,C016,2025-05-02
S03411,C027,2024-07-06
S01610,C026,2024-08-06
S06693,C043,2024-05-25
S02869,C050,2024-02-19
S00970,C023,2024-07-03
S09876,C038,2024-04-18
S05812,C008,2025-08-15
S04437,C042,2024-03-03
S04879,C023,2024-02-28
S02136,C002,2025-01-20
S03945,C041,2024-01-02
S09818,C047,2024-08-08
S08423,C010,2024-08-24
S03839,C046,2025-04-03
S06467,C046,2024-03-01
S02062,C011,2025-05-19
S00853,C014,2024-11-15
S06922,C025,2025-08-27
S00894,C013,2025-05-04
S06662,C025,2024-08-10
S05993,C013,2024-08-16
S03848,C019,2024-03-27
S02711,C022,2025-02-13
S02484,C034,2024-12-30
S05789,C039,2024-02-09
S06391,C047,2024-06-26
S02117,C039,2025-08-06
S05483,C045,2024-07-29
S03592,C033,2024-04-07
S09498,C009,2024-02-09
S09382,C046,2025-03-13
S00168,C037,2024-05-13
S02300,C017,2025-09-25
S05569,C044,2025-10-14
S03448,C014,2024-08-09
S06321,C023,2025-10-14
S05807,C015,2025-08-05
S03410,C022,2024-06-23
S04170,C043,2025-06-06
S06535,C018,2025-04-17
S03774,C022,2025-05-22
S04633,C027,2024-12-16
S03590,C026,2024-10-30
S04249,C013,2024-05-30
S05687,C026,2025-11-12
S03958,C015,2025-10-16
S00477,C008,2025-04-22
S03764,C043,2025-04-16
S04058,C039,2025-09-07
S07667,C009,2023-12-12
S05568,C044,2024-06-25
S02987,C029,2025-01-10
S06787,C019,2024-02-25
S02172,C003,2025-05-14
S00980,C016,2024-03-27
S06050,C045,2023-12-30
S09030,C018,2024-10-15
S00283,C027,2024-05-06
S07731,C014,2024-12-09
S02667,C048,2024-05-30
S01778,C008,2024-03-16
S05650,C036,2024-05-14
S06541,C045,2025-08-25
S04387,C044,2024-10-06
S02264,C042,2025-01-08
S02261,C046,2025-12-01
S02214,C023,2023-12-08
S09962,C036,2025-01-26
S01701,C032,2024-07-02
S06730,C004,2024-12-03
S04624,C019,2025-01-17
S00478,C020,2025-10-15
S04787,C043,2025-10-21
S00281,C034,2025-10-27
S00253,C028,2024-03-28
S08628,C021,2024-12-18
S01811,C018,2024-03-21
S05863,C010,2024-03-21
S04545,C017,2024-03-10
S06897,C027,2025-03-01
S00526,C035,2025-04-08
S01452,C001,2025-09-25
S04647,C012,2023-12-07
S03984,C030,2024-06-01
S03850,C010,2024-01-14
S01141,C007,2025-01-19
S03880,C040,2024-01-10
S01205,C018,2024-08-05
S00506,C003,2025-12-03
S03619,C041,2024-10-24
S04803,C031,2024-10-28
S04343,C022,2024-11-12
S07705,C048,2025-04-01
S05892,C004,2024-12-06
S09514,C030,2025-10-24
S08609,C041,2024-02-14
S05782,C023,2024-12-17
S04485,C034,2024-09-30
S04215,C032,2025-06-04
S00205,C043,2024-05-22
S00786,C022,2024-01-15
S05669,C010,2025-06-03
S05535,C025,2024-08-19
S08049,C028,2024-01-25
S02776,C003,2025-08-06
S01782,C011,2024-12-19
S03299,C050,2025-01-09
S05715,C049,2024-07-14
S06353,C017,2024-01-28
S07368,C015,2023-12-15
S08789,C028,2024-03-15
S05852,C046,2025-04-09
S06146,C041,2024-11-26
S03870,C049,2025-11-13
S01331,C020,2024-11-28
S06014,C026,2024-11-17
S05886,C030,2024-06-16
S09107,C025,2024-09-19
S04544,C049,2025-02-26
S09740,C046,2025-02-04
S00866,C027,2024-06-14
S09964,C025,2024-12-30
S05814,C029,2024-03-11
S08409,C041,2025-06-11
S00112,C007,2025-04-09
S08480,C048,2024-03-11
S03402,C042,2025-02-12
S06680,C048,2024-08-08
S07585,C031,2025-03-26
S04999,C031,2023-12-14
S02640,C011,2023-12-26
S05227,C008,2024-11-30
S01656,C013,2024-02-08
S02009,C034,2024-09-05
S02428,C026,2025-05-19
S01065,C017,2025-10-22
S03457,C031,2023-12-30
S03887,C038,2024-02-28
S07982,C030,2023-12-14
S04510,C042,2024-02-27
S03302,C012,2024-09-02
S05129,C008,2025-09-25
S05607,C029,2024-08-06
S04414,C042,2025-10-01
S03141,C028,2024-05-31
S08410,C028,2024-11-26
S03523,C050,2025-08-18
S00300,C034,2025-05-31
S07011,C003,2025-08-26
S09395,C007,2025-08-30
S00601,C001,2025-09-05
S03388,C042,2024-12-09
S03403,C014,2024-08-02
S05289,C049,2025-03-30
S06100,C001,2025-04-03
S05492,C001,2025-02-10
S03797,C005,2025-12-03
S01168,C024,2025-09-23
S02454,C013,2024-11-11
S04154,C049,2024-12-22
S07883,C044,2024-07-19
S07050,C011,2025-08-02
S05105,C014,2024-11-18
S05966,C017,2024-09-07
S07593,C035,2025-04-30
S05602,C039,2023-12-20
S08465,C021,2025-11-30
S03512,C023,2025-01-30
S09531,C022,2025-04-01
S00720,C032,2025-08-08
S07185,C021,2025-03-07
S06241,C014,2025-09-04
S09211,C006,2024-06-08
S05248,C036,2025-11-13
S03535,C020,2025-03-11
S02124,C002,2025-07-29
S00593,C027,2024-01-20
S09462,C022,2024-02-01
S02611,C039,2025-07-31
S03070,C011,2025-08-10
S01194,C015,2024-11-29
S00295,C047,2025-11-10
S01391,C004,2025-04-29
S08173,C026,2024-08-04
S04723,C003,2024-10-24
S00057,C017,2024-03-02
S05002,C009,2025-07-18
S01533,C001,2025-10-28
S02064,C018,2025-07-20
S01443,C049,2025-09-23
S01447,C001,2024-05-11
S02062,C005,2025-04-13
S05062,C015,2025-04-29
S03029,C014,2025-06-28
S02014,C031,2025-01-19
S05621,C031,2024-09-05
S04694,C019,2024-01-30
S01262,C010,2024-07-02
S01119,C020,2025-02-18
S02782,C048,2025-06-30
S07093,C032,2024-12-21
S01856,C019,2024-04-24
S00410,C005,2024-05-01
S08569,C038,2024-03-08
S07917,C003,2023-12-23
S01431,C012,2025-07-06
S09175,C010,2025-08-07
S08179,C035,2024-02-25
S02611,C015,2024-05-10
S03181,C039,2024-11-21
S06808,C022,2025-04-10
S06373,C019,2024-10-23
S04769,C045,2025-03-31
S04002,C012,2024-05-14
S03991,C046,2024-04-23
S04272,C008,2024-03-07
S05496,C001,2025-04-20
S04646,C012,2024-10-25
S03696,C007,2025-09-18
S05461,C018,2025-04-18
S01197,C020,2025-03-01
S07470,C040,2024-12-01
S02435,C049,2025-03-15
S09371,C049,2024-02-17
S03768,C041,2025-03-22
S00357,C048,2025-05-04
S05683,C010,2025-02-04
S07757,C037,2024-02-28
S01731,C016,2025-05-08
S08506,C005,2024-12-25
S08149,C041,2025-06-08
S01894,C023,2025-09-05
S09359,C013,2025-01-11
S04695,C002,2025-11-24
S01824,C046,2024-03-09
S06964,C044,2024-12-25
S00998,C049,2024-04-15
S07893,C040,2024-05-06
S03846,C014,2025-01-04
S05078,C016,2024-02-26
S02964,C014,2025-10-10
S03366,C016,2024-10-29
S05974,C039,2024-07-14
S02901,C020,2025-07-14
S06922,C041,2024-10-17
S04073,C030,2025-08-25
S03948,C025,2024-02-06
S06676,C044,2025-01-24
S08027,C042,2025-11-17
S00330,C032,2024-09-25
S09671,C014,2024-05-17
S06129,C045,2024-07-11
S04161,C006,2023-12-31
S05057,C042,2024-12-28
S01207,C049,2024-05-19
S04578,C004,2024-10-05
S00765,C043,2025-02-04
S09996,C014,2025-06-25
S01201,C047,2025-01-01
S08172,C014,2024-03-06
S01076,C011,2024-02-09
S02185,C029,2024-01-23
S02921,C019,2025-07-12
S05607,C034,2025-08-24
S08850,C017,2025-06-15
S04691,C020,2024-03-28
S08164,C025,2025-09-25
S04921,C039,2024-03-20
S08169,C015,2024-09-02
S03411,C042,2023-12-23
S09148,C031,2025-11-06
S04927,C025,2024-08-11
S09477,C046,2024-04-20
S09917,C036,2025-10-27
S08556,C034,2023-12-12
S02584,C031,2024-03-24
S09160,C046,2025-08-26
S00622,C025,2024-01-27
S08969,C011,2025-02-19
S04089,C022,2025-06-08
S08758,C008,2025-04-20
S01727,C033,2025-08-19
S03484,C014,2025-06-30
S06226,C004,2024-06-05
S01214,C037,2023-12-22
S04307,C031,2025-07-08
S09194,C046,2025-09-01
S07118,C014,2023-12-05
S05091,C023,2025-10-21
S08480,C050,2024-09-14
S06598,C038,2024-05-03
S00591,C029,2024-08-14
S02047,C028,2024-09-11
S08475,C044,2024-06-08
S01094,C039,2025-03-18
S07334,C028,2024-09-30
S09778,C042,2024-10-21
S03861,C037,2024-01-03
S04480,C010,2024-04-06
S06010,C050,2025-09-03
S05405,C003,2024-07-07
S04717,C008,2025-08-17
S01037,C047,2024-12-04
S07876,C016,2024-10-07
S09971,C039,2025-11-23
S07385,C007,2025-02-11
S02229,C026,2025-07-24
S03727,C022,2025-10-15
S03124,C003,2025-05-17
S02473,C041,2025-03-09
S06254,C044,2025-03-20
S08690,C022,2024-10-16
S09065,C010,2025-01-12
S05898,C032,2023-12-26
S08473,C042,2024-09-01
S03025,C021,2025-05-03
S03578,C019,2025-10-03
S09777,C023,2024-08-06
S02814,C045,2025-04-23
S02455,C048,2025-09-06
S03155,C028,2025-10-03
S09534,C014,2024-07-27
S06009,C003,2024-06-04
S09119,C046,2025-10-04
S03107,C023,2025-10-05
S04406,C033,2024-08-14
S04876,C044,2024-05-18
S02866,C037,2025-09-05
S01860,C045,2025-03-11
S05339,C037,2025-06-30
S00131,C039,2025-09-12
S08769,C023,2025-09-27
S03457,C042,2025-05-06
S02508,C022,2025-03-11
S01741,C015,2024-02-02
S06246,C019,2025-02-26
S06103,C005,2024-05-14
S00056,C046,2025-07-25
S09293,C041,2025-02-26
S04044,C010,2025-06-19
S08989,C043,2024-05-20
S07208,C041,2025-01-17
S03203,C021,2024-05-07
S05449,C024,2025-01-06
S09496,C033,2025-09-17
S02159,C002,2025-03-21
S03525,C030,2024-01-15
S02242,C050,2024-10-23
S08144,C027,2025-06-24
S05557,C005,2025-06-13
S06639,C047,2024-03-24
S06967,C038,2023-12-27
S04013,C020,2024-12-04
S02385,C014,2024-05-22
S08007,C014,2025-05-23
S02169,C032,2024-07-11
S04617,C007,2024-06-09
S07248,C001,2025-11-11
S03057,C017,2024-08-12
S03189,C021,2024-09-25
S02275,C009,2024-04-26
S01271,C012,2024-04-15
S07299,C014,2023-12-31
S04939,C045,2024-02-27
S08645,C030,2024-09-14
S00621,C018,2025-11-11
S02615,C023,2024-07-10
S04866,C049,2025-06-26
S09024,C050,2025-03-03
S07449,C028,2025-09-27
S00571,C025,2025-12-02
S05528,C048,2024-01-04
S08038,C022,2025-05-30
S02288,C007,2024-10-14
S02561,C024,2025-04-07
S06272,C018,2025-07-14
S04062,C017,2024-11-04
S00393,C017,2024-07-07
S00054,C034,2024-06-23
S03742,C049,2025-05-14
S02002,C021,2024-01-14
S04658,C048,2024-04-22
S09778,C044,2024-01-25
S03335,C003,2023-12-21
S05423,C006,2025-03-08
S06578,C001,2025-05-20
S07588,C007,2024-07-18
S06475,C006,2025-05-23
S05827,C008,2024-09-02
S06767,C026,2024-05-18
S09200,C045,2024-04-18
S04004,C009,2025-11-29
S05616,C044,2024-11-25
S03857,C037,2025-10-28
S01126,C007,2023-12-28
S07838,C009,2025-11-16
S05437,C038,2024-03-19
S09097,C006,2025-08-04
S07991,C005,2025-10-12
S08950,C021,2025-03-19
S04821,C050,2024-04-14
S01221,C029,2024-06-17
S02161,C003,2024-05-20
S07934,C047,2025-10-29
S05981,C002,2025-05-04
S06314,C041,2025-05-11
S09822,C039,2025-08-10
S08364,C011,2025-08-26
S08291,C022,2025-03-17
S07418,C028,2025-07-04
S03584,C019,2025-03-16
S02956,C050,2025-11-05
S01080,C021,2024-05-31
S05251,C042,2025-05-15
S02775,C022,2024-05-22
S09370,C004,2024-03-06
S08455,C040,2024-06-04
S03135,C027,2025-03-13
S07518,C022,2024-01-24
S00784,C012,2025-01-04
S03135,C010,2025-01-24
S08232,C006,2024-12-29
S07385,C035,2025-08-09
S02115,C038,2024-05-16
S09576,C037,2025-04-20
S08504,C020,2025-11-28
S02417,C018,2024-10-03
S06891,C023,2025-10-24
S08593,C035,2024-10-26
S05399,C013,2025-09-25
S01807,C011,2023-12-10
S08837,C048,2024-04-04
S08009,C015,2025-09-06
S02105,C018,2024-01-30
S02398,C040,2024-06-05
S09548,C049,2025-01-18
S05400,C031,2024-05-01
S01849,C043,2025-06-15
S00454,C006,2024-06-25
S02163,C035,2024-07-07
S05838,C012,2025-08-14
S01435,C002,2024-12-14
S05042,C038,2025-02-28
S05961,C045,2024-09-20
S05052,C025,2024-07-18
S06926,C012,2024-10-23
S03347,C040,2024-11-22
S08394,C005,2024-02-10
S05052,C019,2024-10-31
S04761,C033,2025-03-17
S08788,C005,2024-07-25
S09185,C027,2024-11-09
S07869,C004,2025-07-07
S01176,C015,2024-09-26
S06733,C038,2025-09-26
S00173,C008,2024-09-08
S09108,C004,2024-05-18
S03721,C025,2025-09-16
S09325,C030,2025-07-28
S00848,C029,2023-12-31
S06236,C037,2025-09-24
S05714,C050,2025-01-03
S02818,C046,2025-04-10
S08125,C018,2024-05-17
S02099,C044,2025-03-21
S05506,C027,2024-07-07
S04120,C013,2025-09-09
S05665,C001,2025-05-09
S01852,C014,2024-02-18
S05728,C036,2024-01-30
S07839,C007,2023-12-21
S00131,C021,2024-04-12
S06839,C010,2025-10-20
S04473,C050,2024-07-12
S03380,C027,2024-02-28
S04234,C031,2023-12-14
S03114,C018,2024-07-04
S06751,C007,2024-05-04
S00845,C017,2024-09-30
S07638,C014,2025-10-01
S03392,C009,2025-09-20
S04647,C031,2025-03-04
S00377,C039,2024-05-18
S07769,C010,2024-06-07
S02528,C011,2025-05-16
S09623,C032,2024-06-07
S00819,C043,2025-09-20
S06519,C037,2025-10-13
S07914,C023,2025-04-28
S02659,C039,2025-11-25
S00092,C031,2024-03-23
S04138,C011,2025-03-31
S02052,C039,2025-08-13
S01152,C024,2025-08-04
S02939,C031,2025-04-24
S04419,C002,2024-08-19
S06478,C025,2024-01-24
S08105,C023,2024-12-25
S08704,C005,2025-09-08
S06994,C010,2024-04-11
S03756,C009,2025-01-15
S06241,C041,2024-10-03
S04190,C019,2024-12-22
S04517,C041,2024-01-23
S01287,C026,2025-06-06
S04121,C021,2025-03-26
S05325,C012,2025-08-17
S03595,C005,2025-05-11
S03246,C030,2024-09-18
S05026,C038,2024-10-03
S09985,C014,2025-08-08
S05556,C010,2024-04-11
S06224,C050,2024-08-07
S07777,C010,2024-02-04
S06973,C019,2024-06-07
S02119,C034,2023-12-05
S06509,C039,2025-08-05
S05807,C008,2025-01-05
S02148,C007,2025-05-16
S05397,C004,2025-06-04
S02908,C005,2024-10-05
S00433,C001,2024-02-24
S07814,C006,2024-02-09
S09760,C027,2023-12-25
S04130,C016,2024-09-08
S00508,C009,2024-04-02
S07373,C023,2025-06-28
S08462,C048,2025-02-14
S00334,C025,2024-06-11
S05752,C018,2024-12-04
S05725,C046,2024-12-04
S02889,C023,2024-10-21
S09929,C034,2025-09-06
S04469,C046,2024-10-30
S07914,C032,2024-07-27
S03712,C019,2024-02-24
S04392,C048,2024-09-10
S05739,C012,2025-04-20
S09292,C005,2024-09-01
S03078,C006,2024-09-08
S06273,C001,2024-04-13
S00751,C034,2025-06-17
S07456,C042,2023-12-06
S04768,C049,2025-08-24
S04771,C038,2024-04-17
S06336,C032,2024-09-11
S02624,C002,2025-09-03
S00449,C050,2025-10-03
S09018,C009,2024-11-20
S06410,C002,2024-05-15
S09266,C041,2025-01-22
S00183,C032,2024-07-12
S00403,C049,2024-05-27
S09124,C040,2024-08-25
S05709,C022,2024-09-27
S06516,C016,2024-12-31
S01062,C017,2024-06-04
S07007,C030,2024-11-10
S07853,C049,2025-04-02
S02047,C008,2025-07-31
S05195,C026,2025-11-03
S09937,C012,2024-01-04
S03019,C039,2025-08-24
S09622,C045,2024-04-16
S05446,C011,2024-06-18
S06294,C039,2023-12-20
S03432,C022,2024-01-28
S00692,C009,2024-09-16
S04612,C012,2025-03-02
S08572,C032,2025-01-26
S06903,C005,2025-05-16
S06324,C046,2025-02-25
S04605,C022,2025-05-31
S01367,C041,2024-03-14
S05802,C026,2025-07-02
S09635,C034,2025-01-06
S00383,C049,2024-10-04
S07616,C045,2024-09-24
S07155,C042,2024-08-17
S02053,C047,2025-06-27
S09878,C026,2025-11-23
S07778,C012,2025-07-11
S05500,C026,2024-01-23
S06393,C033,2025-11-03
S02979,C029,2025-09-29
S05885,C038,2025-07-26
S01870,C012,2024-04-02
S06563,C022,2025-11-07
S06867,C027,2024-08-23
S01298,C029,2024-05-21
S01620,C003,2025-05-22
S09639,C033,2025-06-13
S07000,C021,2024-01-26
S02576,C043,2023-12-26
S06065,C004,2024-03-27
S06768,C025,2023-12-11
S04485,C044,2024-08-24
S06338,C016,2025-06-24
S06131,C017,2024-04-02
S00539,C005,2025-09-06
S02719,C042,2024-09-27
S05442,C039,2025-07-23
S06898,C007,2025-08-09
S05624,C021,2024-07-03
S07545,C035,2024-10-27
S05117,C025,2024-02-22
S02051,C003,2024-02-26
S09234,C048,2025-09-01
S01867,C020,2025-01-14
S07639,C021,2025-03-30
S07019,C014,2025-10-22
S06338,C045,2024-09-11
S00810,C007,2024-08-15
S09999,C038,2024-03-24
S03951,C024,2025-04-27
S06544,C036,2024-08-21
S08039,C022,2024-06-09
S03789,C015,2024-08-29
S06349,C023,2024-05-26
S02156,C014,2025-04-14
S03886,C010,2024-09-11
S04839,C004,2025-06-05
S07668,C027,2025-01-11
S07148,C009,2025-06-17
S09623,C030,2025-03-03
S03186,C036,2025-08-24
S02723,C041,2025-09-19
S06091,C009,2024-02-10
S08666,C034,2025-03-26
S01305,C025,2024-03-02
S02680,C025,2025-04-10
S04835,C032,2024-03-27
S02699,C038,2024-01-11
S06567,C038,2023-12-19
S02534,C024,2024-09-25
S08513,C002,2025-02-25
S03379,C035,2024-02-02
S06673,C001,2024-11-23
S06977,C029,2024-04-01
S02531,C035,2025-10-25
S01068,C027,2024-06-15
S09497,C001,2025-06-09
S05773,C023,2024-03-03
S08481,C045,2025-05-25
S01934,C007,2025-08-27
S06718,C046,2024-08-18
S03791,C027,2025-03-18
S02234,C038,2024-07-24
S03700,C042,2025-12-04
S00276,C048,2024-08-18
S02563,C037,2023-12-27
S08146,C020,2025-10-16
S06102,C044,2025-11-06
S09192,C013,2025-08-07
S04694,C043,2024-12-21
S04408,C041,2025-02-18
S07207,C026,2025-01-27
S01675,C049,2025-09-30
S02695,C008,2025-06-12
S02623,C004,2024-04-20
S05000,C006,2023-12-21
S05943,C017,2025-07-20
S01440,C001,2024-04-14
S07091,C044,2023-12-18
S00865,C019,2025-04-27
S06501,C044,2024-01-25
S08267,C001,2024-11-18
S05302,C036,2024-06-17
S04818,C041,2025-02-10
S08762,C018,2023-12-07
S05325,C032,2023-12-28
S05593,C017,2025-06-20
S05310,C021,2025-01-30
S07980,C026,2025-02-09
S08008,C025,2025-02-27
S03395,C014,2025-08-31
S09227,C027,2024-10-27
S05202,C005,2025-03-08
S07850,C044,2025-08-14
S02314,C020,2025-07-18
S00175,C006,2025-09-25
S04791,C015,2024-12-15
S03240,C045,2023-12-15
S04711,C049,2024-05-11
S00640,C021,2025-06-20
S07901,C004,2024-07-11
S04951,C028,2025-01-08
S08559,C015,2025-10-28
S04686,C030,2024-08-06
S08971,C026,2025-04-13
S08165,C033,2024-03-25
S05654,C002,2023-12-06
S02372,C046,2024-03-08
S01717,C037,2024-10-10
S06031,C022,2025-07-09
S09770,C043,2025-04-28
S02114,C037,2024-04-07
S02853,C017,2023-12-21
S06287,C050,2024-02-17
S02725,C029,2025-08-26
S03748,C015,2025-12-02
S04833,C018,2025-03-25
S07786,C031,2025-08-27
S00987,C050,2024-05-26
S06312,C046,2025-05-25
S09696,C017,2024-09-30
S00625,C020,2024-12-24
S01685,C023,2025-02-15
S09538,C027,2024-10-30
S04999,C044,2024-09-29
S04248,C036,2024-07-03
S05719,C022,2025-09-15
S05299,C044,2024-09-11
S08330,C049,2024-06-16
S01202,C040,2024-02-14
S08882,C005,2025-11-22
S08282,C003,2024-08-15
S05280,C032,2024-09-10
S08005,C049,2024-01-10
S03197,C046,2025-06-26
S03085,C042,2025-04-17
S07938,C013,2023-12-16
S00734,C024,2025-02-23
S01368,C044,2025-06-03
S07166,C045,2024-05-26
S05316,C042,2024-01-15
S01610,C043,2024-04-14
S07166,C020,2025-07-01
S01867,C024,2024-04-04
S05868,C021,2024-12-18
S00444,C049,2024-08-07
S09551,C034,2025-05-16
S01045,C019,2024-05-25
S02462,C042,2024-08-22
S06838,C001,2025-04-29
S04839,C027,2025-02-11
S09506,C012,2024-07-10
S06143,C032,2024-09-24
S08560,C015,2025-03-02
S00819,C031,2025-08-21
S02964,C002,2025-05-30
S07828,C017,2025-10-31
S04856,C035,2024-10-01
S03536,C032,2025-06-02
S05483,C040,2024-08-31
S05176,C034,2024-09-27
S07649,C006,2025-09-24
S03970,C045,2025-01-17
S00328,C008,2024-02-14
S01689,C002,2025-08-31
S00855,C041,2024-01-04
S07851,C014,2024-05-15
S08835,C006,2025-08-21
S06775,C046,2025-06-23
S03101,C050,2025-10-01
S04193,C048,2024-09-16
S08944,C019,2025-09-02
S04956,C012,2023-12-18
S05784,C015,2024-09-30
S01298,C047,2024-05-22
S01361,C013,2024-07-02
S08991,C006,2024-12-25
S05457,C011,2025-03-22
S05608,C036,2024-02-06
S00619,C043,2024-02-17
S05288,C020,2024-08-18
S04409,C034,2025-09-02
S08889,C046,2024-03-25
S09543,C015,2024-09-24
S09611,C043,2025-07-24
S00171,C019,2024-02-11
S03086,C015,2024-04-01
S01874,C014,2024-01-11
S04153,C037,2024-11-08
S07133,C022,2024-07-31
S09459,C005,2025-05-29
S06041,C043,2024-03-01
S07048,C006,2025-05-30
S09321,C035,2025-03-28
S09237,C016,2024-08-15
S02470,C020,2024-06-24
S05952,C003,2024-10-19
S09991,C003,2025-07-05
S07023,C007,2025-08-15
S05369,C050,2023-12-21
S09274,C050,2024-12-29
S05732,C009,2024-10-20
S08714,C044,2024-01-23
S02589,C003,2024-04-19
S01038,C024,2024-03-19
S07663,C029,2025-05-28
S02747,C023,2025-11-06
S00894,C013,2024-04-11
S05077,C016,2025-08-02
S04925,C003,2024-06-27
S08213,C025,2025-07-04
S01690,C016,2025-05-30
S07128,C024,2024-01-04
S00426,C025,2024-06-28
S01178,C025,2024-08-16
S00235,C006,2024-08-11
S01424,C023,2024-06-25
S02136,C003,2024-11-17
S02774,C027,2025-02-04
S05821,C038,2025-07-06
S05970,C003,2025-11-19
S09013,C006,2024-10-22
S05064,C005,2025-06-26
S01695,C029,2025-05-08
S06830,C043,2024-05-31
S07159,C012,2025-08-15
S03570,C010,2025-10-09
S00399,C004,2025-11-25
S00357,C046,2025-06-10
S06688,C024,2025-09-07
S04074,C028,2025-09-26
S09487,C049,2024-11-16
S09833,C016,2025-06-15
S09486,C012,2025-08-22
S08232,C037,2025-03-20
S07785,C036,2025-10-13
S00046,C014,2025-03-31
S06882,C023,2025-03-14
S05673,C031,2024-02-02
S06561,C046,2024-02-21
S04254,C036,2025-02-11
S05838,C048,2024-07-17
S03629,C049,2024-09-19
S05630,C041,2024-05-10
S03583,C018,2025-04-26
S04175,C041,2025-02-10
S09872,C037,2024-03-13
S03469,C012,2024-08-14
S06680,C013,2025-11-17
S05231,C036,2024-03-07
S09288,C043,2024-06-10
S08686,C031,2024-09-17
S09116,C049,2025-12-03
S02103,C025,2025-07-28
S03164,C018,2024-01-16
S03196,C049,2025-09-15
S02074,C042,2025-09-22
S01881,C044,2024-12-29
S05555,C048,2024-08-04
S05178,C049,2025-06-18
S01366,C010,2025-01-03
S04816,C008,2024-09-25
S05880,C006,2025-10-01
S04925,C049,2024-02-20
S04557,C006,2024-01-11
S07768,C016,2025-07-24
S09894,C018,2025-09-23
S02770,C032,2025-11-26
S02608,C015,2025-02-24
S08536,C041,2024-08-30
S02191,C020,2025-10-23
S09032,C050,2023-12-13
S00225,C003,2024-12-17
S09442,C047,2025-08-09
S00183,C010,2025-03-16
S00158,C046,2025-04-25
S01039,C007,2025-06-12
S01006,C050,2024-08-01
S01490,C015,2024-05-11
S01627,C024,2025-10-12
S00009,C028,2024-12-13
S09387,C047,2025-07-24
S02904,C039,2025-07-20
S07147,C023,2024-05-27
S06467,C025,2025-08-04
S07025,C047,2025-01-05
S00958,C030,2025-07-15
S03703,C027,2024-09-22
S05783,C003,2024-11-12
S09888,C024,2024-07-11
S07774,C015,2025-11-28
S05627,C026,2023-12-17
S02446,C004,2025-04-01
S00671,C004,2023-12-20
S07001,C043,2024-01-12
S06525,C039,2024-01-18
S05333,C046,2024-04-08
S05819,C021,2024-10-26
S00774,C009,2024-02-23
S08697,C023,2024-09-15
S03307,C033,2025-08-27
S01998,C048,2024-08-10
S05866,C028,2024-08-23
S04641,C024,2024-08-28
S01726,C030,2025-08-01
S07105,C007,2024-11-21
S04335,C020,2025-10-19
S03889,C049,2025-10-12
S09401,C003,2025-11-02
S00386,C050,2024-12-28
S03626,C023,2023-12-18
S02174,C019,2024-12-17
S09295,C029,2025-03-28
S05486,C026,2025-06-04
S06746,C028,2025-08-09
S04148,C006,2025-04-27
S02450,C031,2024-07-17
S00374,C049,2024-04-14
S02392,C028,2024-09-27
S09993,C019,2024-08-08
S06158,C028,2025-10-13
S07043,C018,2025-03-31
S05948,C014,2024-07-19
S05385,C010,2024-04-12
S06942,C023,2024-08-02
S04613,C034,2024-02-26
S07272,C007,2025-10-10
S06500,C014,2024-01-09
S05877,C002,2025-06-21
S05635,C012,2024-03-12
S00974,C040,2025-05-28
S06473,C011,2025-06-02
S02279,C027,2025-05-29
S06683,C050,2025-05-26
S05986,C044,2023-12-31
S00893,C022,2025-07-10
S08124,C004,2024-11-04
S08616,C025,2023-12-07
S08386,C039,2024-09-21
S04355,C001,2025-12-01
S08919,C044,2024-02-20
S05157,C040,2024-12-08
S02607,C020,2024-05-30
S07179,C024,2024-09-02
S07056,C043,2024-09-06
S06989,C041,2025-01-12
S02331,C022,2025-04-05
S02904,C017,2025-08-23
S07758,C006,2024-01-12
S08383,C049,2025-10-25
S01769,C034,2024-05-20
S00997,C040,2024-01-12
S09935,C011,2025-10-08
S00705,C043,2024-03-07
S06032,C025,2025-09-20
S01488,C024,2024-08-17
S04135,C047,2025-04-30
S00505,C050,2024-09-14
S03342,C031,2025-06-19
S07588,C029,2024-11-02
S08581,C032,2025-09-11
S04419,C012,2024-02-03
S01011,C015,2025-10-18
S01203,C028,2024-06-14
S04943,C008,2024-03-08
S07023,C010,2024-10-16
S09814,C001,2025-06-05
S04337,C019,2025-09-08
S02446,C022,2025-07-30
S06051,C001,2024-09-27
S02335,C017,2024-01-06
S00644,C036,2024-05-07
S08856,C050,2024-05-27
S01104,C035,2025-03-04
S04682,C025,2024-07-06
S06518,C034,2025-05-15
S02608,C019,2024-12-13
S08915,C028,2024-05-14
S07377,C004,2025-07-07
S00190,C040,2025-03-12
S03802,C012,2025-08-27
S04339,C047,2024-11-17
S08897,C032,2024-12-01
S01497,C048,2025-06-23
S00606,C034,2025-06-10
S03356,C011,2025-02-08
S08317,C020,2024-01-26
S05455,C042,2025-03-01
S03555,C040,2024-03-18
S04623,C038,2025-07-25
S07398,C031,2023-12-10
S02085,C021,2025-01-28
S01557,C012,2024-10-10
S02040,C012,2025-07-18
S08785,C007,2025-06-10
S03794,C021,2024-12-18
S08988,C012,2024-07-15
S07226,C023,2024-06-04
S00755,C009,2024-10-26
S07344,C037,2024-10-11
S05567,C030,2024-07-16
S01161,C009,2024-07-21
S09482,C006,2025-04-05
S04907,C001,2025-06-30
S06488,C018,2024-05-17
S03181,C022,2024-07-23
S00791,C011,2025-01-27
S02353,C011,2024-06-09
S03276,C028,2025-11-22
S09111,C005,2025-01-26
S08311,C024,2024-03-08
S01673,C029,2024-06-14
S04307,C035,2023-12-08
S03579,C036,2024-05-27
S01464,C015,2024-11-17
S04232,C014,2025-11-27
S00306,C015,2024-12-07
S00779,C005,2025-05-17
S09167,C004,2024-11-21
S07181,C012,2025-03-17
S05819,C032,2025-02-24
S01745,C038,2024-12-28
S08059,C023,2024-10-29
S05840,C047,2025-04-25
S06909,C026,2024-01-08
S06391,C040,2024-10-13
S05440,C010,2025-03-20
S03428,C014,2025-11-24
S02242,C007,2024-11-19
S05518,C008,2024-01-07
S05755,C048,2024-12-01
S01398,C050,2024-09-22
S06903,C029,2025-09-18
S07042,C019,2024-07-23
S00970,C006,2025-01-15
S07619,C028,2023-12-18
S00894,C045,2023-12-27
S09593,C045,2025-05-02
S01526,C014,2024-09-07
S02645,C049,2024-04-28
S09359,C016,2025-04-05
S08743,C016,2024-06-21
S03890,C050,2024-02-13
S09852,C048,2024-05-27
S08614,C040,2023-12-21
S09907,C027,2025-09-22
S07024,C040,2025-05-26
S00424,C042,2024-03-22
S02906,C040,2024-01-09
S01162,C018,2024-05-07
S01959,C046,2024-06-15
S06560,C034,2025-11-20
S08521,C017,2025-01-20
S04109,C012,2024-04-26
S01935,C013,2024-04-15
S02948,C037,2024-11-02
S05550,C006,2024-04-29
S05474,C006,2025-06-02
S04096,C027,2024-10-22
S02384,C002,2025-03-20
S01372,C004,2025-10-17
S04287,C019,2025-10-17
S00829,C041,2023-12-05
S07993,C004,2025-02-01
S07676,C043,2024-03-15
S04301,C004,2024-03-12
S07039,C023,2025-07-09
S04826,C042,2024-12-01
S01400,C050,2024-10-07
S00601,C045,2024-05-02
S07524,C043,2024-09-11
S04995,C016,2024-01-13
S01469,C044,2024-12-20
S01396,C048,2024-05-11
S03557,C005,2024-12-21
S09828,C018,2024-11-01
S03756,C026,2024-03-08
S00585,C040,2025-04-08
S04932,C009,2025-01-30
S05517,C037,2025-05-11
S00427,C014,2024-10-08
S03598,C050,2024-03-27
S01414,C039,2025-09-16
S07219,C013,2025-11-17
S02095,C012,2024-07-02
S02946,C029,2024-03-24
S01342,C034,2025-06-03
S01017,C016,2024-08-10
S00324,C045,2024-04-19
S02369,C023,2025-03-24
S05064,C048,2024-04-01
S02336,C028,2024-07-06
S05492,C021,2024-03-24
S03319,C019,2025-01-22
S04887,C049,2024-03-10
S02750,C037,2025-10-25
S08427,C004,2024-07-10
S06024,C007,2024-01-06
S00196,C032,2025-05-27
S01318,C017,2024-02-28
S09941,C024,2025-07-23
S08988,C022,2025-11-08
S04314,C047,2025-12-01
S02236,C009,2024-10-10
S05064,C011,2025-10-06
S06608,C029,2024-01-10
S04177,C002,2024-10-28
S04161,C041,2025-01-26
S05465,C045,2025-04-12
S09636,C015,2025-03-15
S08760,C011,2023-12-24
S01732,C048,2024-10-09
S02013,C045,2025-10-11
S05130,C031,2024-08-29
S04972,C017,2025-05-30
S00457,C027,2025-05-23
S02533,C025,2025-04-15
S04525,C043,2024-11-13
S05587,C041,2025-08-17
S04963,C021,2024-02-29
S01426,C012,2025-05-23
S03207,C009,2025-01-29
S02104,C045,2024-08-15
S06523,C019,2024-09-10
S07129,C010,2025-09-10
S08786,C038,2024-12-19
S09032,C027,2024-05-14
S07246,C006,2025-05-11
S09871,C038,2024-07-17
S05824,C014,2024-04-24
S05220,C048,2024-11-16
S06025,C034,2024-06-19
S05533,C037,2025-04-24
S00076,C006,2024-05-08
S08135,C013,2024-07-08
S07733,C042,2025-10-02
S04677,C050,2024-05-19
S07295,C021,2025-01-19
S08691,C044,2025-05-24
S07978,C013,2024-03-24
S01751,C014,2024-06-27
S01718,C034,2024-04-29
S02027,C014,2024-07-19
S03454,C028,2025-08-19
S08508,C031,2025-01-06
S02850,C030,2025-05-15
S06899,C036,2024-08-20
S07417,C042,2024-01-03
S01944,C044,2024-10-15
S03934,C007,2025-07-30
S09869,C002,2025-03-13
S03910,C010,2024-10-31
S01649,C013,2023-12-08
S03520,C017,2024-02-26
S02167,C040,2024-01-30
S01349,C033,2025-12-03
S02976,C037,2025-04-03
S03949,C039,2024-03-07
S00050,C006,2025-07-04
S03249,C044,2024-09-05
S00351,C031,2025-01-15
S06866,C024,2023-12-18
S08975,C023,2024-04-14
S06311,C050,2024-10-27
S02959,C004,2025-08-24
S01742,C025,2025-05-23
S07047,C002,2025-11-29
S07899,C035,2025-01-02
S09122,C015,2024-01-13
S00975,C009,2025-12-01
S09531,C025,2024-02-09
S08707,C009,2024-02-03
S03605,C011,2025-07-18
S06124,C009,2024-06-11
S02993,C017,2024-03-19
S08654,C046,2025-05-26
S05585,C049,2025-11-07
S06324,C045,2024-07-02
S08493,C010,2024-10-11
S09696,C013,2024-12-10
S08914,C025,2025-04-04
S06323,C050,2024-05-16
S01544,C006,2025-07-20
S08577,C011,2025-07-18
S09593,C028,2024-08-20
S02703,C036,2024-07-08
S09017,C041,2025-10-22
S08531,C050,2025-05-10
S02910,C042,2025-02-06
S08514,C049,2024-07-12
S04458,C031,2024-04-15
S01126,C023,2024-08-07
S05189,C039,2025-06-01
S06270,C005,2025-04-26
S09803,C038,2025-03-29
S03471,C049,2024-01-30
S04175,C007,2025-02-25
S00190,C019,2025-09-24
S03987,C014,2024-10-22
S01897,C007,2024-10-19
S05746,C024,2024-09-13
S07216,C043,2023-12-11
S03460,C038,2024-07-13
S07029,C048,2025-11-24
S03036,C008,2024-11-24
S00713,C037,2025-01-16
S09150,C012,2025-04-13
S02126,C030,2025-10-09
S03329,C037,2024-10-05
S04894,C039,2025-02-28
S06213,C040,2025-04-15
S07146,C042,2025-09-10
S05812,C036,2024-09-13
S06347,C043,2025-06-02
S03720,C012,2025-09-08
S04000,C010,2025-05-05
S07946,C017,2025-11-20
S02740,C035,2025-10-11
S07886,C021,2024-11-30
S05470,C042,2025-01-24
S03834,C004,2025-10-15
S05793,C006,2023-12-17
S09658,C034,2025-11-21
S00558,C024,2025-03-17
S02647,C012,2024-03-02
S00139,C036,2024-05-27
S04765,C040,2025-03-13
S08092,C023,2024-12-26
S08963,C035,2024-01-19
S08636,C001,2024-07-26
S08154,C018,2025-02-01
S07945,C038,2025-07-23
S03119,C024,2024-07-26
S00261,C044,2025-10-25
S08270,C005,2025-05-17
S00213,C020,2024-09-17
S04414,C040,2024-05-13
S01308,C002,2025-10-01
S08931,C021,2025-05-26
S05931,C031,2024-09-19
S03082,C027,2024-02-26
S09015,C039,2024-09-16
S01184,C019,2025-11-10
S07933,C012,2024-02-04
S02416,C005,2024-01-13
S04459,C001,2025-01-05
S03983,C015,2024-04-25
S00063,C018,2025-02-01
S04706,C026,2025-08-07
S08820,C011,2024-06-28
S02195,C033,2024-07-16
S04884,C015,2025-09-28
S00839,C036,2024-06-30
S09618,C015,2024-09-05
S07196,C031,2024-09-08
S08850,C003,2024-09-08
S06427,C004,2025-06-24
S07200,C011,2025-01-27
S09509,C037,2024-04-04
S06752,C031,2025-10-15
S05779,C018,2025-02-05
S03758,C044,2024-06-18
S06835,C002,2024-10-09
S01792,C002,2025-07-29
S04608,C013,2024-06-08
S03786,C011,2025-07-16
S01169,C016,2025-02-19
S08470,C043,2025-05-28
S00866,C032,2024-06-05
S02769,C050,2025-08-17
S01163,C047,2024-03-10
S06713,C009,2024-02-10
S09745,C006,2025-10-10
S02787,C018,2025-09-26
S02791,C015,2024-01-12
S01186,C008,2024-08-22
S06754,C031,2024-11-30
S02526,C025,2025-10-21
S06480,C010,2024-05-17
S01442,C020,2025-11-01
S03998,C025,2025-01-15
S00006,C040,2023-12-12
S05888,C027,2024-07-19
S05299,C029,2025-11-27
S05978,C037,2025-07-11
S06774,C030,2024-05-10
S08730,C043,2025-05-02
S03947,C013,2025-02-02
S07527,C029,2024-01-05
S00260,C011,2025-09-27
S08813,C021,2024-10-24
S05941,C003,2025-09-15
S01100,C030,2024-08-14
S03469,C049,2024-07-13
S05083,C009,2025-05-17
S03546,C019,2024-04-23
S06907,C038,2023-12-15
S04880,C011,2024-06-30
S03162,C036,2025-05-04
S08672,C035,2025-02-20
S04224,C039,2024-07-29
S05873,C025,2025-10-03
S08185,C020,2024-06-14
S06368,C022,2024-12-24
S02511,C034,2024-05-23
S06393,C009,2024-02-11
S05922,C039,2024-08-05
S06540,C003,2025-08-16
S01090,C038,2024-07-29
S02065,C031,2023-12-12
S07513,C050,2025-06-29
S04561,C014,2024-08-29
S06691,C029,2024-06-08
S05619,C030,2025-02-18
S02152,C040,2024-05-08
S02907,C026,2024-11-23
S06973,C043,2024-05-30
S07599,C050,2024-03-19
S02512,C017,2024-11-24
S08263,C005,2024-01-05
S04724,C011,2024-01-22
S05500,C047,2024-06-06
S03674,C005,2024-12-28
S05521,C041,2024-10-24
S00909,C020,2024-08-07
S04256,C017,2024-08-03
S04237,C005,2024-07-23
S07844,C003,2024-02-04
S00393,C035,2024-02-16
S00466,C005,2024-08-25
S07062,C046,2024-08-04
S05304,C043,2024-05-25
S08154,C037,2024-11-29
S04705,C017,2024-12-09
S07108,C009,2025-02-18
S08840,C002,2025-03-31
S09859,C006,2025-08-20
S03400,C006,2025-05-11
S02293,C016,2024-01-21
S04149,C027,2025-04-16
S07199,C030,2024-11-10
S06560,C027,2025-04-01
S04262,C044,2025-09-28
S04974,C009,2024-05-16
S06846,C008,2024-09-15
S04152,C008,2024-06-04
S07082,C033,2025-09-08
S02739,C046,2025-03-08
S09384,C019,2025-09-19
S01540,C002,2025-07-20
S07667,C038,2025-05-27
S01061,C033,2024-10-22
S04923,C035,2024-03-16
S04700,C036,2024-09-07
S02572,C034,2024-03-11
S02528,C038,2024-12-25
S09749,C008,2025-05-17
S02525,C043,2025-11-19
S02571,C008,2025-06-17
S02763,C003,2024-10-04
S03859,C050,2024-08-23
S02740,C021,2024-03-23
S06246,C019,2025-10-11
S05079,C026,2024-04-28
S04871,C019,2025-01-14
S07589,C026,2024-12-14
S02152,C050,2025-03-30
S07315,C035,2024-03-24
S04967,C005,2025-08-16
S07202,C019,2025-12-04
S04802,C040,2024-11-04
S04813,C010,2025-03-25
S00624,C003,2024-04-27
S02251,C017,2024-10-09
S08780,C024,2024-07-09
S04740,C020,2025-02-07
S08946,C038,2024-08-30
S04923,C004,2025-06-01
S08900,C042,2025-05-28
S09887,C043,2025-09-05
S07533,C040,2024-05-02
S04561,C012,2025-03-10
S01954,C026,2024-10-29
S06943,C014,2024-09-08
S07290,C011,2024-11-25
S09192,C036,2024-03-07
S05123,C031,2025-03-31
S00189,C007,2024-10-24
S06276,C022,2025-01-20
S07313,C033,2025-03-01
S06776,C043,2025-08-10
S07029,C023,2024-02-07
S04390,C034,2024-04-12
S02134,C034,2024-04-26
S00450,C037,2025-04-12
S03480,C042,2024-01-06
S00456,C043,2024-07-10
S09536,C013,2024-08-31
S08196,C033,2024-04-13
S07267,C032,2024-02-14
S05618,C036,2024-06-23
S08073,C025,2024-12-18
S02407,C050,2024-06-10
S05307,C032,2024-11-08
S05787,C019,2024-07-09
S05995,C005,2025-04-13
S06706,C007,2025-09-30
S04242,C034,2025-01-13
S03985,C040,2025-02-15
S06619,C022,2024-07-22
S02023,C035,2024-12-03
S09510,C046,2025-04-09
S07131,C030,2024-09-29
S08558,C032,2023-12-15
S07100,C047,2024-06-06
S08783,C044,2024-09-14
S05363,C037,2024-11-30
S08350,C021,2025-01-26
S05481,C002,2024-05-19
S06064,C042,2024-01-12
S08428,C045,2024-10-13
S03977,C035,2025-06-30
S05439,C009,2025-06-03
S02046,C008,2025-04-17
S01879,C030,2024-07-27
S02948,C002,2024-12-15
S05254,C033,2025-04-23
S08776,C014,2025-10-24
S06604,C019,2025-06-04
S06777,C003,2024-07-10
S01472,C030,2025-09-27
S05475,C008,2024-08-02
S09076,C031,2024-06-27
S06617,C046,2024-07-26
S08384,C034,2025-09-10
S01197,C039,2024-03-31
S05295,C033,2024-11-20
S04490,C008,2025-01-12
S05778,C026,2025-01-09
S06913,C007,2025-03-30
S07529,C040,2025-02-11
S09439,C009,2024-08-17
S02493,C033,2024-12-28
S01238,C001,2024-11-04
S01292,C008,2024-07-18
S09263,C036,2024-09-01
S00504,C039,2025-11-07
S01605,C019,2025-05-20
S04958,C025,2025-11-26
S06307,C029,2024-06-09
S00234,C039,2024-03-08
S05156,C038,2024-02-23
S06755,C014,2025-08-25
S01722,C008,2025-08-17
S05532,C010,2025-02-02
S02999,C007,2025-06-23
S04792,C027,2024-07-23
S03965,C044,2025-02-24
S01323,C026,2024-06-09
S08299,C034,2025-10-07
S04694,C025,2025-01-07
S05345,C043,2025-10-01
S00449,C011,2025-01-15
S00214,C014,2025-05-07
S01858,C011,2025-11-08
S07579,C002,2025-05-26
S09838,C020,2024-12-06
S06000,C033,2024-09-02
S02705,C045,2024-02-12
S00447,C045,2024-07-31
S07489,C012,2025-04-20
S04322,C009,2024-08-16
S09106,C030,2025-02-04
S05418,C050,2025-01-19
S06362,C001,2025-09-21
S03247,C049,2023-12-24
S06262,C026,2024-07-04
S01282,C012,2024-11-02
S05881,C015,2025-08-14
S07138,C046,2025-04-08
S07523,C039,2025-01-18
S04687,C013,2024-05-29
S08424,C027,2024-02-16
S08736,C014,2024-04-21
S04954,C043,2024-05-03
S08530,C030,2025-09-15
S01658,C044,2024-05-26
S00813,C001,2024-02-21
S09692,C036,2024-02-26
S05835,C007,2024-06-14
S09121,C004,2023-12-23
S02798,C003,2025-02-01
S05732,C005,2024-05-01
S06784,C004,2025-09-15
S00325,C017,2025-08-01
S05592,C017,2024-12-07
S01662,C048,2025-09-29
S02996,C021,2025-08-28
S04669,C022,2025-01-13
S00700,C012,2025-04-12
S06358,C024,2024-06-26
S04020,C033,2024-10-19
S09767,C028,2025-07-27
S06591,C026,2024-04-05
S02801,C008,2024-01-22
S07596,C025,2024-10-14
S00949,C021,2024-08-08
S00393,C030,2025-04-05
S02766,C050,2025-03-04
S00147,C008,2024-02-09
S09154,C008,2024-01-13
S03440,C033,2025-11-28
S06101,C048,2024-12-16
S00520,C040,2025-07-15
S09213,C002,2025-04-10
S09035,C009,2024-11-03
S02215,C039,2024-06-21
S00812,C016,2025-05-10
S08079,C023,2025-07-27
S03553,C007,2023-12-19
S08705,C003,2024-04-29
S09610,C033,2025-03-02
S04788,C003,2025-11-08
S01328,C002,2025-11-29
S05434,C041,2025-10-22
S05114,C015,2025-11-26
S05780,C026,2025-05-24
S00618,C034,2024-07-24
S06285,C048,2024-12-15
S08850,C042,2024-02-28
S05024,C021,2024-10-13
S07686,C023,2025-06-25
S06417,C034,2025-07-02
S07602,C048,2024-08-24
S09065,C009,2025-03-23
S05624,C042,2024-02-03
S00365,C046,2025-01-12
S03708,C044,2025-02-15
S00185,C032,2025-06-26
S07103,C044,2024-09-08
S01625,C005,2025-07-21
S07891,C002,2025-06-23
S05490,C040,2025-01-27
S08778,C011,2025-02-03
S07497,C005,2024-08-09
S06269,C049,2025-07-08
S00545,C019,2024-01-20
S00728,C006,2024-03-24
S03702,C014,2024-09-21
S06012,C024,2025-02-06
S01659,C048,2025-09-19
S01370,C028,2025-07-24
S03423,C017,2024-09-25
S02000,C033,2024-07-15
S07659,C013,2025-01-29
S05367,C007,2024-04-30
S06079,C006,2024-09-16
S07571,C026,2024-08-05
S01627,C003,2024-06-07
S09347,C029,2025-04-18
S08616,C005,2025-04-14
S07127,C032,2025-08-27
S07819,C025,2025-06-13
S09554,C009,2025-02-18
S08859,C014,2024-12-12
S01553,C038,2025-11-22
S03242,C027,2025-11-19
S04429,C035,2024-10-25
S01858,C026,2025-03-28
S07940,C029,2025-03-28
S09906,C005,2024-09-15
S00486,C006,2025-01-23
S01505,C008,2024-03-19
S05475,C031,2024-05-22
S05153,C011,2025-03-31
S05593,C011,2024-11-25
S02273,C050,2025-02-11
S01706,C036,2025-10-11
S03133,C006,2025-09-22
S09730,C011,2024-08-11
S02878,C047,2024-01-12
S06775,C002,2024-02-08
S07663,C010,2024-06-15
S03487,C022,2025-07-24
S04389,C031,2025-02-15
S01635,C049,2024-06-16
S04837,C043,2024-10-28
S09160,C048,2025-04-29
S08164,C009,2024-07-17
S05400,C023,2025-10-31
S01111,C034,2025-09-11
S03959,C022,2024-06-06
S00492,C021,2025-02-26
S07614,C013,2024-02-23
S06527,C020,2024-01-29
S01569,C018,2024-08-18
S08451,C007,2025-09-19
S04738,C040,2025-11-26
S05334,C047,2023-12-11
S08703,C013,2024-02-24
S00929,C031,2024-02-04
S06053,C024,2024-12-06
S01968,C041,2024-09-09
S02721,C030,2024-06-17
S06311,C007,2025-08-09
S09596,C028,2025-07-25
S00835,C013,2025-11-22
S07483,C047,2024-08-19
S05716,C049,2025-11-16
S09026,C022,2023-12-15
S04726,C049,2024-02-28
S08795,C002,2024-05-04
S05833,C035,2025-11-10
S00727,C015,2024-12-02
S07212,C022,2024-04-19
S00888,C022,2025-04-27
S01488,C044,2024-09-12
S00841,C002,2024-12-28
S06207,C031,2024-12-04
S04898,C011,2024-02-22
S07905,C024,2025-09-16
S05178,C008,2024-07-23
S02142,C007,2025-04-17
S08412,C020,2024-03-16
S03643,C003,2025-06-24
S07928,C044,2025-01-01
S01331,C044,2024-05-28
S01880,C016,2024-09-28
S01140,C001,2024-04-24
S04850,C024,2025-10-01
S01051,C031,2025-10-19
S07009,C012,2024-06-21
S04070,C030,2024-07-28
S06617,C010,2024-05-09
S09596,C005,2025-07-08
S09948,C012,2024-10-14
S08626,C044,2024-07-27
S03565,C043,2024-10-31
S00894,C042,2025-02-17
S07654,C023,2024-09-07
S06295,C047,2025-08-08
S01404,C039,2024-12-19
S01678,C018,2024-03-04
S05172,C003,2024-08-05
S05297,C009,2024-03-03
S08623,C003,2024-11-23
S04756,C025,2023-12-05
S09324,C041,2024-01-09
S04005,C022,2025-11-06
S04279,C009,2025-04-28
S04073,C015,2025-04-21
S01126,C034,2025-06-17
S03290,C040,2025-09-13
S08171,C017,2024-03-16
S03824,C041,2024-02-21
S03761,C048,2025-08-18
S00598,C004,2024-06-09
S06858,C006,2025-05-04
S02855,C034,2024-04-25
S01950,C017,2024-10-17
S08874,C033,2024-03-23
S01210,C025,2025-08-16
S05189,C010,2024-08-10
S01172,C036,2024-02-18
S01328,C027,2025-10-23
S08266,C041,2025-02-24
S09711,C008,2024-11-12
S04480,C036,2024-10-23
S06575,C010,2025-01-19
S06711,C037,2025-04-14
S09961,C028,2024-11-22
S07318,C025,2025-05-05
S04329,C040,2024-01-23
S00350,C005,2024-07-14
S03096,C045,2025-08-03
S04405,C011,2025-01-12
S02696,C043,2024-01-13
S00314,C030,2024-12-16
S01764,C049,2025-11-11
S05465,C020,2025-10-07
S01468,C023,2025-02-18
S02863,C041,2025-03-09
S05553,C048,2025-05-22
S04973,C047,2024-10-03
S05067,C026,2025-06-18
S01489,C006,2024-09-04
S04528,C011,2024-07-20
S02478,C022,2025-05-20
S01923,C032,2025-01-21
S04613,C043,2025-01-08
S04699,C027,2024-04-20
S01929,C012,2023-12-25
S03596,C007,2024-08-24
S00715,C030,2025-11-09
S04516,C045,2024-12-12
S01056,C002,2024-07-12
S01078,C037,2024-05-05
S04494,C031,2024-08-15
S08816,C026,2024-01-01
S09361,C012,2025-06-24
S09289,C027,2025-09-09
S06590,C011,2025-05-12
S09421,C041,2025-02-14
S08354,C038,2025-02-20
S00392,C042,2025-10-24
S00799,C037,2024-12-09
S01270,C046,2025-09-27
S08080,C048,2025-09-15
S05043,C036,2025-01-15
S07561,C035,2024-03-12
S06420,C003,2024-07-28
S03295,C039,2025-01-21
S01006,C034,2024-11-08
S06617,C036,2024-10-24
S05161,C049,2025-06-22
S08594,C029,2024-07-13
S01532,C022,2024-12-30
S09583,C034,2025-04-29
S00618,C045,2024-03-23
S04237,C016,2024-10-04
S05374,C005,2025-03-09
S03497,C040,2025-06-23
S09012,C044,2025-06-07
S08342,C021,2025-02-09
S05026,C049,2025-07-13
S01469,C032,2024-05-19
S05706,C029,2024-06-04
S07625,C043,2025-03-01
S07608,C013,2025-11-01
S07325,C050,2024-12-19
S04303,C022,2024-12-26
S00441,C023,2025-09-27
S03125,C029,2024-04-03
S06914,C030,2024-07-20
S06031,C016,2024-09-13
S04041,C028,2024-08-28
S00385,C050,2025-07-11
S09441,C013,2024-09-15
S00624,C022,2025-10-03
S08004,C041,2025-02-22
S02365,C025,2024-01-17
S00092,C025,2024-10-19
S04202,C016,2025-11-28
S01809,C027,2025-09-24
S00028,C012,2025-01-16
S00839,C036,2024-03-18
S04459,C018,2025-10-17
S07329,C019,2024-12-07
S06414,C029,2024-11-02
S01321,C027,2024-05-17
S05903,C037,2025-01-09
S04515,C007,2024-06-15
S06166,C007,2025-07-17
S06167,C045,2025-11-14
S06571,C046,2024-12-09
S01930,C030,2025-09-05
S01904,C048,2025-02-27
S04381,C038,2024-12-08
S01162,C040,2025-05-11
S00558,C033,2025-11-30
S05465,C043,2024-07-26
S07120,C048,2025-10-15
S06000,C023,2024-04-02
S01618,C030,2025-03-31
S02539,C014,2024-04-23
S00574,C050,2024-12-12
S09908,C037,2025-06-29
S08446,C016,2025-11-06
S07280,C002,2024-06-02
S07947,C009,2025-08-05
S02649,C023,2024-03-17
S07034,C039,2025-05-31
S07401,C021,2024-03-30
S07167,C033,2023-12-28
S01417,C040,2024-07-26
S08734,C007,2024-07-04
S03182,C039,2023-12-08
S09871,C006,2024-01-21
S08069,C017,2024-12-20
S00687,C030,2024-07-16
S09161,C021,2025-06-17
S07880,C024,2025-10-07
S03081,C012,2025-06-11
S08713,C045,2024-11-23
S00793,C050,2025-02-06
S04390,C040,2024-12-20
S07134,C034,2024-05-15
S02974,C004,2025-10-19
S07134,C004,2024-08-22
S05679,C047,2025-05-22
S09091,C014,2024-01-28
S01280,C003,2025-02-02
S03502,C033,2025-10-04
S05983,C010,2024-10-11
S09570,C001,2025-03-05
S07983,C042,2025-11-09
S01213,C002,2025-10-23
S08957,C005,2025-11-13
S05002,C033,2024-05-22
S07678,C023,2025-09-14
S07153,C010,2024-10-18
S02012,C018,2024-12-18
S02027,C012,2025-03-01
S08062,C032,2024-06-22
S06505,C025,2025-07-18
S06364,C002,2025-06-28
S01037,C020,2025-02-09
S06690,C029,2024-02-01
S04171,C008,2023-12-06
S08772,C006,2025-04-13
S02530,C050,2025-03-28
S04298,C014,2024-11-29
S04214,C023,2024-03-19
S05924,C022,2025-11-06
S00829,C018,2025-10-25
S03217,C045,2025-04-27
S06377,C045,2025-10-09
S00420,C032,2024-09-25
S08955,C015,2025-08-29
S03051,C042,2024-10-06
S09745,C003,2024-01-25
S07178,C015,2025-05-07
S08900,C030,2024-06-13
S05989,C029,2025-04-01
S06036,C035,2024-09-16
S09167,C029,2025-03-22
S09686,C034,2024-01-12
S08643,C003,2024-09-21
S05732,C028,2025-04-24
S02348,C048,2024-10-08
S06152,C012,2025-04-05
S06029,C033,2024-05-08
S07749,C028,2025-05-27
S03710,C020,2024-11-09
S07889,C035,2024-12-02
S09952,C023,2025-06-22
S07300,C011,2025-08-31
S01736,C031,2025-09-14
S09302,C010,2025-08-02
S06184,C040,2024-03-30
S04892,C001,2024-02-16
S08325,C032,2025-06-17
S04318,C019,2025-05-20
S06305,C050,2024-12-02
S09440,C026,2024-12-16
S07601,C008,2025-04-28
S09689,C044,2024-10-17
S00146,C012,2025-10-11
S04084,C005,2024-10-20
S04439,C025,2024-12-23
S04472,C049,2024-07-30
S01130,C009,2024-09-14
S06160,C044,2023-12-27
S01734,C049,2024-04-03
S02678,C039,2025-06-25
S06709,C033,2024-09-04
S03494,C038,2025-05-13
S04277,C038,2024-01-27
S09258,C002,2025-11-17
S00978,C027,2024-06-12
S05787,C009,2024-12-30
S05048,C036,2024-02-27
S07997,C037,2025-01-13
S07083,C026,2025-05-21
S00013,C001,2024-08-20
S09444,C049,2024-06-22
S02474,C049,2025-05-28
S02183,C017,2024-02-03
S05385,C030,2025-05-16
S02560,C004,2024-01-11
S09734,C026,2025-11-13
S00988,C004,2025-07-25
S00407,C036,2024-11-19
S03872,C013,2025-10-22
S06078,C045,2025-03-22
S07896,C049,2025-05-06
S03324,C025,2024-01-24
S07677,C049,2025-07-16
S02679,C034,2024-11-01
S06891,C011,2025-01-07
S09687,C029,2025-05-12
S07875,C023,2023-12-06
S07683,C044,2024-01-20
S08811,C025,2024-07-13
S03594,C029,2024-01-17
S05597,C005,2024-01-03
S04493,C030,2025-02-14
S02804,C010,2024-08-30
S05829,C021,2024-01-30
S06283,C011,2024-02-09
S02478,C011,2025-02-03
S05283,C007,2025-04-11
S07035,C031,2025-11-26
S07825,C013,2025-01-03
S08004,C013,2025-11-07
S01348,C008,2025-10-16
S09964,C028,2025-11-15
S05904,C005,2024-03-18
S01754,C042,2024-02-13
S08219,C027,2025-08-21
S01125,C030,2025-05-21
S04682,C019,2025-01-02
S06441,C036,2024-10-06
S01689,C040,2023-12-27
S03222,C015,2024-04-06
S05139,C033,2025-06-09
S03119,C011,2025-02-11
S07212,C035,2024-06-24
S00417,C047,2025-01-26
S02310,C039,2023-12-29
S07769,C033,2025-04-03
S05662,C001,2024-01-27
S08842,C011,2025-07-31
S07967,C026,2025-06-28
S07962,C028,2025-04-15
S01333,C004,2024-02-02
S04244,C042,2025-11-19
S02628,C029,2025-10-23
S04399,C046,2023-12-16
S00156,C007,2024-12-06
S05960,C029,2025-10-15
S00019,C005,2025-04-28
S03264,C033,2025-04-05
S06927,C048,2024-10-29
S09406,C045,2024-03-25
S06006,C019,2024-08-04
S01085,C028,2025-04-27
S09728,C047,2025-10-26
S04942,C014,2024-10-26
S08555,C037,2024-06-17
S01198,C005,2025-09-26
S02472,C041,2024-10-15
S04325,C043,2025-01-26
S09241,C031,2025-01-26
S00614,C007,2024-05-11
S09057,C024,2025-09-02
S08528,C019,2024-02-15
S04560,C009,2024-04-25
S09728,C049,2025-02-09
S02770,C047,2025-11-05
S02821,C014,2024-08-11
S01085,C026,2025-03-10
S08064,C003,2024-06-28
S03426,C015,2024-11-09
S01151,C028,2025-05-10
S07568,C025,2024-01-19
S01941,C046,2025-10-09
S07756,C018,2024-06-02
S05336,C016,2025-04-21
S00864,C001,2024-11-09
S00606,C047,2024-05-13
S04883,C011,2025-10-09
S09670,C011,2025-09-07
S08074,C025,2025-10-25
S02166,C050,2024-07-08
S01133,C036,2024-04-01
S09119,C013,2024-09-18
S02991,C016,2025-07-20
S09417,C008,2024-05-25
S08524,C048,2024-07-14
S05339,C017,2024-06-12
S06962,C019,2024-10-27
S06629,C042,2025-11-21
S06607,C001,2024-04-22
S03248,C039,2024-02-02
S03030,C028,2025-09-20
S06543,C012,2024-02-15
S04853,C006,2025-09-18
S05699,C025,2025-04-01
S00117,C048,2025-02-13
S01477,C028,2025-04-07
S09360,C015,2025-11-24
S07460,C020,2025-08-17
S02134,C049,2025-08-12
S05002,C041,2024-11-13
S07816,C026,2024-07-03
S04065,C028,2025-04-02
S07719,C023,2024-04-06
S00291,C005,2025-10-11
S08196,C040,2025-05-23
S04527,C044,2024-02-16
S02276,C039,2025-07-14
S07454,C013,2025-09-09
S00660,C022,2025-05-20
S03952,C016,2024-02-12
S01755,C022,2024-08-19
S04877,C031,2025-01-10
S06859,C045,2024-12-12
S06297,C004,2023-12-22
S00458,C004,2024-01-25
S07895,C018,2024-09-11
S04074,C038,2025-04-03
S05738,C045,2025-09-24
S06842,C018,2024-08-23
S00862,C008,2024-08-08
S05333,C041,2023-12-17
S04532,C001,2025-05-27
S02350,C038,2024-08-16
S07098,C007,2024-01-05
S02969,C010,2025-07-31
S05980,C015,2024-01-12
S04209,C046,2024-05-26
S07595,C021,2024-12-05
S03030,C048,2025-10-19
S04594,C033,2025-02-22
S02009,C029,2025-06-25
S06786,C048,2024-06-01
S03069,C044,2024-05-01
S06798,C027,2025-10-19
S04959,C003,2024-01-20
S02858,C037,2025-10-04
S04279,C021,2025-01-03
S02583,C029,2024-09-23
S03546,C015,2025-04-03
S01349,C031,2024-11-24
S08183,C045,2024-10-22
S02072,C022,2024-02-24
S03189,C031,2024-02-04
S08755,C027,2025-01-14
S01507,C013,2025-10-29
S08620,C033,2023-12-14
S04942,C009,2025-01-09
S07921,C032,2025-03-01
S02693,C050,2024-04-20
S00275,C025,2024-11-25
S07919,C045,2025-04-19
S04037,C005,2025-10-09
S00998,C045,2023-12-21
S09033,C025,2024-07-23
S07036,C025,2024-01-04
S01315,C044,2024-11-18
S02703,C035,2024-01-06
S06719,C009,2023-12-14
S05641,C001,2025-01-23
S01734,C040,2024-10-05
S01857,C022,2025-06-06
S09693,C021,2024-01-19
S02041,C009,2025-11-10
S00870,C030,2024-04-22
S05415,C030,2024-04-18
S07997,C016,2024-03-24
S04690,C017,2024-12-23
S06059,C006,2024-12-28
S01300,C038,2023-12-12
S07668,C031,2025-10-02
S07370,C022,2024-11-20
S01799,C028,2025-03-07
S03240,C027,2024-09-04
S01565,C045,2025-07-29
S09594,C006,2024-02-02
S00646,C033,2025-09-04
S06467,C005,2025-01-01
S09955,C007,2024-04-27
S04248,C019,2025-10-20
S05101,C036,2024-02-17
S07439,C048,2025-09-14
S00896,C005,2025-05-17
S03785,C010,2024-05-17
S03757,C013,2024-02-26
S07114,C025,2025-04-29
S01722,C011,2025-11-29
S06448,C045,2024-09-15
S03919,C007,2025-01-16
S01707,C018,2025-01-08
S03432,C032,2024-09-24
S06568,C022,2024-02-08
S01530,C038,2025-05-16
S04840,C002,2024-05-07
S02933,C024,2025-02-10
S06024,C049,2024-01-19
S09963,C049,2025-02-17
S02252,C008,2024-12-07
S03082,C036,2024-12-15
S04917,C006,2025-06-16
S08790,C029,2024-04-28
S06392,C012,2024-11-16
S09208,C013,2024-08-27
S05089,C038,2024-06-15
S05033,C041,2024-10-16
S09305,C046,2024-07-20
S02529,C015,2025-11-02
S05225,C017,2025-02-07
S09122,C012,2024-06-19
S02044,C016,2024-08-24
S00927,C003,2024-08-31
S08813,C040,2024-09-22
S09039,C014,2025-04-17
S00786,C046,2025-07-13
S07473,C031,2024-06-24
S04748,C016,2024-12-27
S03815,C037,2024-02-15
S03517,C035,2025-05-06
S04870,C004,2025-07-13
S09777,C046,2025-06-20
S03037,C041,2024-08-12
S00112,C043,2025-09-18
S09754,C045,2024-02-17
S00130,C029,2024-12-02
S06378,C049,2023-12-17
S00376,C029,2025-01-25
S03843,C028,2025-08-10
S01093,C041,2025-11-03
S06675,C012,2024-12-30
S09107,C014,2024-07-11
S01877,C030,2024-02-22
S09397,C029,2024-03-25
S06416,C016,2025-04-28
S08131,C027,2024-07-13
S05359,C035,2024-07-23
S02981,C041,2025-07-24
S00938,C019,2025-06-25
S07004,C009,2025-11-21
S08414,C011,2024-09-22
S02766,C028,2024-08-13
S09449,C029,2025-04-22
S02095,C034,2024-07-11
S08709,C019,2025-07-04
S08572,C035,2025-04-06
S04694,C049,2024-07-19
S08971,C022,2025-03-31
S06018,C044,2024-02-03
S09953,C035,2024-08-02
S02571,C005,2024-12-15
S04603,C018,2025-05-26
S02325,C046,2025-04-21
S04573,C019,2024-03-06
S01626,C012,2024-07-08
S06204,C031,2025-04-27
S06834,C047,2025-01-11
S03734,C045,2024-11-24
S05958,C038,2025-11-18
S09963,C039,2025-03-16
S00093,C038,2025-03-22
S03051,C050,2025-10-23
S06944,C031,2025-05-03
S03372,C037,2024-02-20
S04338,C021,2024-05-30
S09218,C006,2025-09-20
S02591,C021,2025-05-26
S08543,C044,2025-02-13
S06857,C019,2024-10-04
S03200,C036,2024-10-06
S00054,C009,2025-09-22
S05664,C012,2024-05-16
S07156,C023,2025-02-06
S08880,C025,2025-03-31
S05709,C005,2024-12-01
S03075,C040,2024-09-04
S01090,C004,2025-03-19
S07558,C036,2025-03-10
S04134,C035,2024-08-19
S05511,C010,2025-06-11
S09194,C015,2025-03-31
S01965,C008,2025-07-31
S05190,C002,2024-03-19
S00694,C013,2025-05-17
S00731,C045,2025-01-16
S07492,C028,2025-01-26
S07303,C041,2024-11-10
S06832,C012,2024-04-24
S08990,C025,2024-07-27
S06199,C025,2024-01-30
S01602,C042,2025-09-25
S06994,C029,2025-03-07
S00328,C046,2024-09-10
S04304,C010,2025-05-07
S09220,C007,2024-09-13
S00171,C039,2025-02-25
S04467,C020,2024-02-17
S08452,C037,2025-08-08
S00450,C024,2025-03-09
S08466,C026,2025-11-16
S00675,C040,2025-09-23
S03294,C041,2025-02-21
S02208,C028,2024-08-26
S06152,C046,2025-09-30
S01779,C012,2024-07-15
S03859,C033,2024-06-24
S00025,C004,2025-02-03
S02234,C044,2025-05-18
S08672,C037,2024-01-07
S09371,C005,2024-12-19
S04268,C034,2024-08-26
S05749,C001,2025-08-25
S01623,C023,2025-07-30
S03284,C046,2024-04-23
S00843,C005,2024-09-09
S04143,C035,2025-08-19
S01517,C030,2024-02-19
S01193,C038,2025-01-22
S07641,C007,2025-01-22
S04462,C025,2025-10-18
S08929,C031,2024-06-14
S00244,C016,2023-12-12
S08413,C047,2025-09-24
S04508,C014,2024-02-25
S05173,C022,2024-05-31
S01008,C047,2025-02-18
S01731,C029,2024-06-02
S07299,C030,2024-08-07
S07148,C041,2025-03-17
S03851,C030,2025-10-19
S05672,C009,2025-02-11
S02650,C027,2025-08-03
S04933,C002,2023-12-23
S05697,C002,2024-05-16
S03820,C015,2024-04-17
S06427,C046,2025-03-29
S02895,C008,2024-11-28
S04128,C029,2025-05-30
S08479,C003,2024-09-29
S04356,C050,2024-01-02
S00045,C038,2025-01-21
S06806,C012,2025-05-25
S02537,C041,2024-01-02
S08993,C031,2024-04-22
S01068,C026,2025-11-08
S05079,C039,2024-08-02
S06452,C032,2025-05-19
S08751,C014,2025-05-20
S06839,C047,2024-09-14
S06609,C008,2025-06-10
S08848,C019,2024-04-10
S05829,C010,2024-11-14
S07531,C034,2024-03-17
S07046,C046,2024-02-20
S00199,C044,2024-04-08
S03056,C010,2024-07-31
S07038,C030,2025-08-18
S08158,C027,2025-10-11
S00536,C031,2024-05-31
S07578,C019,2025-03-25
S06176,C042,2023-12-08
S08706,C029,2024-04-17
S08035,C010,2024-07-23
S04089,C022,2024-07-29
S06478,C008,2024-08-29
S06874,C010,2024-01-27
S02060,C039,2025-11-17
S07501,C019,2024-12-27
S07331,C038,2025-11-20
S01498,C031,2025-02-08
S03654,C008,2025-02-22
S03054,C031,2025-07-16
S01134,C001,2025-10-20
S00134,C007,2025-10-27
S08454,C029,2025-10-25
S05966,C034,2024-12-29
S02002,C016,2025-08-04
S01482,C030,2024-09-11
S03980,C008,2025-03-13
S08009,C032,2024-05-13
S07657,C006,2024-03-24
S01767,C038,2024-05-13
S04600,C011,2024-04-17
S02185,C024,2025-11-12
S02648,C043,2024-02-26
S04100,C022,2024-06-15
S04188,C019,2024-07-28
S06396,C011,2025-04-04
S04282,C024,2025-10-31
S07785,C029,2025-06-02
S00139,C007,2023-12-12
S09835,C014,2024-04-17
S02258,C041,2024-03-30
S00155,C006,2024-09-25
S07958,C036,2025-07-16
S02369,C040,2024-01-28
S00602,C046,2024-12-03
S00980,C011,2025-10-02
S09093,C005,2025-01-18
S04478,C006,2024-04-26
S05901,C048,2024-05-07
S00012,C033,2025-11-26
S08580,C023,2025-03-24
S02304,C041,2024-03-18
S09104,C036,2025-09-28
S00517,C046,2025-08-22
S08477,C016,2024-04-15
S01142,C003,2025-09-07
S00853,C033,2024-12-04
S09371,C008,2023-12-17
S03497,C050,2025-05-17
S09453,C040,2024-12-13
S02940,C042,2024-08-11
S02923,C012,2024-04-15
S07881,C025,2024-04-07
S00542,C005,2025-01-04
S02857,C028,2025-09-20
S03771,C016,2023-12-15
S02573,C035,2024-01-07
S08912,C049,2024-09-16
S00447,C020,2024-03-22
S06335,C007,2024-09-12
S06207,C004,2025-05-19
S03612,C044,2025-02-05
S08652,C010,2024-02-11
S02824,C049,2024-08-21
S08796,C025,2024-02-14
S02842,C003,2024-09-25
S09096,C037,2024-09-12
S06645,C018,2024-01-16
S08859,C015,2025-05-31
S02892,C039,2024-07-21
S03676,C038,2025-02-12
S06756,C040,2025-07-07
S00082,C015,2024-11-08
S07345,C044,2024-02-11
S02654,C003,2025-10-04
S01641,C012,2024-08-17
S04818,C001,2025-04-12
S04299,C040,2025-05-16
S08118,C021,2024-04-19
S09253,C026,2024-05-22
S08352,C033,2025-07-17
S00936,C004,2024-03-25
S04029,C007,2024-01-03
S06515,C011,2025-01-28
S05978,C002,2025-04-17
S05167,C031,2025-02-28
S01649,C050,2025-08-23
S04495,C013,2023-12-14
S08603,C017,2025-05-18
S08894,C042,2025-10-23
S01101,C001,2024-12-27
S01758,C013,2024-01-09
S09539,C009,2025-09-02
S08396,C013,2025-10-23
S07028,C025,2024-09-16
S08621,C007,2025-09-06
S01118,C001,2025-11-21
S08926,C043,2025-07-31
S05097,C019,2025-08-20
S00335,C049,2025-02-07
S09148,C050,2023-12-28
S05510,C027,2024-11-01
S07954,C010,2024-08-25
S05258,C034,2025-07-10
S09727,C011,2024-07-22
S03588,C050,2025-10-24
S00849,C010,2025-10-30
S08725,C050,2024-05-23
S02746,C010,2024-08-02
S09978,C044,2025-01-09
S06517,C024,2025-09-26
S05525,C037,2025-11-10
S02644,C020,2025-08-16
S08736,C005,2025-05-23
S00556,C049,2025-05-04
S06156,C009,2025-06-14
S07292,C034,2025-04-23
S03540,C004,2025-10-16
S05638,C032,2024-01-20
S05010,C030,2025-09-14
S01782,C001,2024-10-20
S02829,C004,2025-04-07
S05001,C016,2024-09-02
S09196,C042,2024-08-15
S03103,C027,2025-11-09
S07165,C022,2025-03-28
S09156,C020,2024-07-20
S04050,C025,2025-02-14
S00100,C036,2025-10-11
S06601,C035,2025-03-18
S03553,C012,2025-08-13
S02409,C016,2024-05-07
S08266,C032,2024-10-18
S06361,C037,2025-03-07
S07469,C043,2024-07-01
S06852,C049,2023-12-11
S01966,C036,2025-01-19
S04226,C045,2025-08-05
S08146,C006,2025-04-11
S09824,C027,2024-07-17
S07501,C021,2025-11-30
S01085,C030,2024-02-02
S02236,C038,2024-08-26
S02505,C014,2024-06-01
S07941,C027,2025-04-03
S08354,C037,2025-06-06
S02605,C044,2024-02-15
S06086,C044,2024-04-05
S02710,C031,2025-09-10
S03606,C009,2025-01-30
S06563,C030,2024-04-29
S06745,C010,2025-08-31
S09327,C013,2024-08-21
S07833,C036,2024-02-04
S02604,C013,2024-08-10
S07301,C027,2025-02-02
S07519,C003,2023-12-07
S00514,C012,2025-01-31
S06214,C007,2025-05-22
S04198,C047,2024-09-15
S01641,C003,2024-12-09
S08252,C001,2025-02-14
S07799,C009,2024-07-19
S09156,C012,2025-02-25
S00569,C018,2025-08-12
S03146,C021,2025-05-07
S06851,C005,2024-06-04
S00266,C002,2025-08-10
S03090,C023,2024-01-29
S01769,C033,2025-06-26
S08021,C004,2024-02-24
S00157,C016,2023-12-24
S06345,C027,2024-06-12
S09973,C022,2024-09-21
S03233,C021,2024-07-13
S03154,C023,2025-01-31
S02462,C023,2025-11-03
S03699,C036,2025-01-19
S04594,C031,2024-04-12
S02539,C005,2024-02-29
S09572,C004,2025-05-31
S01097,C010,2024-11-26
S01046,C014,2025-06-01
S09311,C016,2024-09-22
S02980,C039,2024-03-26
S04748,C002,2024-08-07
S08233,C047,2024-05-17
S08833,C013,2025-11-17
S09257,C004,2025-09-03
S00953,C028,2025-09-11
S04947,C029,2024-12-04
S09577,C021,2024-04-04
S01599,C012,2025-04-18
S06606,C038,2024-12-18
S06488,C039,2025-01-06
S03992,C029,2023-12-30
S01398,C001,2025-03-27
S01077,C021,2024-07-20
S07459,C015,2024-06-14
S07092,C033,2025-10-14
S09064,C020,2024-12-18
S03750,C032,2024-06-11
S07889,C019,2024-05-01
S03919,C039,2024-03-20
S05431,C031,2025-11-25
S03847,C034,2024-01-06
S06973,C019,2024-04-19
S04450,C011,2025-09-30
S09368,C024,2025-06-23
S04545,C043,2025-04-12
S08836,C027,2024-10-25
S07043,C048,2024-08-02
S02729,C015,2024-07-17
S07014,C015,2024-03-04
S04602,C005,2025-05-11
S09778,C028,2024-06-19
S01741,C020,2025-03-22
S08710,C018,2025-06-12
S01711,C011,2025-06-04
S03070,C004,2025-04-29
S08224,C039,2024-05-08
S02377,C001,2025-10-11
S07321,C039,2025-08-26
S04558,C024,2024-09-16
S02888,C011,2024-04-14
S05764,C011,2024-02-28
S00548,C026,2024-11-28
S09428,C037,2024-08-29
S05791,C048,2025-07-27
S06028,C027,2024-12-11
S02173,C004,2024-05-26
S09615,C030,2024-04-19
S05093,C042,2024-09-16
S05576,C003,2025-02-23
S01498,C039,2024-06-02
S00879,C035,2024-07-28
S06691,C001,2025-09-10
S00008,C034,2025-09-10
S09235,C011,2025-10-27
S01006,C009,2024-11-04
S07901,C015,2025-08-24
S01949,C039,2024-03-18
S00626,C012,2024-03-09
S03750,C014,2024-03-14
S08932,C011,2024-03-09
S02617,C014,2024-08-04
S01784,C009,2025-02-28
S00221,C041,2024-09-26
S06695,C035,2024-08-23
S05842,C027,2024-03-06
S07684,C018,2024-10-13
S05582,C042,2025-08-29
S08679,C028,2024-08-12
S00293,C018,2025-02-24
S02946,C035,2025-05-31
S03900,C008,2025-10-13
S03886,C008,2024-03-26
S04771,C003,2025-03-13
S00521,C050,2025-09-02
S01810,C046,2025-08-01
S08077,C036,2025-01-13
S07176,C010,2024-06-28
S01476,C006,2024-07-24
S07037,C009,2025-06-24
S04532,C028,2025-10-11
S06244,C022,2025-03-02
S02256,C011,2024-01-10
S05960,C042,2024-01-18
S07100,C049,2024-12-03
S08182,C022,2025-06-23
S07599,C003,2025-01-17
S00475,C011,2025-06-25
S03856,C047,2025-05-18
S07921,C041,2025-08-23
S06232,C027,2025-02-17
S05961,C022,2024-08-08
S04367,C030,2024-02-21
S03156,C011,2024-05-12
S09840,C007,2024-09-24
S05991,C035,2025-06-01
S08504,C026,2024-10-15
S06559,C041,2024-08-09
S05000,C003,2025-07-19
S06658,C034,2023-12-13
S00040,C040,2024-11-19
S02038,C026,2024-04-23
S04482,C032,2025-04-29
S00617,C050,2023-12-10
S01589,C044,2025-02-26
S02151,C027,2025-06-12
S04585,C043,2025-01-30
S03787,C045,2024-05-19
S04967,C008,2025-02-08
S08297,C002,2025-04-22
S05145,C047,2025-05-11
S00691,C001,2024-07-01
S00986,C010,2024-04-01
S03497,C004,2024-04-04
S06232,C006,2024-10-15
S02118,C002,2024-06-18
S06598,C033,2024-06-22
S01470,C023,2024-10-16
S00932,C016,2024-01-05
S02171,C046,2024-08-18
S08738,C050,2025-11-04
S03954,C012,2024-07-08
S01190,C034,2024-05-13
S06768,C011,2025-11-15
S07726,C040,2024-01-17
S02578,C022,2025-06-06
S06566,C041,2025-10-29
S00421,C005,2024-06-15
S09698,C028,2024-04-05
S04435,C025,2025-11-07
S09864,C026,2025-06-09
S06320,C037,2024-05-18
S09867,C020,2024-01-07
S04354,C029,2024-05-16
S01844,C025,2025-04-28
S03769,C004,2024-05-28
S03746,C034,2025-06-18
S03525,C017,2024-11-07
S01546,C010,2025-11-11
S05556,C034,2025-06-12
S08432,C017,2024-05-23
S08758,C009,2024-04-03
S09794,C026,2025-07-14
S06243,C003,2024-05-28
S05480,C029,2025-11-01
S00631,C010,2025-12-02
S06627,C003,2025-09-01
S00765,C047,2024-05-02
S03936,C040,2024-10-27
S07106,C028,2025-04-23
S06683,C010,2023-12-20
S07932,C023,2025-06-25
S00671,C014,2024-12-03
S05790,C010,2025-06-08
S07807,C034,2024-03-06
S07180,C004,2024-08-15
S06251,C039,2025-01-18
S00752,C048,2024-08-10
S06254,C040,2025-05-21
S08816,C045,2024-05-16
S04415,C010,2025-10-12
S08122,C004,2024-10-14
S08995,C024,2024-11-11
S05295,C009,2024-11-23
S08454,C015,2025-03-31
S00487,C045,2024-03-09
S06390,C025,2024-03-01
S06324,C003,2024-03-21
S07835,C038,2024-06-14
S04972,C048,2025-05-10
S05831,C021,2025-02-20
S08363,C044,2025-04-19
S04528,C030,2025-07-23
S05617,C042,2024-11-06
S09416,C039,2024-05-20
S07245,C017,2025-04-27
S00459,C008,2025-10-02
S09249,C006,2025-06-23
S00660,C030,2024-12-29
S06980,C024,2025-07-17
S08347,C003,2025-06-13
S06251,C007,2024-06-07
S08070,C034,2024-11-20
S06641,C030,2024-09-27
S04155,C004,2025-11-05
S00448,C029,2024-03-20
S09820,C045,2025-08-26
S02567,C045,2024-08-25
S06278,C040,2025-01-03
S09069,C037,2023-12-26
S02071,C034,2025-09-01
S03118,C002,2025-06-05
S03161,C048,2025-10-27
S03818,C035,2025-06-24
S09501,C026,2024-02-05
S00650,C022,2025-08-05
S02134,C017,2025-08-22
S08248,C005,2025-04-02
S04826,C048,2024-01-30
S04744,C010,2024-06-20
S01294,C033,2024-03-29
S00243,C024,2025-01-13
S06455,C030,2025-07-28
S08403,C015,2025-08-04
S04037,C023,2024-01-13
S07499,C011,2025-07-06
S02106,C029,2024-11-28
S06146,C029,2024-09-08
S04604,C044,2025-03-07
S03555,C035,2025-11-14
S04410,C039,2025-04-14
S07197,C022,2024-07-20
S09054,C007,2024-10-23
S05408,C010,2025-04-20
S08498,C002,2025-02-10
S08402,C040,2024-12-21
S05782,C041,2024-11-25
S00184,C018,2024-11-08
S00621,C014,2024-01-26
S01316,C023,2025-08-02
S06375,C028,2025-10-13
S03724,C030,2024-04-30
S02037,C041,2024-04-06
S07747,C046,2024-03-24
S07029,C024,2024-03-04
S03550,C008,2025-05-02
S03041,C034,2024-02-03
S06564,C011,2024-07-22
S09991,C031,2025-03-15
S06196,C020,2024-08-24
S00459,C003,2024-05-14
S06835,C031,2024-11-19
S00943,C046,2024-08-05
S04470,C021,2025-07-25
S05157,C018,2025-11-20
S03047,C028,2025-07-23
S05363,C013,2024-06-15
S06628,C002,2024-08-18
S06633,C048,2025-01-10
S04051,C041,2024-04-18
S05723,C026,2024-05-15
S07172,C025,2025-05-23
S01793,C023,2025-03-19
S04523,C028,2024-07-02
S02842,C016,2024-01-03
S04530,C014,2025-08-07
S00169,C047,2025-06-03
S05452,C020,2024-05-30
S05935,C027,2025-11-06
S01713,C007,2025-09-03
S01042,C023,2025-09-24
S06841,C028,2024-04-15
S03072,C003,2024-06-14
S09782,C047,2024-06-03
S06437,C018,2024-02-18
S08153,C014,2025-03-28
S01699,C044,2024-12-18
S05923,C046,2024-11-04
S03146,C013,2025-02-13
S00774,C036,2023-12-08
S05113,C029,2024-01-18
S02799,C012,2024-05-14
S02924,C041,2024-11-08
S02916,C039,2025-05-16
S02090,C029,2024-07-17
S03686,C015,2025-06-03
S00161,C022,2024-06-27
S09786,C027,2024-01-30
S08379,C040,2024-06-23
S07583,C012,2024-08-12
S07989,C021,2025-09-14
S01280,C037,2024-09-13
S08741,C002,2025-12-04
S04236,C003,2024-05-25
S03960,C041,2024-02-12
S01023,C049,2024-01-12
S08174,C015,2024-09-21
S09468,C005,2024-08-19
S06630,C033,2024-07-25
S06427,C011,2025-09-28
S04378,C013,2024-01-02
S00559,C049,2025-11-13
S04257,C013,2024-08-01
S07885,C015,2025-03-03
S08150,C046,2024-05-30
S02705,C023,2025-10-28
S01598,C035,2024-09-28
S01641,C049,2025-04-23
S04979,C047,2024-05-10
S08616,C027,2024-03-24
S09978,C036,2025-07-27
S07132,C037,2024-01-14
S02522,C001,2025-08-04
S09913,C021,2024-01-11
S00310,C004,2025-05-09
S08549,C045,2024-08-02
S00354,C017,2024-05-09
S03062,C016,2024-09-01
S03947,C041,2025-05-17
S08695,C033,2025-10-06
S04210,C020,2025-04-20
S00183,C049,2025-05-16
S06465,C010,2025-03-05
S02494,C047,2025-11-27
S00219,C014,2024-06-13
S05057,C031,2024-06-16
S06488,C021,2025-07-16
S05912,C007,2024-12-24
S09710,C020,2025-06-08
S04312,C046,2025-02-01
S03058,C042,2024-03-29
S00980,C045,2024-09-14
S06506,C039,2025-02-01
S04639,C041,2024-03-17
S02683,C002,2024-02-11
S08716,C047,2024-05-01
S03820,C044,2025-11-11
S07070,C023,2024-12-07
S00646,C023,2024-11-07
S01797,C002,2024-12-17
S09523,C004,2025-03-16
S08239,C022,2025-01-09
S00885,C014,2024-09-28
S01578,C040,2024-04-19
S02150,C023,2025-04-15
S04807,C035,2024-01-21
S03408,C026,2025-06-23
S07355,C030,2024-11-29
S05086,C036,2024-10-19
S04032,C030,2025-07-07
S03485,C044,2024-12-18
S06634,C023,2025-09-10
S02936,C015,2025-07-24
S01146,C037,2024-07-30
S01264,C014,2025-02-11
S09443,C048,2024-10-05
S06136,C011,2025-02-12
S04194,C023,2024-02-21
S08383,C021,2025-08-19
S02585,C034,2024-05-14
S03794,C033,2024-11-18
S09881,C009,2024-10-22
S07655,C044,2024-01-16
S04709,C019,2024-11-10
S00991,C035,2025-07-04
S07579,C025,2025-03-18
S03934,C041,2025-11-07
S04331,C014,2025-11-19
S02664,C034,2025-04-15
S00804,C005,2024-04-07
S09074,C006,2024-12-10
S04377,C010,2025-12-02
S05324,C043,2025-10-13
S07926,C049,2024-01-28
S01490,C041,2025-03-28
S09624,C042,2024-01-22
S01518,C050,2025-02-23
S03399,C044,2025-09-23
S00992,C032,2024-11-24
S02345,C025,2025-10-27
S05257,C026,2025-08-23
S06028,C028,2023-12-13
S08224,C039,2023-12-31
S09114,C046,2024-03-21
S05109,C012,2025-05-03
S01564,C024,2024-02-24
S08056,C038,2024-02-18
S06330,C037,2024-03-20
S05926,C037,2025-06-05
S07557,C044,2025-10-08
S07421,C024,2024-08-07
S08306,C009,2024-08-05
S08774,C035,2024-08-06
S06110,C013,2025-07-12
S02598,C039,2024-02-29
S02678,C031,2024-11-16
S01475,C037,2024-07-07
S01838,C009,2025-02-02
S09049,C030,2024-02-03
S03535,C022,2025-06-21
S05096,C003,2025-04-10
S03693,C039,2024-09-08
S05753,C043,2025-03-09
S01573,C047,2025-01-28
S04205,C019,2025-10-29
S06703,C036,2025-02-15
S03565,C014,2024-04-30
S03362,C011,2025-08-02
S03158,C012,2025-09-17
S02817,C046,2024-10-21
S09593,C021,2025-05-29
S02840,C021,2023-12-25
S08565,C036,2025-04-16
S03806,C027,2024-03-04
S06699,C038,2024-03-18
S09061,C020,2024-04-30
S04085,C011,2024-04-26
S07917,C028,2024-04-15
S01194,C028,2024-07-31
S07249,C050,2025-01-20
S08453,C031,2025-04-14
S07271,C044,2024-12-25
S04038,C036,2024-03-25
S08924,C046,2024-08-15
S03120,C047,2025-10-08
S05511,C046,2025-01-09
S05661,C048,2025-12-02
S05113,C005,2025-03-10
S00968,C035,2025-10-01
S00491,C016,2024-07-28
S09124,C023,2025-06-12
S00780,C023,2025-07-28
S07912,C037,2025-07-17
S08499,C029,2024-08-19
S04793,C048,2024-05-17
S07028,C016,2025-01-07
S07388,C031,2025-09-21
S07406,C006,2024-05-17
S05062,C028,2024-01-20
S05011,C027,2025-10-08
S05085,C035,2024-06-28
S02694,C018,2025-03-06
S09502,C017,2024-10-01
S01451,C035,2023-12-23
S08711,C018,2025-08-28
S02473,C027,2024-09-03
S09471,C037,2024-09-15
S03000,C031,2025-01-19
S03130,C003,2024-12-05
S03538,C010,2024-05-17
S04148,C049,2024-09-16
S04163,C037,2025-07-01
S03534,C025,2025-09-25
S00272,C028,2025-08-12
S01836,C024,2024-07-11
S09577,C030,2025-04-16
S01830,C034,2024-09-09
S05132,C046,2024-06-02
S06251,C039,2024-06-26
S00145,C016,2025-02-21
S00507,C039,2024-06-16
S05749,C012,2025-11-28
S09045,C031,2025-11-27
S04170,C007,2025-02-20
S03686,C042,2025-12-04
S07584,C023,2024-02-09
S01981,C009,2025-07-07
S06148,C044,2024-11-20
S00520,C028,2024-09-12
S07193,C037,2025-02-09
S05362,C012,2024-03-29
S04099,C038,2024-03-19
S06238,C014,2025-08-07
S03434,C004,2025-11-29
S08573,C024,2025-09-12
S06549,C041,2024-01-12
S00411,C018,2025-05-11
S02996,C015,2025-02-20
S00089,C049,2024-06-02
S05007,C008,2025-04-26
S04544,C029,2024-07-23
S02639,C027,2024-07-13
S04336,C002,2024-04-21
S09272,C011,2025-03-26
S06103,C045,2025-01-05
S07357,C032,2025-06-07
S03156,C029,2024-08-10
S00893,C023,2025-02-27
S07648,C002,2025-06-11
S04510,C012,2025-01-08
S00396,C042,2025-07-04
S05256,C027,2025-06-07
S01727,C015,2025-07-29
S09592,C005,2024-09-08
S00337,C005,2025-09-05
S00774,C043,2025-03-09
S02909,C012,2025-02-05
S02103,C025,2024-07-02
S08638,C036,2025-04-30
S03515,C015,2024-12-09
S06726,C024,2025-10-04
S08972,C004,2025-01-29
S09071,C022,2024-08-08
S07873,C024,2025-05-07
S05631,C050,2025-10-17
S06885,C021,2025-05-07
S07837,C002,2024-03-06
S06938,C007,2024-03-01
S09799,C018,2024-11-11
S04613,C013,2024-11-21
S03352,C037,2024-04-07
S00800,C030,2025-07-15
S05557,C045,2024-08-14
S00418,C014,2025-08-12
S03906,C002,2025-09-11
S02753,C038,2025-10-30
S04346,C033,2024-12-18
S00417,C026,2024-01-22
S04867,C040,2024-09-01
S09364,C044,2024-01-03
S03067,C037,2025-03-18
S00668,C040,2025-05-23
S06643,C045,2024-01-07
S09980,C027,2024-11-29
S06490,C019,2025-08-17
S02270,C001,2024-01-09
S07646,C046,2025-02-06
S05839,C021,2025-05-10
S07791,C015,2025-06-20
S07759,C007,2025-07-22
S02062,C046,2025-04-18
S05610,C007,2024-07-24
S02541,C006,2024-12-19
S00720,C049,2025-02-06
S07591,C048,2025-06-28
S09624,C010,2024-07-17
S00648,C019,2025-06-12
S06727,C009,2025-06-09
S08005,C028,2024-07-16
S07523,C012,2025-07-10
S09695,C042,2024-02-27
S00240,C029,2025-05-01
S04005,C046,2025-10-03
S04370,C021,2024-12-16
S09526,C022,2025-03-22
S09682,C033,2024-01-08
S09619,C025,2024-08-03
S01926,C049,2024-04-13
S00291,C018,2024-12-23
S04817,C017,2025-11-10
S05911,C020,2024-07-08
S06765,C043,2024-01-03
S00408,C037,2025-09-06
S09316,C040,2025-10-19
S08082,C047,2025-09-13
S07516,C022,2023-12-28
S05069,C039,2025-08-25
S09559,C033,2024-10-04
S00456,C007,2025-08-25
S02628,C006,2025-02-13
S00727,C036,2025-06-02
S02031,C032,2025-05-07
S01540,C037,2024-01-06
S05628,C034,2024-08-12
S00219,C027,2025-03-29
S04210,C014,2024-05-15
S04421,C021,2024-04-04
S00820,C013,2024-09-30
S02480,C024,2024-10-18
S00154,C002,2024-03-03
S09394,C003,2025-07-10
S00181,C002,2024-01-28
S07451,C011,2025-03-15
S01077,C050,2024-08-31
S01549,C035,2025-03-17
S07341,C034,2024-10-26
S02677,C032,2025-05-12
S09752,C015,2024-10-30
S06718,C034,2025-02-08
S03266,C022,2024-05-20
S08920,C006,2023-12-20
S07165,C049,2025-09-15
S09642,C005,2025-04-10
S09894,C037,2025-01-01
S07249,C028,2025-11-03
S07769,C004,2024-07-09
S07016,C027,2024-02-12
S06083,C047,2024-07-08
S04054,C007,2024-08-21
S06544,C044,2024-12-31
S02625,C002,2024-09-10
S07780,C050,2024-08-07
S02367,C004,2025-02-24
S02438,C047,2024-01-05
S05899,C041,2024-12-09
S01121,C007,2024-02-12
S01293,C005,2024-06-16
S05624,C046,2025-02-27
S06765,C044,2024-01-27
S06713,C039,2023-12-23
S01973,C014,2024-04-30
S01401,C024,2024-04-12
S09819,C003,2024-01-28
S08812,C044,2025-03-06
S02157,C004,2025-08-10
S03843,C008,2024-07-30
S00325,C037,2025-09-16
S01991,C004,2024-05-07
S04675,C016,2025-12-03
S06652,C004,2025-08-19
S05006,C009,2024-06-13
S02409,C013,2024-10-11
S03027,C036,2024-10-10
S08222,C013,2025-10-24
S05468,C007,2025-11-28
S01555,C039,2024-07-14
S04711,C028,2025-05-12
S09261,C002,2025-03-23
S04082,C045,2024-03-26
S02811,C012,2025-10-10
S02702,C044,2025-10-29
S00323,C033,2025-08-24
S02448,C029,2025-02-06
S08010,C016,2024-12-04
S04429,C003,2025-05-19
S08665,C016,2024-03-23
S02623,C011,2025-06-12
S07856,C008,2025-04-02
S02100,C036,2023-12-07
S05106,C046,2025-08-11
S08747,C046,2024-10-03
S08031,C033,2025-01-31
S07348,C025,2025-04-12
S09894,C044,2025-10-05
S09971,C029,2024-03-14
S06354,C038,2025-03-02
S03484,C027,2024-03-29
S04101,C024,2024-06-01
S02735,C042,2024-02-09
S01690,C031,2024-04-02
S02813,C027,2025-02-28
S07089,C011,2025-03-10
S01478,C024,2024-09-09
S01947,C019,2024-01-06
S02867,C033,2025-03-14
S01841,C007,2024-02-02
S01208,C029,2025-03-24
S03351,C015,2025-07-21
S04723,C006,2024-04-30
S09959,C005,2024-02-10
S02390,C049,2023-12-16
S05482,C034,2025-04-24
S08505,C012,2025-03-15
S07498,C047,2024-04-26
S01132,C020,2024-07-20
S04283,C023,2024-05-01
S09469,C034,2025-04-11
S04401,C043,2025-06-27
S07212,C024,2023-12-09
S09397,C016,2025-10-04
S01065,C026,2024-11-12
S05038,C006,2024-09-18
S06046,C002,2025-03-06
S08018,C047,2025-04-11
S08964,C039,2024-12-27
S05499,C021,2024-07-04
S05694,C014,2025-05-31
S07060,C046,2024-06-10
S08320,C005,2024-01-19
S07645,C016,2024-05-20
S00155,C022,2024-12-30
S00489,C018,2024-09-07
S00550,C006,2025-06-29
S04329,C047,2024-10-31
S02819,C014,2024-04-17
S05825,C010,2024-11-10
S05960,C019,2025-11-05
S00155,C018,2024-04-13
S00705,C049,2024-04-30
S00831,C008,2024-01-24
S01156,C014,2025-08-12
S09013,C004,2024-09-30
S05268,C039,2024-06-21
S07574,C037,2024-03-07
S06733,C041,2024-05-31
S08279,C005,2025-04-09
S09039,C028,2025-01-20
S01111,C043,2025-06-10
S01886,C049,2024-02-20
S06636,C027,2025-08-03
S08130,C022,2024-02-09
S07740,C049,2025-03-02
S05047,C003,2025-08-17
S05129,C047,2024-09-30
S00307,C022,2025-04-17
S06202,C035,2024-06-02
S04274,C015,2025-03-07
S06610,C014,2025-02-05
S09747,C031,2025-06-14
S04633,C004,2024-01-24
S02072,C024,2024-10-31
S05688,C015,2024-04-25
S03237,C035,2024-08-10
S07990,C050,2024-08-31
S01550,C020,2023-12-20
S06070,C005,2024-10-09
S08966,C023,2025-04-09
S00195,C010,2025-05-11
S00522,C015,2024-04-02
S01268,C025,2025-02-09
S02955,C024,2025-01-03
S06725,C016,2024-01-15
S07877,C021,2024-12-17
S07241,C014,2025-06-30
S09656,C034,2025-01-01
S01252,C012,2024-09-12
S08256,C029,2025-07-30
S00941,C021,2024-11-16
S06704,C025,2025-09-04
S01437,C021,2025-10-17
S02349,C036,2025-08-10
S05356,C044,2024-01-05
S00987,C003,2025-10-24
S02712,C046,2025-10-11
S09365,C024,2024-02-20
S05928,C050,2025-03-07
S04159,C021,2025-04-25
S07481,C049,2025-09-10
S07568,C040,2025-01-16
S00039,C015,2025-07-18
S09888,C009,2025-09-18
S03935,C042,2024-02-25
S08488,C043,2025-04-17
S06949,C008,2025-12-03
S09916,C035,2023-12-15
S04431,C001,2024-05-06
S02660,C030,2025-03-14
S06456,C003,2024-10-01
S08161,C032,2025-10-01
S01360,C040,2024-09-17
S02337,C020,2025-02-10
S06815,C013,2024-07-20
S07351,C040,2025-01-02
S01464,C023,2024-11-21
S03463,C031,2024-03-06
S07583,C012,2025-05-12
S09375,C010,2025-06-20
S05802,C048,2025-07-28
S02786,C035,2024-10-18
S09205,C029,2024-04-04
S04283,C007,2025-03-07
S03861,C017,2024-06-16
S04034,C039,2024-09-10
S01614,C029,2024-02-05
S07609,C002,2024-08-29
S09456,C034,2025-05-19
S05913,C043,2025-05-02
S01834,C026,2024-03-29
S03042,C024,2025-05-15
S05479,C032,2024-07-30
S05382,C026,2024-04-19
S04153,C025,2025-05-02
S00741,C027,2024-04-12
S02882,C033,2023-12-13
S03683,C030,2025-08-25
S08934,C012,2025-08-26
S09019,C049,2024-12-24
S02537,C035,2024-10-26
S03072,C008,2024-12-01
S02298,C019,2024-12-22
S08478,C016,2025-02-13
S09638,C007,2024-04-10
S04770,C048,2024-02-27
S06340,C011,2025-09-06
S00366,C006,2025-06-27
S03201,C001,2025-05-08
S04765,C018,2024-03-08
S08047,C042,2025-05-17
S06073,C035,2024-03-29
S02154,C032,2024-05-04
S00660,C018,2024-11-07
S04561,C040,2024-12-08
S05861,C042,2025-04-29
S07440,C045,2024-04-04
S00825,C041,2024-02-25
S06962,C043,2025-08-21
S04117,C037,2025-08-12
S08040,C022,2025-11-11
S01972,C029,2024-12-18
S09262,C044,2024-03-18
S04016,C039,2025-02-20
S05084,C025,2025-07-07
S07123,C044,2024-09-28
S07891,C029,2024-01-03
S07957,C050,2025-03-27
S01419,C011,2024-01-23
S09031,C041,2024-09-01
S01678,C026,2024-02-12
S07429,C050,2024-06-08
S01615,C046,2025-02-22
S07273,C013,2024-10-29
S05820,C010,2025-04-29
S07572,C011,2024-12-01
S03563,C035,2024-09-22
S07994,C001,2025-08-01
S08930,C005,2024-07-06
S08659,C041,2025-01-19
S06699,C043,2024-07-27
S05892,C022,2025-09-30
S00427,C003,2025-08-13
S07955,C005,2025-03-16
S01591,C019,2024-04-14
S04915,C019,2025-08-22
S06834,C040,2024-01-03
S03570,C021,2024-05-10
S01204,C048,2025-08-13
S08611,C038,2025-01-08
S02139,C041,2025-09-10
S09861,C041,2025-10-17
S06347,C007,2024-06-24
S00962,C002,2024-05-19
S01696,C011,2024-11-28
S04010,C007,2024-12-13
S08577,C034,2025-04-06
S07025,C023,2024-12-20
S08958,C007,2025-10-12
S05527,C009,2024-04-18
S08691,C008,2024-04-17
S08024,C011,2025-02-19
S03619,C026,2025-10-23
S05678,C047,2025-02-21
S01254,C017,2025-04-25
S02792,C001,2024-06-10
S07160,C034,2024-08-09
S05877,C045,2025-08-17
S00172,C045,2024-07-09
S05900,C018,2025-06-19
S08716,C030,2024-11-25
S00465,C038,2023-12-17
S07459,C037,2025-01-03
S01655,C004,2025-01-29
S00763,C041,2025-04-30
S02026,C008,2024-02-14
S08073,C025,2025-12-02
S02406,C040,2024-10-27
S06377,C010,2024-11-27
S06202,C008,2025-09-18
S06159,C050,2024-08-13
S03175,C014,2024-07-11
S01745,C036,2024-05-01
S02293,C025,2023-12-11
S01660,C001,2024-06-13
S04773,C027,2024-11-02
S03266,C028,2025-04-02
S01782,C002,2024-06-24
S03965,C001,2024-11-21
S03248,C023,2024-07-21
S03623,C014,2023-12-15
S04650,C047,2024-05-29
S01627,C046,2024-08-20
S03605,C033,2024-08-12
S07766,C003,2025-02-19
S09827,C026,2024-04-11
S08023,C016,2025-02-19
S02415,C042,2024-06-23
S09145,C016,2025-01-11
S02567,C017,2025-03-04
S00583,C010,2025-05-28
S06085,C013,2025-05-14
S01346,C002,2025-02-17
S09431,C029,2024-04-21
S04932,C013,2025-05-23
S04835,C041,2024-02-18
S08714,C024,2023-12-08
S03737,C042,2025-10-26
S02901,C036,2025-11-26
S08806,C003,2024-05-03
S06576,C025,2024-01-14
S08725,C025,2024-10-09
S02161,C001,2025-08-05
S01966,C048,2024-09-05
S09258,C015,2024-05-17
S07652,C035,2025-01-25
S06481,C006,2024-09-07
S01621,C012,2025-02-26
S02317,C038,2024-12-12
S00839,C046,2025-08-01
S04139,C006,2023-12-13
S04926,C037,2025-09-25
S09124,C002,2024-04-27
S01558,C006,2025-04-24
S03768,C011,2024-08-31
S08388,C025,2024-02-14
S01243,C028,2024-09-17
S01310,C004,2024-09-26
S00746,C003,2025-06-14
S09404,C042,2024-08-08
S04417,C034,2025-09-11
S02339,C035,2024-01-15
S01913,C046,2025-01-20
S07662,C026,2024-04-06
S02668,C037,2024-04-22
S00397,C008,2024-01-31
S03014,C013,2025-05-30
S07072,C011,2025-01-27
S05054,C022,2024-08-19
S07603,C045,2025-06-01
S00031,C043,2025-03-08
S06352,C002,2025-10-16
S07868,C005,2024-09-13
S05501,C046,2024-04-27
S04605,C016,2025-11-04
S07896,C042,2025-11-17
S07582,C039,2025-04-02
S05040,C007,2025-03-08
S07728,C043,2024-03-17
S04756,C033,2025-05-09
S04032,C012,2025-03-17
S03674,C037,2024-05-14
S02709,C028,2024-09-08
S08090,C020,2024-10-22
S02867,C035,2024-08-22
S08120,C038,2024-03-25
S08395,C028,2024-05-28
S00194,C021,2024-04-17
S06759,C011,2023-12-07
S08649,C043,2025-01-30
S08297,C030,2024-03-15
S02267,C038,2025-11-06
S04803,C045,2024-03-15
S00335,C002,2024-06-14
S01832,C014,2024-11-22
S01506,C031,2025-03-27
S01829,C002,2024-07-16
S07464,C004,2025-11-24
S00925,C047,2024-03-20
S09470,C005,2024-06-11
S03388,C003,2025-08-06
S09731,C020,2024-03-20
S06908,C010,2024-11-15
S01674,C043,2024-09-17
S04847,C025,2025-02-08
S06595,C023,2025-09-30
S00172,C045,2025-10-19
S07688,C017,2025-08-04
S06336,C029,2025-06-08
S01890,C033,2024-09-23
S05021,C023,2025-10-20
S07080,C006,2025-09-12
S08842,C032,2025-04-19
S01057,C031,2025-07-11
S08794,C029,2025-01-02
S01569,C017,2025-02-24
S08115,C035,2025-09-05
S00311,C036,2024-04-20
S02487,C005,2025-02-14
S00453,C014,2025-11-22
S01200,C025,2025-11-17
S02927,C020,2025-08-09
S07128,C035,2025-01-08
S01224,C037,2025-03-30
S03479,C043,2024-12-09
S08677,C041,2025-09-09
S00524,C042,2025-06-12
S07430,C047,2024-03-22
S00385,C050,2024-04-20
S00100,C043,2024-09-27
S07792,C030,2024-02-20
S00744,C033,2023-12-11
S00685,C022,2024-01-16
S02569,C042,2025-09-21
S05234,C023,2025-10-24
S03013,C025,2024-02-22
S07548,C021,2025-07-18
S02135,C022,2024-06-17
S09072,C048,2024-06-25
S04476,C011,2025-05-11
S01244,C049,2024-08-18
S03526,C038,2024-12-30
S02989,C018,2025-05-18
S02827,C047,2024-06-11
S01818,C034,2024-03-12
S09459,C013,2025-01-01
S06275,C040,2025-05-11
S04864,C007,2025-01-04
S01205,C047,2023-12-09
S03036,C035,2025-12-01
S00375,C018,2024-09-04
S07155,C048,2024-02-29
S06961,C035,2025-08-04
S01333,C034,2024-06-01
S01670,C020,2025-08-02
S09550,C031,2025-02-23
S03006,C017,2025-06-22
S01214,C024,2025-08-22
S08185,C011,2025-07-21
S03267,C048,2025-05-05
S03087,C005,2025-01-19
S02374,C008,2025-05-16
S09216,C029,2025-11-15
S00943,C037,2024-03-22
S00677,C021,2024-07-07
S02710,C002,2025-07-16
S01690,C027,2025-06-25
S02749,C019,2024-11-18
S08434,C015,2025-09-13
S02888,C040,2024-03-09
S02985,C035,2025-08-26
S07674,C007,2024-03-22
S01393,C039,2024-06-15
S08969,C039,2025-05-09
S03963,C036,2025-01-07
S06034,C006,2025-11-28
S01400,C047,2024-04-29
S06493,C038,2025-08-10
S07961,C036,2025-10-03
S00647,C026,2025-04-16
S05265,C039,2024-08-11
S09377,C004,2024-02-28
S05344,C036,2024-07-31
S08849,C045,2024-08-05
S02524,C004,2025-02-14
S07889,C007,2025-11-26
S08859,C004,2025-04-03
S09920,C024,2025-05-08
S01396,C030,2024-11-28
S04317,C013,2025-07-12
S03050,C010,2025-10-01
S09459,C035,2025-06-11
S09692,C004,2025-04-21
S03043,C031,2025-05-28
S00433,C017,2025-10-16
S09738,C050,2024-10-14
S03756,C048,2024-08-28
S01915,C014,2025-04-07
S04888,C037,2024-11-28
S03455,C033,2024-06-06
S09263,C036,2025-05-15
S08880,C017,2025-01-29
S07091,C048,2024-01-12
S06949,C027,2025-10-03
S05042,C003,2025-04-02
S06274,C028,2025-02-23
S08546,C006,2025-09-24
S04074,C036,2025-08-23
S07437,C035,2025-06-09
S00487,C025,2025-09-04
S03299,C005,2025-04-02
S07476,C021,2025-02-05
S02067,C039,2024-08-18
S06204,C023,2025-05-25
S08138,C034,2025-04-10
S06211,C005,2025-07-15
S09725,C029,2025-04-14
S09629,C045,2024-08-23
S04539,C020,2024-01-25
S06648,C020,2024-12-31
S05487,C007,2024-11-06
S09278,C014,2024-11-28
S00256,C016,2024-01-17
S04792,C009,2025-06-14
S03996,C049,2024-06-08
S04508,C002,2025-10-21
S06787,C038,2025-02-12
S09878,C049,2024-12-02
S00641,C009,2024-06-20
S02890,C004,2025-05-30
S02593,C037,2025-04-28
S08713,C038,2025-02-08
S05773,C019,2025-03-31
S09579,C038,2024-01-09
S05054,C020,2023-12-26
S04442,C018,2024-01-24
S08279,C031,2025-11-09
S03386,C007,2024-09-27
S01643,C019,2024-06-27
S09803,C005,2025-10-31
S09642,C017,2024-05-01
S08383,C019,2025-11-13
S04007,C008,2025-11-07
S02797,C006,2024-10-27
S07308,C021,2025-11-27
S02901,C024,2024-09-14
S08807,C019,2023-12-27
S04819,C006,2025-11-02
S07049,C017,2023-12-26
S02780,C018,2024-01-12
S01219,C004,2025-06-15
S05556,C032,2024-03-26
S01343,C001,2025-08-30
S02595,C019,2025-04-02
S02171,C041,2025-08-24
S09752,C036,2024-07-04
S06308,C048,2025-10-23
S03232,C016,2025-02-24
S05073,C044,2025-05-08
S09610,C045,2024-04-24
S07063,C046,2023-12-10
S03927,C001,2024-05-07
S09255,C015,2024-07-11
S03001,C018,2025-09-08
S03325,C023,2024-05-23
S09375,C006,2023-12-27
S00129,C020,2024-10-15
S05887,C019,2024-03-16
S08473,C041,2025-04-23
S09945,C021,2025-03-31
S09406,C030,2025-02-20
S01270,C042,2024-03-01
S05153,C043,2024-10-01
S01208,C045,2025-02-27
S09970,C007,2025-10-11
S07527,C031,2023-12-30
S01932,C038,2025-10-16
S00081,C036,2024-07-10
S03494,C024,2025-10-05
S04759,C046,2024-01-08
S00183,C014,2024-07-16
S04121,C010,2024-03-03
S02697,C010,2024-06-05
S08976,C029,2025-05-31
S02782,C034,2024-04-07
S00093,C040,2025-09-29
S03446,C028,2025-08-17
S08218,C032,2024-02-16
S00924,C007,2024-10-06
S05906,C004,2025-07-09
S05631,C044,2024-08-07
S09979,C050,2023-12-09
S07521,C003,2024-09-30
S05423,C011,2024-04-13
S09676,C018,2025-08-21
S02390,C010,2024-02-07
S00213,C007,2024-06-18
S06834,C043,2025-03-30
S09244,C004,2025-06-28
S06460,C044,2025-07-09
S02317,C033,2025-11-23
S04410,C035,2025-04-10
S04402,C026,2025-11-20
S02732,C036,2024-08-09
S06805,C007,2024-03-15
S05192,C006,2025-08-11
S05949,C036,2024-10-09
S02785,C036,2025-02-06
S00945,C041,2025-10-02
S05688,C002,2024-02-05
S01217,C047,2024-04-16
S05995,C008,2024-03-04
S01215,C006,2025-05-27
S05888,C035,2024-07-29
S02477,C040,2024-01-23
S01612,C002,2024-09-13
S04148,C007,2024-06-24
S00803,C017,2024-02-22
S00929,C028,2024-12-16
S02147,C048,2024-11-09
S02257,C021,2025-02-26
S02729,C025,2025-05-29
S02183,C009,2024-10-19
S06343,C002,2025-05-14
S05013,C026,2024-08-16
S02084,C008,2025-02-16
S03482,C049,2024-02-13
S06168,C048,2025-02-17
S08854,C049,2025-10-07
S04480,C042,2025-11-17
S03905,C017,2025-10-13
S00798,C020,2025-01-14
S00925,C007,2025-07-10
S00321,C026,2024-12-28
S06453,C004,2024-11-21
S07206,C017,2024-05-05
S09387,C002,2024-05-11
S08815,C020,2024-12-13
S04400,C036,2025-05-31
S08349,C008,2025-02-23
S06813,C050,2024-06-23
S01444,C008,2025-01-05
S03546,C036,2024-07-17
S07579,C030,2024-10-31
S07346,C026,2024-01-22
S01705,C018,2025-05-23
S06886,C038,2025-09-01
S06882,C030,2024-01-15
S07377,C022,2024-08-27
S06971,C042,2024-12-07
S04096,C003,2024-07-07
S04283,C040,2025-05-27
S06375,C001,2025-03-19
S03467,C049,2024-09-15
S02559,C007,2025-08-21
S08491,C049,2024-02-25
S08999,C009,2024-01-27
S07671,C021,2024-11-12
S06793,C012,2025-03-21
S05511,C020,2025-01-15
S03987,C032,2024-10-14
S05525,C028,2025-09-27
S06956,C029,2024-07-20
S06175,C004,2024-06-26
S08444,C043,2025-03-12
S01237,C014,2023-12-18
S08286,C044,2024-06-20
S03571,C015,2025-04-04
S07806,C015,2024-01-13
S00682,C049,2024-05-11
S03269,C015,2024-02-10
S05660,C038,2024-09-25
S09746,C006,2024-02-10
S01483,C011,2024-11-17
S08503,C037,2025-01-28
S07024,C018,2024-08-11
S01954,C035,2024-11-13
S08313,C045,2024-07-24
S00031,C004,2024-01-23
S02950,C007,2025-07-26
S07350,C043,2024-06-18
S09571,C045,2025-06-24
S03865,C004,2025-06-30
S09981,C043,2025-11-18
S08187,C049,2024-03-05
S00197,C012,2025-06-03
S07681,C024,2025-04-22
S09478,C044,2024-10-26
S00863,C045,2024-09-26
S04322,C027,2025-04-23
S06348,C038,2025-05-12
S06822,C009,2025-08-07
S05804,C005,2024-11-19
S07003,C049,2025-04-16
S04082,C024,2025-04-03
S06703,C035,2025-09-23
S09841,C036,2025-04-16
S01290,C004,2025-05-29
S05274,C012,2025-01-09
S03020,C050,2025-11-11
S04516,C005,2024-10-12
S05078,C039,2025-11-18
S05670,C042,2025-11-08
S02563,C027,2025-01-31
S05140,C020,2025-04-17
S03147,C019,2025-04-11
S05053,C046,2025-04-29
S02495,C016,2025-08-05
S07770,C036,2024-07-21
S07424,C034,2024-06-16
S06850,C027,2025-01-26
S03444,C005,2024-07-16
S07413,C014,2024-01-15
S07248,C011,2024-01-04
S00074,C033,2024-02-10
S08939,C031,2024-12-14
S01125,C048,2025-03-03
S06305,C026,2025-02-09
S09236,C004,2024-09-24
S04239,C023,2025-04-15
S05692,C033,2024-08-03
S02072,C037,2025-01-28
S05038,C015,2025-01-08
S00107,C022,2025-05-14
S02336,C013,2024-01-02
S01380,C044,2025-11-05
S01298,C028,2025-06-02
S03282,C028,2024-03-15
S05575,C023,2024-01-23
S03225,C015,2024-06-09
S09357,C010,2024-11-08
S05638,C034,2025-01-17
S00702,C041,2024-02-02
S07936,C005,2024-04-24
S04890,C044,2025-05-07
S04794,C004,2025-08-25
S07417,C036,2024-08-16
S09315,C014,2024-06-22
S02415,C022,2025-03-06
S05683,C014,2024-12-03
S00869,C034,2024-10-02
S00417,C041,2024-08-25
S09929,C045,2025-08-24
S02491,C035,2024-04-26
S06342,C023,2024-08-13
S02648,C049,2024-12-16
S08329,C015,2025-09-28
S04115,C002,2024-02-20
S00143,C023,2024-10-11
S07909,C012,2024-05-06
S05751,C029,2025-04-23
S03839,C026,2024-01-31
S00036,C037,2025-01-28
S09843,C039,2025-04-08
S03754,C022,2025-11-29
S00753,C010,2024-03-16
S06856,C006,2024-05-16
S07896,C039,2025-10-31
S08948,C046,2024-02-24
S04295,C032,2025-06-17
S05944,C019,2024-10-05
S09303,C038,2024-07-04
S02267,C040,2024-06-27
S02513,C020,2024-12-21
S03610,C047,2025-10-10
S09802,C039,2024-02-28
S09166,C018,2024-03-29
S04474,C002,2025-05-22
S03994,C014,2025-07-03
S04921,C037,2024-12-19
S04693,C023,2024-06-13
S07662,C043,2024-08-05
S07112,C015,2025-09-04
S07973,C016,2025-06-18
S03854,C032,2025-01-05
S07062,C019,2025-05-12
S02365,C033,2024-09-29
S01211,C019,2025-08-05
S00446,C029,2024-07-23
S06087,C041,2025-05-22
S00671,C034,2025-03-18
S06192,C032,2025-02-04
S08822,C035,2025-07-17
S08470,C008,2025-07-15
S07938,C019,2025-09-25
S05702,C045,2023-12-09
S03122,C023,2024-01-10
S08928,C001,2025-02-12
S05010,C028,2025-09-21
S09284,C006,2024-03-07
S05695,C032,2023-12-27
S07660,C007,2024-01-01
S05654,C024,2024-08-06
S08755,C018,2025-11-11
S03925,C046,2024-07-17
S02789,C004,2024-12-27
S06321,C035,2024-04-24
S07846,C043,2024-03-11
S05182,C042,2024-06-20
S03348,C045,2024-09-21
S03852,C012,2024-03-08
S07431,C020,2025-04-09
S07114,C047,2024-03-12
S02948,C048,2024-09-20
S09697,C011,2024-06-28
S03293,C046,2025-04-05
S01247,C037,2025-03-19
S00371,C008,2024-07-18
S09994,C041,2025-01-15
S08366,C031,2025-02-22
S06364,C042,2024-02-02
S04841,C042,2025-02-05
S06142,C016,2024-10-21
S06548,C035,2025-10-06
S00156,C038,2024-04-24
S08620,C036,2025-11-17
S00926,C020,2025-02-01
S06736,C045,2025-01-31
S02880,C008,2024-07-31
S08384,C029,2025-08-13
S00065,C048,2024-06-27
S02743,C003,2025-04-03
S02662,C016,2025-02-20
S06011,C014,2024-03-21
S07368,C004,2024-05-10
S00705,C031,2024-12-22
S05326,C027,2024-10-19
S03303,C026,2024-12-03
S08227,C039,2024-05-27
S05006,C023,2024-08-29
S07680,C049,2024-09-10
S03172,C039,2024-11-24
S04742,C039,2025-01-23
S06708,C017,2025-05-06
S09685,C007,2025-07-23
S08409,C019,2024-07-05
S07640,C004,2024-08-07
S06736,C018,2025-06-11
S01910,C006,2025-11-02
S02442,C032,2023-12-18
S01191,C021,2024-03-17
S01911,C033,2024-10-06
S04899,C020,2025-08-19
S00747,C018,2024-05-05
S00637,C023,2024-05-27
S06527,C007,2025-05-23
S04261,C008,2023-12-21
S09601,C013,2024-12-28
S07802,C049,2025-01-02
S07685,C005,2025-08-18
S07041,C004,2025-09-04
S09176,C038,2024-08-10
S08199,C001,2025-09-03
S06247,C004,2025-06-09
S08223,C034,2024-09-07
S07460,C013,2024-08-24
S07619,C035,2024-10-06
S00611,C005,2024-03-09
S09535,C017,2025-05-17
S00333,C006,2025-11-23
S01387,C050,2024-09-28
S03448,C050,2024-11-25
S09406,C025,2024-04-24
S02781,C042,2025-05-07
S00036,C007,2024-07-15
S02935,C037,2024-02-01
S09253,C033,2024-01-13
S06260,C028,2024-07-06
S06768,C009,2024-03-31
S09658,C015,2024-07-13
S05498,C005,2024-04-30
S03394,C008,2025-10-27
S00969,C035,2024-02-19
S04349,C038,2024-05-14
S04672,C015,2023-12-27
S08055,C025,2024-09-30
S09364,C038,2024-07-21
S09543,C002,2024-06-02
S07141,C034,2025-05-17
S01730,C042,2025-06-15
S07330,C022,2025-08-25
S06894,C004,2024-03-01
S02306,C029,2024-04-08
S06566,C007,2025-08-24
S07516,C037,2025-04-14
S08557,C031,2024-08-29
S04396,C006,2025-10-03
S09142,C048,2023-12-17
S08417,C050,2024-04-14
S07261,C024,2024-06-30
S07186,C005,2025-08-12
S00748,C012,2025-05-09
S00651,C005,2024-04-07
S04801,C009,2024-06-09
S09842,C021,2024-02-17
S02476,C024,2025-03-25
S07397,C019,2025-06-12
S00037,C018,2024-04-06
S01368,C024,2024-01-31
S08828,C028,2024-06-25
S02198,C039,2024-12-14
S05039,C020,2025-03-30
S02161,C010,2025-10-28
S06860,C045,2024-03-17
S00875,C019,2025-04-16
S05303,C016,2025-12-02
S09417,C023,2024-12-09
S07301,C020,2024-12-29
S06859,C047,2024-09-14
S06742,C021,2025-10-07
S04183,C048,2025-10-31
S00509,C038,2024-01-29
S03227,C040,2024-08-31
S07264,C035,2024-04-03
S04907,C042,2024-10-11
S07913,C017,2024-12-18
S06318,C016,2025-06-21
S08429,C002,2024-10-15
S09310,C048,2025-07-09
S08574,C017,2024-06-27
S03897,C012,2024-02-24
S05381,C022,2023-12-26
S06765,C001,2024-07-15
S07737,C007,2024-07-10
S09187,C005,2024-09-16
S02442,C022,2025-03-13
S03770,C028,2025-01-09
S09101,C037,2025-02-10
S08075,C024,2024-01-08
S09001,C013,2024-05-08
S01976,C008,2025-04-26
S01519,C050,2024-05-03
S07355,C015,2024-10-09
S00929,C021,2024-08-10
S02719,C011,2024-05-23
S07483,C035,2024-09-28
S09734,C007,2025-07-07
S02284,C047,2024-10-28
S00634,C005,2025-06-24
S05944,C040,2025-09-12
S07608,C046,2025-08-29
S02155,C041,2025-01-13
S09985,C023,2025-08-06
S07485,C029,2025-09-24
S04606,C023,2024-01-14
S06146,C005,2023-12-21
S08523,C032,2024-09-12
S02659,C049,2025-06-06
S09338,C008,2025-08-10
S05271,C027,2024-04-30
S03481,C046,2024-05-27
S03041,C024,2024-11-14
S09984,C007,2024-05-02
S06189,C023,2025-06-09
S06958,C041,2025-06-08
S05039,C012,2025-08-02
S09517,C049,2024-12-15
S05362,C037,2024-08-30
S00703,C018,2025-01-10
S05637,C024,2024-09-25
S07824,C038,2024-07-12
S08264,C026,2024-05-22
S05160,C047,2024-11-06
S01552,C005,2025-08-17
S05850,C026,2025-10-14
S06457,C021,2024-07-30
S06277,C013,2025-03-22
S06207,C032,2025-04-03
S08230,C038,2024-01-13
S07867,C026,2025-10-20
S02949,C047,2024-10-23
S06091,C006,2025-05-15
S05150,C019,2025-10-06
S01073,C018,2024-09-23
S09151,C019,2024-07-04
S02426,C048,2025-03-08
S07992,C037,2025-06-11
S02654,C039,2025-02-07
S00523,C027,2025-08-01
S04451,C035,2024-09-19
S07655,C049,2025-11-05
S04051,C034,2025-11-12
S02850,C017,2024-08-08
S02623,C029,2024-07-27
S02531,C030,2024-08-11
S02064,C025,2024-05-09
S06044,C008,2025-08-12
S04194,C006,2025-08-05
S09387,C025,2025-05-14
S09776,C044,2024-02-22
S07812,C021,2024-10-28
S00292,C030,2024-05-08
S08882,C016,2025-11-01
S04833,C045,2025-08-28
S00869,C042,2024-10-17
S04751,C015,2025-07-09
S04880,C022,2024-12-22
S02403,C003,2025-06-03
S03829,C025,2024-04-18
S05604,C012,2024-10-02
S05975,C011,2024-12-04
S03191,C042,2025-01-14
S00281,C022,2024-05-25
S02400,C049,2023-12-18
S01579,C023,2024-01-30
S02120,C021,2025-11-19
S01508,C050,2024-11-08
S09718,C027,2024-12-18
S06593,C049,2025-11-07
S01221,C019,2024-12-01
S01141,C032,2024-12-31
S04705,C010,2024-01-30
S02103,C047,2025-05-21
S00400,C047,2024-06-28
S04483,C007,2024-04-07
S02874,C029,2024-04-16
S02937,C035,2025-11-21
S02119,C035,2024-05-31
S00639,C035,2025-06-29
S00961,C027,2024-05-16
S08126,C038,2025-07-06
S02658,C030,2025-07-01
S06925,C007,2024-08-16
S07778,C031,2025-04-06
S04108,C029,2023-12-22
S08729,C002,2025-01-19
S09550,C032,2025-12-02
S03416,C007,2024-10-24
S08961,C035,2025-11-18
S06603,C026,2025-04-25
S02600,C009,2025-06-06
S09972,C007,2024-04-07
S04363,C026,2025-08-11
S09446,C005,2024-08-31
S08138,C050,2024-07-02
S03693,C043,2024-12-21
S08264,C026,2024-04-02
S08774,C004,2024-05-26
S00251,C023,2025-05-28
S05158,C034,2025-10-02
S08041,C014,2025-05-01
S08635,C021,2025-02-27
S03557,C046,2025-02-27
S01800,C014,2025-06-13
S00264,C019,2024-09-16
S03224,C022,2025-09-07
S08082,C026,2025-01-05
S07653,C001,2024-09-25
S08796,C020,2024-10-28
S07534,C003,2025-06-16
S08983,C045,2024-01-16
S01159,C044,2025-01-28
S07007,C041,2025-01-15
S01112,C020,2024-09-22
S06291,C022,2024-03-21
S03434,C027,2025-10-24
S04155,C045,2025-06-17
S04006,C001,2025-02-12
S04939,C001,2024-04-26
S09092,C008,2025-11-09
S09621,C038,2025-02-09
S00508,C030,2023-12-30
S02966,C018,2024-03-06
S09876,C033,2025-03-10
S09508,C049,2024-02-22
S05162,C022,2024-06-15
S09442,C027,2024-07-22
S07708,C040,2024-03-11
S07522,C028,2025-03-30
S07161,C050,2024-11-27
S06123,C031,2025-02-21
S06127,C004,2024-10-04
S04240,C005,2025-01-13
S07927,C034,2024-12-15
S01362,C025,2025-01-05
S08459,C027,2025-10-05
S00256,C045,2024-06-15
S00143,C004,2025-05-22
S00254,C016,2024-03-17
S09277,C035,2025-02-21
S00694,C028,2024-10-14
S05674,C008,2025-05-08
S07670,C037,2024-09-20
S07007,C018,2024-03-31
S07926,C003,2025-09-02
S04316,C047,2024-08-28
S07340,C039,2025-11-18
S03735,C026,2024-03-06
S07328,C022,2024-10-19
S09830,C015,2024-12-24
S04570,C007,2024-02-29
S04986,C049,2024-11-10
S07872,C007,2025-09-05
S09663,C031,2025-08-03
S03971,C050,2025-06-18
S09224,C038,2024-12-06
S03729,C008,2024-11-11
S00962,C028,2024-07-06
S06924,C006,2024-04-27
S05795,C019,2024-03-18
S07421,C009,2025-07-03
S02421,C003,2024-10-28
S02872,C017,2025-10-21
S09019,C042,2024-11-06
S03468,C015,2025-08-02
S05339,C006,2024-07-21
S02908,C011,2024-05-21
S07855,C047,2025-09-09
S02222,C025,2025-05-18
S05749,C035,2024-09-27
S04305,C014,2025-12-02
S07150,C048,2024-06-05
S07794,C009,2024-01-14
S09640,C019,2024-08-21
S08635,C042,2024-12-18
S07019,C004,2025-05-09
S04258,C018,2024-09-02
S00547,C011,2024-05-01
S01260,C024,2023-12-12
S07801,C044,2024-11-30
S01999,C020,2025-05-18
S07485,C049,2024-05-17
S07818,C049,2025-08-27
S03871,C033,2024-09-25
S00365,C036,2024-03-11
S05430,C017,2025-07-04
S03959,C036,2024-05-03
S07056,C018,2025-03-01
S05181,C050,2025-09-07
S07644,C016,2024-02-24
S08367,C029,2025-11-14
S03775,C021,2025-08-21
S09632,C009,2024-11-21
S05053,C046,2025-03-26
S09449,C013,2024-05-19
S05753,C001,2025-03-02
S07457,C026,2025-06-28
S09820,C034,2024-07-24
S03143,C024,2023-12-13
S07941,C039,2024-07-23
S06559,C002,2024-07-28
S03223,C002,2025-09-17
S06100,C006,2024-12-15
S06002,C013,2024-09-22
S05844,C023,2024-11-14
S00048,C009,2025-10-27
S05301,C025,2025-01-13
S00783,C033,2025-08-22
S05381,C048,2024-09-19
S09561,C022,2024-12-02
S01397,C007,2025-08-19
S02578,C032,2025-06-10
S08263,C046,2025-04-23
S08074,C038,2024-04-02
S02981,C036,2025-04-04
S01513,C047,2025-07-21
S02778,C022,2025-09-12
S00984,C024,2024-03-15
S06036,C049,2025-10-04
S03122,C044,2024-04-08
S01707,C026,2024-06-05
S01220,C033,2024-07-02
S04541,C041,2024-02-22
S04516,C016,2025-08-24
S02402,C021,2024-02-13
S05187,C007,2024-05-26
S07078,C013,2024-12-19
S06756,C005,2025-10-11
S09440,C002,2024-04-03
S06171,C005,2025-11-14
S02850,C027,2024-07-07
S05929,C039,2024-01-21
S00738,C022,2025-11-09
S03699,C010,2024-05-30
S08670,C037,2024-03-05
S06661,C040,2024-08-22
S05606,C006,2024-04-24
S04144,C044,2025-10-15
S06532,C023,2025-07-08
S08714,C045,2025-11-28
S04535,C038,2023-12-23
S05184,C002,2024-07-13
S02026,C033,2025-08-13
S00768,C030,2024-05-16
S02317,C024,2024-06-20
S06094,C004,2024-10-02
S03112,C030,2025-02-09
S05794,C041,2024-05-13
S02699,C013,2025-01-12
S05318,C025,2025-04-24
S02504,C013,2025-03-28
S08238,C031,2023-12-10
S09958,C026,2024-06-30
S04121,C013,2024-08-16
S02980,C011,2024-06-10
S05986,C036,2024-02-18
S05398,C042,2024-06-04
S07639,C007,2024-06-23
S04007,C040,2025-03-07
S09507,C008,2024-11-19
S07577,C007,2025-11-05
S04092,C027,2025-02-20
S00911,C009,2025-11-22
S02144,C024,2025-04-07
S00604,C039,2025-06-24
S06140,C023,2024-08-17
S09525,C043,2025-01-15
S09964,C027,2025-05-04
S09556,C014,2024-09-20
S01321,C013,2025-11-27
S08308,C025,2025-01-25
S07106,C032,2025-04-16
S06138,C012,2025-06-28
S09954,C017,2025-11-13
S04584,C034,2025-03-29
S08527,C023,2025-09-01
S02116,C023,2025-07-15
S06495,C019,2023-12-05
S07652,C035,2024-09-01
S02193,C049,2024-12-02
S04419,C027,2024-04-08
S07489,C002,2025-03-27
S08194,C011,2025-06-05
S00555,C008,2025-03-09
S09095,C020,2024-07-08
S09632,C027,2025-10-02
S03193,C014,2024-05-17
S08456,C010,2025-07-27
S00722,C048,2025-05-25
S00944,C045,2025-06-18
S08176,C024,2025-06-23
S03696,C003,2025-03-12
S00572,C034,2025-08-30
S05179,C014,2024-12-24
S03940,C008,2025-04-11
S09194,C049,2025-06-02
S02214,C050,2024-04-12
S06991,C013,2024-10-25
S03546,C018,2024-07-10
S04312,C049,2025-05-28
S04177,C015,2024-10-08
S04815,C006,2024-07-19
S07587,C037,2024-12-29
S08743,C013,2025-11-15
S04960,C022,2025-03-26
S02923,C031,2025-06-02
S04627,C050,2024-02-01
S04649,C037,2025-05-13
S04276,C019,2024-08-14
S03845,C029,2025-10-22
S05732,C018,2024-04-07
S08436,C013,2025-07-13
S08254,C042,2025-11-16
S09798,C020,2024-05-02
S01708,C032,2024-04-13
S00494,C005,2024-08-03
S02432,C018,2024-12-07
S05103,C030,2025-08-17
S05917,C043,2025-09-05
S04597,C046,2024-12-03
S04122,C039,2024-05-01
S04139,C046,2023-12-17
S06741,C005,2024-09-07
S07511,C030,2025-08-26
S05673,C026,2024-10-27
S04804,C019,2024-06-06
S00722,C028,2023-12-29
S00425,C001,2024-08-25
S03773,C002,2025-07-11
S03532,C032,2024-04-26
S01124,C007,2024-12-10
S02028,C023,2024-08-04
S02456,C048,2024-07-05
S02617,C004,2024-10-26
S09677,C031,2024-01-11
S04436,C037,2025-08-29
S06317,C002,2025-05-14
S03491,C027,2024-12-27
S04900,C042,2024-06-13
S04552,C008,2024-12-17
S05762,C018,2025-04-15
S06610,C020,2025-06-10
S00441,C036,2024-10-13
S08102,C024,2024-02-24
S04311,C003,2024-10-11
S01633,C002,2024-09-27
S04774,C041,2024-04-17
S07571,C026,2024-10-19
S03601,C007,2024-03-04
S01789,C036,2025-04-14
S03149,C002,2025-05-28
S06271,C024,2025-01-02
S07064,C049,2025-05-31
S06881,C038,2025-11-04
S03690,C050,2025-07-14
S04334,C043,2025-07-24
S04950,C024,2025-01-30
S08173,C004,2024-08-28
S03882,C012,2025-08-26
S01987,C043,2024-03-26
S05697,C033,2025-11-24
S03720,C041,2023-12-18
S04858,C044,2024-01-21
S01861,C048,2025-02-03
S00859,C046,2025-05-27
S08514,C009,2025-05-13
S00763,C006,2024-02-16
S04187,C017,2024-11-24
S03551,C039,2025-01-20
S09147,C012,2025-01-06
S03835,C030,2024-05-28
S02664,C017,2024-04-30
S03216,C016,2025-10-17
S09887,C002,2025-06-22
S06662,C011,2025-02-07
S03040,C038,2025-11-09
S04838,C016,2023-12-10
S00413,C047,2024-01-18
S05982,C026,2023-12-13
S09797,C011,2023-12-13
S01638,C015,2024-06-29
S00950,C037,2025-07-26
S03022,C041,2024-01-23
S00480,C011,2024-05-20
S09816,C035,2025-03-22
S05039,C039,2024-12-18
S01084,C003,2025-08-22
S02841,C005,2024-03-17
S02812,C009,2024-12-07
S03352,C045,2025-03-01
S05949,C002,2025-05-31
S06401,C050,2024-01-13
S01017,C047,2024-09-16
S06649,C033,2024-02-06
S05260,C022,2025-08-28
S07934,C041,2025-08-14
S05795,C015,2025-02-09
S04059,C009,2024-06-03
S02285,C041,2024-11-09
S04244,C050,2023-12-20
S01502,C046,2024-01-14
S06367,C026,2024-10-13
S03705,C003,2025-02-06
S05643,C041,2025-09-12
S07328,C050,2024-08-25
S09258,C045,2024-02-26
S00887,C024,2024-01-17
S01071,C027,2025-02-13
S08428,C001,2025-01-16
S02996,C021,2025-10-02
S04117,C036,2024-01-18
S08963,C024,2024-12-19
S01923,C009,2024-01-23
S03173,C050,2025-07-07
S07171,C036,2024-06-18
S05575,C007,2025-08-22
S03976,C012,2024-10-29
S02487,C016,2024-11-01
S01205,C005,2024-09-11
S02927,C040,2024-06-09
S09856,C021,2024-11-17
S07638,C014,2024-06-05
S01511,C015,2024-07-06
S08819,C003,2025-03-25
S08711,C049,2024-10-29
S07717,C047,2025-05-03
S00435,C011,2025-02-06
S01871,C040,2025-05-23
S01372,C043,2025-11-27
S04039,C046,2025-05-25
S02843,C025,2024-03-16
S00711,C015,2024-09-25
S06346,C044,2024-05-25
S01239,C031,2025-08-21
S06362,C024,2024-03-15
S06813,C047,2025-07-03
S08158,C046,2025-06-09
S05054,C037,2024-02-17
S03954,C045,2025-08-26
S09356,C020,2024-07-17
S09852,C042,2024-08-28
S07612,C044,2023-12-06
S09289,C049,2024-03-09
S04832,C050,2024-05-14
S07651,C013,2024-02-12
S07276,C008,2024-02-16
S05606,C047,2025-06-19
S01036,C049,2025-08-19
S09919,C016,2024-11-08
S09404,C030,2025-01-26
S06239,C047,2025-11-06
S04511,C019,2024-05-22
S05048,C009,2024-07-01
S06005,C011,2025-02-25
S07531,C035,2025-01-09
S05348,C025,2025-09-05
S07025,C042,2024-05-20
S01728,C013,2024-06-20
S07465,C046,2025-02-19
S07588,C042,2025-04-09
S00773,C050,2025-11-04
S08586,C012,2024-07-15
S02622,C029,2025-07-19
S02658,C002,2024-05-26
S04043,C021,2025-04-07
S00597,C037,2025-06-01
S01401,C017,2025-02-19
S07901,C001,2025-11-24
S03257,C003,2024-09-16
S02735,C004,2025-08-13
S09461,C034,2025-09-06
S08475,C038,2024-10-12
S02779,C013,2024-06-29
S02826,C019,2024-03-26
S03091,C048,2025-11-19
S06404,C005,2025-05-11
S04809,C032,2025-05-27
S03561,C016,2025-05-01
S07339,C012,2023-12-10
S06135,C037,2025-04-25
S02608,C012,2025-07-23
S07027,C028,2025-09-21
S08662,C041,2024-08-08
S08191,C041,2024-02-01
S02762,C050,2024-10-25
S07534,C029,2025-10-28
S09455,C044,2025-01-18
S03399,C049,2024-10-05
S07470,C008,2024-10-31
S09227,C047,2025-05-14
S08691,C027,2024-10-11
S03187,C004,2025-11-27
S07980,C021,2024-08-14
S03765,C037,2025-09-03
S03585,C007,2025-01-06
S09885,C001,2025-08-03
S01791,C010,2025-08-18
S01234,C011,2023-12-13
S06086,C045,2024-11-24
S03989,C002,2025-05-21
S07179,C037,2025-07-01
S03098,C010,2025-08-02
S04747,C015,2024-03-13
S08227,C019,2024-10-07
S08958,C012,2025-04-25
S07598,C040,2024-12-05
S08792,C014,2025-02-13
S07105,C020,2025-02-11
S05457,C048,2025-09-30
S06680,C047,2024-09-09
S09371,C047,2023-12-19
S04757,C016,2025-07-20
S03729,C041,2025-10-10
S01196,C023,2023-12-29
S09156,C041,2024-08-01
S06388,C038,2025-11-24
S08560,C044,2025-07-10
S08849,C004,2025-09-27
S02534,C032,2025-09-20
S04004,C022,2024-11-08
S04442,C047,2024-05-03
S09123,C011,2024-11-29
S09338,C003,2024-10-18
S08214,C020,2025-08-07
S08607,C012,2024-10-01
S09933,C014,2025-09-22
S09903,C008,2024-07-15
S03711,C015,2024-10-27
S04067,C031,2024-07-27
S01500,C010,2024-07-19
S02372,C013,2024-02-24
S07985,C036,2025-07-17
S08394,C041,2025-05-16
S04838,C018,2024-07-11
S05218,C020,2024-10-24
S04084,C013,2025-07-28
S00391,C007,2024-09-20
S07853,C034,2025-03-31
S07235,C031,2025-10-10
S04303,C013,2025-08-19
S05995,C035,2024-12-16
S00519,C035,2025-08-08
S02778,C011,2025-04-04
S02164,C010,2025-02-01
S01403,C022,2024-09-30
S00323,C014,2025-03-04
S04139,C047,2025-09-06
S05847,C014,2025-01-02
S04343,C010,2024-04-22
S03015,C046,2025-07-06
S08131,C033,2025-05-07
S02625,C007,2025-04-01
S05856,C011,2025-08-28
S07193,C033,2024-03-11
S05437,C045,2025-08-21
S02519,C035,2024-07-16
S08661,C024,2025-05-01
S08553,C042,2025-09-23
S07147,C011,2024-10-20
S07402,C026,2025-07-17
S02510,C048,2025-09-13
S07687,C048,2025-10-01
S06745,C020,2024-11-19
S01390,C028,2024-03-07
S07990,C016,2025-06-12
S07178,C019,2025-11-28
S03993,C024,2024-11-19
S09529,C004,2025-02-21
S01023,C027,2025-02-27
S00527,C016,2025-03-20
S08324,C003,2025-05-09
S09371,C028,2024-11-17
S00214,C041,2025-08-14
S04785,C015,2025-06-29
S00952,C046,2024-06-23
S04163,C044,2024-07-12
S06488,C011,2024-09-25
S03267,C026,2025-10-08
S04204,C032,2024-05-10
S09439,C030,2025-08-17
S03425,C033,2024-12-09
S00115,C017,2024-12-02
S01287,C005,2025-02-07
S08355,C044,2024-08-02
S03840,C021,2024-06-12
S05760,C047,2024-12-27
S00531,C001,2024-12-24
S05132,C023,2024-07-28
S03019,C031,2025-11-13
S08362,C032,2025-05-03
S00921,C013,2024-05-29
S08494,C048,2024-04-06
S08036,C003,2025-02-27
S03230,C038,2025-06-04
S03890,C030,2024-01-20
S01424,C050,2025-01-11
S03991,C027,2025-04-03
S05291,C019,2024-12-14
S02903,C027,2024-10-09
S03461,C043,2025-02-06
S07651,C008,2024-03-17
S05047,C032,2025-06-08
S04340,C001,2025-02-08
S09185,C045,2025-11-27
S05398,C023,2024-09-23
S04237,C013,2024-01-23
S00449,C020,2024-02-05
S01372,C011,2025-07-23
S09379,C012,2025-03-20
S02462,C007,2024-01-11
S06136,C025,2024-02-27
S03608,C029,2024-07-23
S04760,C046,2023-12-16
S06514,C012,2025-01-25
S01305,C031,2024-06-29
S02900,C035,2025-07-23
S09102,C047,2025-04-16
S08270,C037,2024-11-16
S09247,C013,2025-03-09
S08026,C013,2025-09-25
S05556,C032,2024-11-04
S09608,C008,2025-09-02
S05750,C003,2025-04-07
S06918,C017,2025-02-19
S04174,C003,2024-12-26
S07121,C038,2025-11-30
S07862,C043,2023-12-17
S05144,C008,2025-05-16
S03986,C013,2025-08-12
S00134,C015,2025-08-28
S00301,C046,2025-03-12
S00461,C038,2025-02-23
S03529,C047,2024-09-08
S04403,C037,2024-03-07
S01361,C027,2024-12-18
S01606,C043,2023-12-11
S04179,C030,2025-03-09
S09987,C050,2024-07-26
S01897,C019,2024-04-11
S03137,C021,2025-11-13
S00897,C001,2025-10-14
S07141,C023,2024-06-26
S03255,C049,2025-08-01
S06294,C026,2025-06-12
S06756,C004,2024-03-19
S09324,C021,2024-10-17
S02316,C040,2025-07-23
S04993,C042,2024-02-16
S07094,C026,2024-04-12
S03682,C012,2024-05-29
S07267,C035,2024-10-02
S01056,C026,2025-01-28
S06231,C012,2023-12-17
S08930,C050,2024-02-12
S08699,C036,2024-06-22
S09642,C031,2025-02-20
S02343,C044,2024-01-21
S02922,C028,2025-09-23
S01084,C038,2025-10-17
S06308,C012,2025-08-16
S04565,C007,2025-04-05
S00912,C028,2024-07-21
S04382,C048,2025-06-29
S05141,C039,2025-06-08
S08495,C020,2025-03-12
S04352,C030,2025-02-08
S09733,C037,2024-05-03
S07035,C028,2024-11-20
S02174,C030,2024-01-20
S05522,C032,2025-02-01
S02991,C019,2024-11-03
S08459,C006,2025-03-03
S07035,C037,2025-08-07
S02036,C004,2025-04-01
S08979,C020,2025-01-21
S00402,C038,2024-11-25
S06982,C028,2025-08-22
S08562,C017,2024-05-20
S06756,C007,2025-03-21
S04140,C047,2024-02-14
S00263,C030,2025-02-12
S02442,C018,2024-09-03
S05522,C002,2025-01-02
S07496,C045,2024-09-28
S05307,C049,2025-01-14
S08216,C035,2024-07-14
S08761,C027,2025-11-04
S01851,C014,2024-02-26
S02063,C034,2025-03-27
S01978,C020,2025-06-09
S05210,C044,2024-08-15
S03337,C044,2024-04-09
S01329,C045,2025-04-25
S05735,C002,2024-03-23
S03447,C012,2024-02-19
S00323,C012,2024-04-17
S02587,C041,2025-09-30
S01056,C034,2025-07-11
S07148,C001,2024-01-01
S04825,C011,2025-02-01
S09902,C038,2024-04-27
S08163,C039,2025-02-05
S06467,C027,2025-01-08
S04051,C037,2025-01-07
S05970,C013,2024-02-24
S04367,C031,2025-04-24
S00635,C016,2025-02-19
S09662,C011,2025-09-24
S06346,C031,2025-02-13
S05948,C010,2024-08-24
S09252,C045,2025-04-20
S08124,C040,2024-07-29
S06654,C012,2025-04-06
S03664,C017,2025-05-28
S00636,C010,2025-01-05
S09170,C030,2024-06-21
S07591,C010,2025-06-14
S05579,C009,2023-12-09
S06441,C009,2025-11-14
S08649,C030,2023-12-24
S05941,C006,2024-02-12
S09113,C049,2025-06-10
S07022,C026,2024-06-08
S02141,C028,2025-10-23
S07604,C038,2024-12-06
S09309,C027,2024-01-04
S05418,C026,2024-11-26
S01252,C041,2025-08-19
S06585,C017,2024-11-27
S06094,C029,2024-05-04
S04212,C049,2024-04-27
S04669,C028,2025-09-11
S06871,C006,2025-05-07
S00976,C036,2025-09-13
S07009,C044,2024-01-26
S00384,C020,2024-11-14
S05621,C008,2024-05-08
S04904,C006,2025-03-17
S04560,C044,2025-04-23
S01162,C003,2025-01-30
S02045,C048,2024-11-12
S07034,C020,2024-10-16
S09524,C024,2025-05-03
S06124,C042,2025-09-28
S04529,C035,2024-04-22
S03461,C043,2023-12-08
S01484,C010,2025-09-07
S08953,C005,2024-04-05
S04398,C023,2024-07-11
S08886,C042,2024-01-11
S06317,C005,2024-12-31
S07712,C008,2025-01-16
S01077,C004,2025-08-09
S06030,C016,2025-02-01
S06375,C039,2025-10-15
S02329,C012,2025-01-06
S01363,C016,2025-06-01
S02712,C025,2025-05-27
S04866,C001,2025-08-07
S02214,C035,2025-09-12
S02789,C028,2024-03-03
S08355,C048,2025-03-26
S04656,C043,2025-10-14
S08388,C040,2024-04-10
S04956,C044,2024-01-11
S02817,C008,2024-02-26
S04235,C015,2025-03-23
S08631,C019,2024-11-20
S06747,C045,2024-02-15
S07172,C007,2025-08-03
S07266,C044,2023-12-11
S05036,C023,2024-02-06
S03778,C046,2025-07-15
S07550,C012,2024-12-01
S04817,C041,2023-12-28
S07458,C026,2025-03-29
S09948,C002,2025-06-11
S01511,C028,2024-09-22
S00616,C030,2025-02-26
S08069,C004,2024-04-11
S02913,C032,2024-01-07
S08608,C003,2024-01-13
S08245,C022,2024-11-28
S00976,C045,2024-02-02
S01702,C007,2024-03-12
S03369,C006,2025-05-12
S00555,C037,2024-12-24
S02337,C020,2024-07-17
S07391,C031,2025-01-20
S03871,C015,2025-03-26
S07519,C015,2025-01-04
S09912,C043,2025-10-01
S04816,C021,2025-11-30
S09142,C037,2024-07-14
S02977,C037,2025-06-20
S04684,C004,2024-03-20
S04811,C004,2025-09-23
S07953,C032,2025-05-16
S04831,C045,2025-02-04
S02443,C023,2025-05-16
S08972,C015,2024-04-01
S01015,C038,2024-12-13
S04919,C023,2025-04-28
S04024,C042,2024-04-01
S03321,C006,2025-03-04
S07692,C039,2025-01-04
S03483,C040,2024-07-25
S02625,C044,2025-04-05
S08933,C049,2025-08-14
S00197,C001,2024-09-06
S02524,C011,2024-04-01
S05339,C018,2024-12-25
S08931,C010,2025-05-05
S09151,C027,2024-02-26
S05979,C039,2024-08-24
S07347,C046,2025-07-18
S03183,C016,2025-10-01
S01396,C013,2025-08-01
S06681,C042,2025-04-02
S02759,C040,2024-05-31
S01957,C043,2025-09-16
S02696,C037,2025-04-30
S04012,C001,2025-01-28
S07593,C017,2024-10-20
S01346,C031,2024-08-31
S01171,C011,2025-01-07
S04222,C011,2024-10-04
S09524,C045,2025-07-07
S06527,C034,2025-05-11
S04285,C048,2025-05-05
S02582,C004,2024-08-01
S05424,C008,2025-01-06
S01953,C004,2024-04-29
S00969,C009,2023-12-15
S05732,C016,2024-01-08
S05520,C049,2025-02-01
S01518,C028,2023-12-17
S04638,C020,2024-04-30
S06350,C046,2023-12-13
S00054,C002,2024-11-28
S09669,C042,2025-01-23
S05435,C014,2024-01-11
S00125,C049,2025-07-07
S05567,C004,2024-07-04
S08836,C025,2024-12-15
S00387,C008,2025-07-06
S03320,C044,2024-02-07
S01985,C003,2025-07-24
S07284,C027,2025-08-15
S03534,C004,2024-05-27
S04667,C025,2024-09-24
S03576,C016,2024-02-06
S00317,C006,2024-03-19
S04455,C009,2025-05-07
S08445,C008,2024-12-30
S04520,C025,2025-03-11
S06804,C042,2025-11-26
S09183,C006,2024-08-27
S01519,C035,2024-12-09
S01999,C001,2025-11-02
S04163,C047,2024-06-28
S08465,C027,2024-10-13
S03462,C011,2025-10-15
S02442,C047,2024-11-25
S03023,C042,2025-01-27
S01608,C042,2024-09-27
S06312,C022,2024-04-22
S06996,C015,2025-08-06
S03370,C030,2025-04-01
S07098,C018,2025-07-10
S03933,C003,2024-10-27
S01343,C035,2024-10-12
S09149,C029,2025-01-26
S06716,C002,2024-08-20
S07234,C041,2025-03-18
S00389,C002,2024-05-01
S02483,C006,2024-10-19
S06285,C012,2025-10-08
S08283,C048,2025-03-11
S04763,C045,2025-08-07
S04663,C002,2025-04-24
S01432,C034,2025-02-02
S06386,C021,2024-04-09
S05524,C044,2024-01-16
S02071,C025,2024-06-22
S09993,C049,2024-05-13
S01131,C029,2025-11-06
S05000,C002,2024-12-05
S05707,C025,2024-04-10
S07250,C032,2025-04-10
S09241,C008,2025-10-29
S05492,C028,2025-04-23
S01923,C013,2025-10-28
S07732,C032,2025-05-16
S04267,C025,2025-01-30
S03215,C006,2024-07-31
S02844,C041,2024-09-24
S05351,C002,2025-10-03
S05696,C001,2024-10-31
S08171,C005,2025-09-19
S00415,C004,2025-07-28
S07442,C019,2025-02-04
S07587,C003,2025-11-23
S05800,C038,2024-01-07
S04711,C040,2025-10-07
S01236,C014,2025-08-13
S03168,C037,2025-05-15
S06191,C043,2024-03-15
S03854,C016,2025-03-21
S02233,C034,2025-11-19
S05821,C005,2025-09-30
S00440,C002,2025-04-28
S01685,C024,2024-03-29
S00799,C049,2024-09-04
S07440,C045,2025-03-13
S09642,C032,2024-06-04
S02592,C013,2024-07-26
S00829,C006,2025-10-18
S03093,C009,2025-01-05
S09873,C016,2025-08-31
S03632,C007,2025-01-03
S05100,C032,2024-06-11
S03872,C028,2025-01-27
S04065,C040,2025-01-03
S07923,C027,2025-07-15
S07256,C016,2024-01-07
S08003,C021,2025-06-07
S01203,C003,2025-10-18
S01895,C036,2024-12-26
S09214,C037,2025-06-01
S04071,C031,2025-07-18
S07165,C012,2025-02-08
S05997,C021,2024-12-18
S01536,C012,2025-11-03
S02333,C012,2025-07-03
S05434,C022,2024-06-01
S03825,C047,2025-11-10
S09875,C009,2025-11-17
S09486,C010,2023-12-15
S08437,C040,2024-08-02
S01677,C003,2025-05-31
S00921,C030,2024-01-11
S09380,C028,2024-05-29
S09227,C037,2024-08-09
S06350,C047,2025-11-22
S04176,C040,2024-03-02
S00402,C023,2025-04-25
S07289,C029,2025-11-16
S09700,C025,2025-07-17
S09598,C047,2024-08-01
S05095,C004,2025-09-06
S05808,C039,2024-07-03
S00378,C013,2025-09-21
S00544,C049,2025-08-16
S04933,C013,2024-02-07
S06181,C022,2024-12-09
S04277,C032,2025-09-27
S06141,C039,2024-12-17
S08619,C017,2025-08-18
S01041,C010,2024-07-28
S08098,C019,2024-04-30
S00759,C033,2024-04-30
S07163,C010,2025-10-28
S08142,C006,2025-10-25
S06496,C040,2025-01-27
S00526,C045,2025-06-18
S04451,C009,2025-11-10
S09635,C006,2024-10-27
S05263,C018,2023-12-09
S05612,C028,2025-04-12
S05596,C004,2024-12-05
S07287,C019,2025-09-18
S06418,C004,2024-04-08
S00792,C038,2025-06-21
S09178,C008,2025-04-16
S01931,C033,2024-01-02
S05530,C024,2024-01-13
S06079,C031,2024-03-12
S03147,C040,2025-03-17
S09152,C046,2025-05-09
S05094,C030,2024-10-19
S03130,C016,2024-01-24
S07789,C017,2024-04-13
S06199,C017,2024-12-15
S09194,C015,2025-09-06
S04562,C024,2024-12-19
S00623,C039,2024-01-06
S05195,C028,2025-06-08
S04856,C050,2025-10-17
S02259,C038,2024-01-13
S09815,C021,2024-12-11
S04278,C040,2025-01-25
S06269,C046,2025-07-09
S02686,C005,2025-04-24
S01393,C046,2024-04-11
S08599,C044,2024-12-06
S04184,C050,2024-02-17
S07620,C046,2024-05-27
S05184,C010,2025-02-16
S06548,C007,2025-04-11
S09204,C004,2025-03-16
S02158,C026,2025-11-01
S08392,C019,2025-04-20
S03202,C011,2024-04-27
S03192,C027,2024-08-30
S03740,C040,2025-08-31
S08599,C016,2024-12-20
S01988,C043,2024-06-08
S03231,C029,2024-12-29
S04351,C032,2025-02-19
S06134,C047,2024-04-17
S04542,C035,2024-05-04
S09765,C034,2025-09-11
S04669,C003,2025-03-22
S07937,C005,2025-06-03
S08984,C019,2025-09-28
S00916,C029,2024-06-04
S08660,C043,2025-08-14
S00481,C005,2024-07-20
S09264,C014,2025-10-29
S02062,C049,2024-03-11
S00308,C025,2024-05-28
S03073,C013,2025-08-25
S04049,C043,2025-01-29
S02857,C044,2024-07-01
S09775,C046,2024-06-26
S03525,C035,2024-12-28
S08389,C019,2023-12-16
S05024,C049,2024-10-10
S00257,C003,2024-10-21
S00503,C016,2024-06-23
S07578,C023,2025-04-02
S00264,C004,2025-10-29
S06272,C050,2025-11-19
S06380,C044,2024-12-27
S02638,C018,2024-11-27
S05743,C035,2024-03-13
S08282,C007,2024-07-03
S09399,C035,2025-10-30
S06828,C027,2024-12-15
S09705,C024,2025-08-21
S01058,C028,2025-07-25
S08346,C032,2025-04-12
S01061,C043,2025-06-30
S02421,C012,2024-01-23
S03101,C017,2025-05-01
S09326,C026,2025-11-20
S02363,C023,2025-07-08
S00515,C001,2025-04-20
S08503,C008,2023-12-12
S03162,C002,2024-03-20
S01069,C021,2024-08-22
S02126,C024,2025-01-22
S02350,C045,2024-11-27
S03872,C023,2024-11-10
S09302,C021,2025-07-23
S08488,C049,2025-08-03
S07146,C002,2025-03-25
S00490,C024,2024-02-14
S09091,C001,2024-10-25
S00926,C040,2025-03-27
S08323,C011,2024-03-14
S02894,C033,2025-05-22
S01314,C048,2025-04-28
S06683,C001,2025-06-17
S05243,C029,2025-06-20
S01863,C050,2024-09-27
S09087,C048,2024-05-03
S09553,C012,2024-09-07
S01475,C049,2025-02-07
S03144,C019,2024-10-28
S06767,C014,2025-09-05
S08245,C011,2025-12-01
S02011,C037,2024-05-27
S05200,C026,2025-06-21
S06734,C038,2025-07-12
S07990,C015,2025-11-29
S09166,C004,2025-02-07
S06846,C036,2025-10-31
S01759,C007,2025-04-29
S01783,C043,2025-07-29
S04011,C045,2025-09-09
S09138,C044,2025-09-27
S07524,C026,2025-02-24
S01733,C025,2025-06-21
S07319,C022,2024-06-04
S07496,C046,2024-05-04
S03096,C020,2023-12-29
S07341,C043,2025-09-12
S04122,C031,2024-03-22
S07234,C044,2025-05-22
S09861,C041,2025-01-19
S00059,C011,2024-07-14
S08187,C016,2025-01-04
S09412,C050,2024-07-05
S02247,C003,2025-01-14
S05054,C033,2025-01-09
S02903,C009,2025-03-19
S00597,C027,2024-09-21
S01273,C012,2025-06-25
S09627,C029,2024-06-08
S01858,C024,2024-09-04
S06491,C044,2024-04-14
S09549,C034,2025-05-21
S02370,C032,2025-11-27
S09689,C050,2023-12-28
S09260,C011,2023-12-22
S05578,C033,2025-08-24
S02819,C024,2025-11-11
S03362,C020,2025-09-03
S04479,C022,2024-08-30
S07151,C027,2024-01-31
S09111,C040,2024-11-21
S06575,C046,2025-04-20
S00826,C003,2025-10-10
S07284,C050,2024-01-06
S05587,C035,2024-05-29
S00460,C028,2025-08-27
S05860,C041,2025-11-15
S07176,C015,2023-12-27
S06401,C012,2025-06-02
S06462,C025,2024-11-16
S03987,C010,2025-01-09
S05186,C018,2024-12-04
S03682,C024,2024-11-17
S03907,C002,2024-08-01
S09570,C008,2024-03-29
S02421,C004,2025-03-19
S00234,C031,2024-01-15
S07415,C003,2025-08-02
S03637,C020,2024-12-31
S04018,C044,2025-05-01
S07632,C036,2025-10-10
S09891,C037,2025-01-08
S00341,C050,2024-09-12
S00161,C016,2025-03-28
S02640,C010,2025-08-28
S05220,C036,2024-08-01
S05816,C028,2025-05-15
S06948,C006,2024-08-31
S09161,C029,2024-11-27
S05037,C046,2025-08-17
S01290,C046,2024-07-03
S02694,C035,2024-07-23
S06860,C001,2024-01-19
S00456,C013,2024-06-18
S01748,C006,2025-08-09
S00988,C042,2025-08-21
S09344,C050,2025-11-22
S06613,C035,2025-04-18
S07751,C013,2025-05-03
S09258,C032,2025-07-30
S03996,C042,2025-10-01
S00572,C004,2024-10-11
S07699,C007,2025-10-06
S06032,C033,2025-04-16
S06148,C024,2025-06-28
S09273,C027,2025-08-26
S01608,C040,2024-05-27
S03085,C015,2025-01-13
S02807,C012,2025-05-29
S03172,C034,2024-10-10
S01700,C027,2024-02-27
S01086,C023,2024-02-03
S04644,C014,2024-03-09
S03407,C018,2024-05-29
S01254,C032,2024-03-10
S06798,C002,2025-01-01
S02329,C039,2024-01-17
S07668,C023,2025-04-29
S03897,C023,2024-05-30
S06422,C022,2024-11-13
S03022,C036,2025-05-19
S00826,C030,2025-09-03
S04220,C043,2024-03-15
S06268,C049,2025-11-14
S03012,C032,2025-09-02
S00336,C050,2024-04-03
S03993,C017,2025-08-23
S05415,C010,2024-04-07
S03769,C035,2025-10-14
S08226,C035,2024-10-17
S00405,C033,2025-04-28
S04201,C030,2024-08-07
S02015,C019,2024-07-06
S07347,C048,2025-11-19
S03131,C008,2025-03-18
S05331,C040,2024-01-24
S01479,C022,2024-10-08
S06061,C009,2023-12-14
S07106,C029,2025-03-18
S01579,C026,2024-04-18
S01368,C029,2024-04-17
S00846,C046,2025-10-07
S08839,C021,2025-02-26
S08976,C022,2025-06-15
S07009,C036,2025-05-27
S00376,C014,2025-04-30
S06695,C049,2023-12-23
S02129,C022,2024-08-13
S08609,C038,2025-08-24
S00011,C033,2024-08-02
S05016,C035,2025-08-22
S04511,C047,2025-09-02
S01256,C009,2024-07-17
S05900,C022,2024-07-29
S05753,C049,2024-10-17
S06953,C024,2025-10-05
S07064,C036,2025-01-30
S00792,C028,2025-02-12
S07242,C048,2025-04-13
S01969,C033,2024-03-27
S06627,C006,2024-04-08
S01092,C036,2024-04-23
S09320,C031,2025-07-22
S06839,C001,2024-05-09
S01400,C044,2024-04-04
S06905,C049,2025-07-21
S04626,C049,2024-06-23
S04142,C049,2025-08-30
S03535,C011,2024-04-20
S04305,C008,2025-04-24
S00220,C048,2024-09-08
S08098,C046,2025-08-28
S08322,C017,2024-08-16
S08356,C032,2024-03-25
S05477,C017,2025-08-20
S04267,C027,2025-03-26
S08244,C050,2024-12-06
S04608,C011,2024-02-13
S07928,C005,2025-04-14
S03255,C023,2025-02-23
S09364,C032,2024-12-12
S05417,C003,2025-08-25
S03369,C002,2024-01-08
S01048,C040,2024-11-20
S06086,C039,2025-10-31
S05002,C002,2024-06-28
S07604,C027,2025-02-20
S06106,C018,2025-05-12
S00929,C007,2024-11-07
S09194,C010,2025-05-08
S00178,C050,2025-06-09
S07875,C006,2024-11-26
S06257,C049,2025-04-04
S06462,C023,2025-08-08
S05655,C005,2025-01-20
S06922,C015,2025-01-10
S08589,C028,2024-05-17
S05513,C024,2024-09-29
S09810,C043,2025-07-02
S07950,C014,2024-03-29
S00826,C044,2025-02-13
S09069,C017,2024-03-28
S02142,C023,2024-05-20
S09216,C036,2025-05-17
S07180,C039,2024-09-07
S08188,C037,2025-03-26
S08864,C006,2024-08-13
S01520,C020,2024-06-12
S01699,C015,2025-08-30
S01058,C005,2025-07-16
S09718,C043,2025-11-17
S04132,C036,2025-02-05
S05223,C008,2024-10-01
S02693,C012,2025-04-15
S08218,C019,2025-01-15
S09949,C036,2024-06-05
S00075,C050,2025-02-12
S04275,C013,2024-04-02
S09228,C019,2025-03-18
S06134,C041,2024-08-19
S09061,C009,2025-10-04
S02325,C012,2024-07-14
S00813,C045,2024-11-22
S09289,C021,2025-06-01
S05159,C045,2024-01-10
S05417,C037,2025-08-24
S02167,C045,2024-07-18
S08544,C004,2024-06-29
S00234,C036,2025-11-05
S04300,C025,2025-11-15
S09867,C043,2025-04-28
S06520,C015,2025-03-19
S07242,C037,2023-12-11
S03442,C021,2025-08-06
S00808,C021,2025-07-05
S04562,C035,2025-02-10
S09825,C021,2025-10-27
S04539,C018,2025-03-16
S09621,C032,2024-02-21
S02208,C011,2024-11-12
S03372,C002,2025-01-13
S09310,C048,2024-10-14
S04538,C045,2023-12-15
S09655,C044,2025-10-09
S03213,C047,2025-07-28
S09533,C017,2024-01-03
S01180,C038,2025-05-28
S07279,C010,2025-05-16
S06689,C037,2025-08-09
S04315,C033,2024-04-05
S02484,C017,2025-07-16
S08466,C005,2024-03-05
S04891,C004,2025-04-29
S07975,C032,2025-07-07
S02265,C034,2024-09-05
S07149,C032,2024-11-10
S04322,C043,2024-10-23
S09481,C017,2025-04-02
S02611,C001,2023-12-14
S08904,C021,2025-05-12
S07371,C009,2025-03-25
S05842,C011,2025-08-16
S08627,C026,2025-06-02
S01447,C045,2024-05-02
S02114,C039,2024-04-24
S03396,C009,2024-08-21
S08034,C044,2025-05-13
S09575,C037,2025-10-31
S03552,C038,2024-10-26
S00298,C036,2024-02-02
S02991,C019,2025-02-19
S08872,C039,2024-04-01
S06389,C048,2025-03-31
S01243,C046,2025-01-01
S05570,C040,2025-10-23
S07860,C015,2025-06-24
S03298,C040,2025-10-08
S05523,C013,2025-03-23
S09034,C003,2024-11-06
S04720,C011,2025-03-08
S04089,C042,2025-11-17
S05633,C013,2024-11-27
S06182,C047,2024-08-09
S03927,C007,2024-07-07
S01304,C023,2024-11-21
S01686,C002,2024-07-22
S02907,C034,2025-03-07
S02682,C006,2024-11-20
S06684,C019,2025-08-02
S01275,C049,2024-03-11
S06597,C010,2024-04-01
S01220,C012,2024-08-23
S02160,C007,2024-10-11
S08697,C017,2024-08-22
S02332,C029,2024-04-28
S03226,C050,2025-09-18
S04492,C018,2025-10-12
S08155,C015,2025-08-04
S02176,C044,2025-06-10
S00960,C039,2024-02-29
S07276,C033,2024-10-15
S00407,C032,2024-04-17
S04494,C040,2024-05-26
S08907,C013,2025-06-03
S01127,C043,2025-10-20
S02459,C026,2025-07-20
S05723,C046,2025-03-27
S01429,C050,2025-09-09
S06257,C050,2024-09-16
S05356,C029,2025-11-20
S06273,C012,2025-04-24
S03305,C028,2024-12-28
S01345,C039,2025-07-15
S01126,C038,2024-06-19
S04278,C013,2024-04-16
S07317,C046,2025-08-27
S07055,C011,2024-02-12
S07918,C041,2025-01-24
S01687,C001,2025-05-15
S08964,C032,2024-12-09
S03210,C017,2024-07-08
S02139,C024,2024-07-10
S00702,C003,2024-06-22
S09787,C034,2025-07-12
S08822,C031,2024-01-31
S05247,C044,2024-09-05
S00758,C010,2024-03-15
S03438,C003,2024-10-23
S00874,C004,2024-03-25
S04037,C018,2024-06-26
S00717,C040,2024-08-16
S01281,C022,2024-11-10
S09899,C028,2024-01-25
S06371,C032,2025-08-29
S09451,C033,2024-04-12
S09173,C028,2024-05-05
S05225,C001,2025-11-01
S00631,C011,2024-02-03
S09946,C030,2024-06-01
S09916,C002,2025-04-17
S04456,C014,2024-08-08
S05485,C033,2024-07-08
S07129,C035,2024-01-28
S02611,C037,2024-07-29
S06239,C025,2024-03-07
S01789,C018,2024-09-17
S05335,C042,2024-02-10
S02525,C021,2024-06-11
S06720,C012,2025-03-05
S05095,C019,2024-06-09
S02332,C047,2025-01-06
S08330,C047,2025-05-14
S02637,C048,2023-12-29
S01421,C005,2025-09-11
S02566,C047,2025-05-28
S00144,C024,2024-12-21
S04425,C022,2025-10-24
S08787,C033,2024-03-26
S07789,C018,2025-09-02
S01596,C039,2024-10-23
S05676,C017,2025-07-21
S04316,C028,2025-03-05
S08805,C015,2025-01-21
S00593,C024,2024-09-23
S02219,C023,2024-12-25
S08314,C041,2024-02-18
S05335,C030,2025-03-26
S08696,C010,2025-09-03
S02802,C010,2024-09-07
S01424,C026,2025-11-07
S08232,C043,2024-09-29
S02808,C016,2024-11-30
S09327,C010,2024-05-11
S03122,C004,2024-02-15
S00655,C039,2025-08-26
S07935,C014,2025-02-12
S04937,C026,2024-12-21
S09252,C038,2025-07-03
S05781,C030,2025-10-17
S08227,C001,2025-08-27
S01761,C046,2025-10-02
S06456,C021,2025-03-24
S01149,C022,2023-12-28
S09947,C048,2024-12-01
S01848,C032,2025-11-24
S05082,C003,2024-11-02
S05787,C041,2024-10-21
S07377,C025,2025-06-22
S01537,C027,2024-01-21
S00423,C029,2025-02-03
S02780,C049,2025-04-09
S04245,C024,2025-03-08
S04348,C010,2025-04-11
S02477,C023,2025-02-01
S08042,C022,2024-07-19
S05677,C018,2024-02-24
S05919,C027,2024-01-09
S05479,C025,2024-03-26
S01229,C045,2025-05-27
S08809,C033,2024-05-30
S01387,C042,2024-04-24
S07523,C033,2025-06-13
S01813,C007,2025-03-10
S05754,C030,2025-03-14
S04164,C018,2024-07-02
S08437,C049,2025-02-19
S08404,C025,2025-11-02
S01762,C043,2024-07-14
S01401,C028,2024-05-08
S01700,C026,2024-03-14
S09674,C021,2025-10-09
S09953,C039,2025-07-03
S06325,C048,2024-12-16
S08077,C018,2024-05-28
S08990,C042,2024-01-11
S03886,C018,2025-06-13
S07795,C032,2025-04-24
S02042,C023,2025-07-02
S03808,C020,2024-03-08
S07354,C028,2024-01-12
S04661,C047,2024-10-11
S09201,C037,2025-08-10
S09612,C005,2025-03-27
S09610,C005,2025-01-09
S08147,C038,2024-01-29
S01266,C035,2025-05-29
S07424,C014,2024-01-21
S06205,C029,2025-01-26
S09570,C008,2024-03-28
S03383,C040,2024-09-14
S00240,C018,2024-09-06
S02714,C030,2024-08-07
S04993,C027,2024-02-22
S04474,C044,2024-06-23
S05132,C045,2024-09-12
S02188,C043,2025-07-15
S00305,C004,2025-11-25
S00234,C036,2025-04-12
S03058,C025,2024-10-16
S07170,C014,2024-07-14
S04462,C044,2024-03-12
S08315,C022,2024-12-27
S08007,C003,2025-03-16
S02587,C023,2024-05-20
S09111,C002,2024-09-16
S09234,C022,2024-04-19
S00209,C020,2025-03-04
S00654,C017,2024-06-28
S05567,C029,2023-12-09
S05847,C003,2025-11-22
S00361,C030,2025-03-06
S05183,C041,2024-02-03
S02762,C043,2025-04-10
S00927,C048,2025-06-13
S09739,C018,2025-09-28
S09316,C040,2024-09-11
S06608,C038,2025-10-18
S00543,C040,2023-12-25
S08152,C019,2024-01-24
S03944,C034,2025-03-04
S06025,C007,2024-10-25
S05895,C024,2024-11-09
S02460,C045,2025-11-08
S08316,C047,2024-06-11
S09338,C021,2024-05-28
S08192,C011,2023-12-28
S04485,C042,2025-05-01
S05743,C045,2025-06-02
S08151,C026,2025-06-11
S07497,C003,2024-10-12
S02467,C029,2024-05-14
S09555,C029,2025-05-17
S06535,C044,2024-01-31
S04971,C017,2025-11-16
S04808,C007,2024-06-15
S02248,C036,2024-07-19
S01665,C036,2024-09-29
S05093,C047,2025-01-15
S06442,C008,2024-06-26
S08674,C021,2024-12-31
S04161,C028,2025-10-25
S02747,C031,2025-10-15
S01474,C001,2024-08-01
S07708,C014,2024-11-26
S00950,C017,2025-06-23
S05786,C032,2025-08-15
S04925,C048,2024-08-19
S09598,C040,2025-09-08
S06289,C050,2025-07-01
S05018,C014,2025-01-17
S00735,C007,2024-09-10
S06144,C032,2025-09-08
S08680,C032,2024-08-08
S06426,C021,2024-01-03
S07552,C033,2024-11-17
S06146,C008,2024-06-29
S01611,C002,2024-05-08
S08297,C001,2024-11-25
S08268,C004,2025-10-22
S00128,C005,2024-02-10
S08487,C014,2025-07-24
S01258,C042,2025-04-05
S05564,C016,2024-04-01
S07950,C022,2025-06-25
S00538,C003,2025-04-22
S06007,C002,2024-11-08
S02872,C004,2024-11-25
S09846,C047,2025-08-13
S06189,C045,2024-06-24
S04321,C011,2024-09-20
S05535,C011,2024-06-30
S03536,C046,2024-06-12
S06872,C037,2025-06-19
S01125,C023,2024-02-15
S01914,C032,2024-05-24
S02182,C041,2024-08-02
S04527,C033,2024-03-19
S07215,C045,2024-03-03
S02653,C017,2024-03-12
S09961,C033,2025-11-13
S06039,C012,2024-09-08
S08012,C015,2025-07-29
S06495,C036,2024-11-22
S07136,C050,2025-02-03
S01944,C016,2024-09-01
S04843,C044,2024-02-02
S06684,C038,2025-09-25
S00536,C036,2025-04-01
S09107,C005,2025-03-23
S08559,C036,2025-03-01
S07510,C035,2024-08-23
S00394,C015,2025-11-08
S02340,C008,2025-07-22
S05392,C032,2025-10-26
S00416,C030,2025-03-06
S00379,C018,2024-05-31
S08899,C017,2025-06-26
S01613,C050,2025-08-09
S00390,C043,2024-09-27
S02636,C040,2025-07-29
S07617,C048,2025-03-09
S04366,C046,2024-02-15
S05470,C032,2024-01-20
S03781,C015,2025-02-01
S03760,C029,2024-03-25
S01771,C001,2025-11-24
S02059,C022,2025-11-24
S04835,C029,2024-09-03
S09499,C014,2024-04-06
S05905,C045,2024-02-06
S06807,C001,2024-06-18
S08648,C026,2025-07-23
S03128,C011,2023-12-11
S04145,C012,2024-06-14
S08160,C040,2025-04-28
S08331,C026,2024-02-24
S09426,C017,2025-10-30
S04625,C006,2024-07-03
S00736,C009,2025-08-03
S07663,C008,2025-09-29
S01595,C004,2024-01-20
S01750,C022,2025-07-21
S08053,C012,2024-01-07
S01726,C017,2025-04-11
S02471,C004,2025-05-13
S07483,C019,2025-01-25
S02550,C025,2025-02-23
S00526,C045,2023-12-24
S03960,C050,2024-12-28
S02207,C040,2024-05-10
S02603,C045,2025-07-25
S03924,C015,2024-10-03
S04545,C037,2025-10-16
S00813,C033,2024-04-16
S00091,C019,2025-03-27
S00185,C001,2025-03-16
S09172,C043,2024-11-19
S05818,C034,2025-09-02
S05243,C024,2025-01-09
S00517,C025,2025-10-03
S06750,C030,2024-03-17
S09158,C004,2024-02-06
S07520,C044,2025-08-12
S02143,C024,2024-08-20
S01202,C044,2024-03-31
S03270,C048,2024-06-07
S00033,C020,2023-12-06
S05911,C020,2024-01-17
S01068,C009,2025-06-25
S07203,C025,2024-10-16
S07733,C002,2024-09-06
S04633,C006,2024-05-11
S00119,C004,2024-08-27
S05858,C030,2024-05-19
S05125,C005,2024-12-16
S02220,C023,2025-04-12
S09984,C028,2024-08-07
S05044,C044,2025-03-20
S06492,C047,2025-05-26
S05145,C024,2025-09-08
S01840,C032,2023-12-23
S02989,C008,2025-10-06
S04433,C029,2024-04-16
S04211,C020,2024-06-17
S07313,C035,2023-12-26
S07498,C012,2025-05-07
S01184,C022,2024-08-04
S00424,C040,2025-10-21
S04742,C017,2025-04-12
S02444,C016,2024-12-28
S09835,C043,2025-09-28
S06500,C008,2025-03-28
S00339,C050,2025-01-08
S03956,C008,2025-04-02
S05846,C050,2025-05-23
S06843,C040,2024-03-09
S00095,C030,2024-08-03
S08147,C031,2025-01-11
S00749,C043,2025-03-23
S02804,C008,2024-12-26
S03847,C034,2025-04-18
S00204,C033,2025-07-02
S04875,C017,2025-11-25
S07485,C011,2024-07-24
S01483,C018,2025-01-30
S08911,C010,2024-09-21
S05483,C026,2024-03-05
S09910,C025,2025-11-14
S06135,C031,2025-04-17
S08408,C049,2024-04-13
S07367,C006,2025-02-08
S02659,C036,2025-05-23
S03340,C043,2025-08-03
S09811,C006,2024-01-09
S07379,C034,2025-10-21
S03031,C034,2025-10-19
S08919,C024,2024-12-26
S04971,C046,2025-09-14
S00238,C011,2025-04-19
S04286,C017,2024-04-30
S06612,C034,2025-10-27
S01234,C039,2024-09-02
S06942,C038,2024-12-04
S01040,C045,2025-07-06
S07005,C001,2023-12-16
S06033,C001,2024-02-04
S00056,C027,2025-09-13
S09038,C034,2024-01-31
S04632,C019,2024-03-12
S04087,C009,2025-10-27
S06132,C046,2023-12-08
S04529,C020,2024-12-01
S06167,C027,2024-05-18
S01611,C050,2024-12-30
S04007,C028,2024-03-14
S06569,C050,2024-10-24
S03757,C007,2024-02-02
S06094,C025,2025-10-24
S06207,C005,2024-04-17
S05014,C003,2025-08-10
S05127,C027,2025-04-20
S03717,C014,2025-07-19
S02749,C036,2025-08-22
S01202,C039,2025-01-19
S08138,C002,2024-05-26
S08568,C044,2025-07-07
S04501,C003,2025-09-12
S01106,C001,2024-08-31
S01752,C016,2024-06-23
S08010,C010,2025-07-09
S05046,C023,2025-09-27
S09098,C037,2024-06-09
S00004,C008,2024-01-01
S01005,C004,2025-11-18
S03881,C037,2025-03-06
S01561,C024,2024-10-19
S04283,C010,2025-07-02
S03227,C041,2025-07-05
S06956,C011,2025-01-10
S02288,C048,2025-05-26
S09096,C034,2024-10-15
S02983,C004,2024-01-26
S08735,C015,2025-05-17
S04262,C041,2025-07-31
S03640,C041,2025-04-14
S08827,C012,2024-04-11
S09941,C049,2024-02-16
S09799,C042,2025-07-17
S03167,C049,2024-08-14
S06927,C009,2024-03-15
S05866,C019,2024-01-26
S08737,C026,2023-12-25
S04550,C035,2025-01-12
S03520,C046,2024-01-05
S08831,C029,2025-11-06
S02548,C049,2025-03-15
S09322,C021,2024-04-26
S02371,C004,2024-03-06
S06418,C049,2024-05-07
S02160,C007,2024-01-27
S05302,C010,2024-10-11
S00295,C049,2025-11-17
S04725,C030,2025-02-01
S02147,C030,2024-05-01
S03283,C020,2024-05-17
S01773,C042,2024-07-04
S04010,C032,2024-08-14
S08360,C022,2024-01-09
S05651,C007,2025-09-30
S00996,C019,2024-10-03
S09920,C009,2025-08-15
S07605,C002,2024-08-12
S06739,C032,2024-06-29
S01043,C015,2025-03-26
S08667,C001,2025-04-20
S05353,C029,2024-12-18
S08996,C001,2024-03-13
S06970,C024,2024-03-29
S01135,C013,2024-10-08
S06546,C023,2025-01-30
S01129,C045,2024-09-22
S08671,C048,2024-05-29
S03630,C038,2025-03-22
S04224,C036,2023-12-13
S02230,C027,2025-07-23
S00873,C028,2024-11-11
S09803,C050,2025-11-27
S09260,C013,2025-11-13
S05788,C040,2025-02-06
S01607,C049,2024-01-18
S09370,C006,2024-08-21
S05339,C048,2024-04-23
S02943,C013,2025-10-31
S01911,C005,2025-05-06
S00171,C016,2025-02-23
S02529,C014,2024-10-19
S04461,C014,2024-04-28
S04184,C029,2024-07-19
S06392,C001,2023-12-22
S01403,C040,2025-11-02
S07369,C005,2024-06-25
S06705,C047,2024-05-05
S06848,C025,2025-09-28
S01800,C045,2024-07-18
S08755,C050,2024-04-16
S05495,C005,2025-01-12
S02753,C013,2025-09-23
S08740,C020,2025-03-05
S05809,C046,2025-09-13
S02101,C014,2024-02-24
S09882,C039,2024-10-20
S03680,C037,2025-01-09
S08182,C046,2025-11-28
S05884,C029,2025-05-18
S06871,C014,2025-09-19
S07808,C013,2025-07-28
S03705,C034,2025-07-29
S04737,C019,2024-05-04
S03878,C010,2025-11-04
S05679,C037,2025-03-28
S09655,C018,2024-08-13
S09378,C027,2024-11-10
S08517,C017,2024-04-26
S03282,C006,2023-12-24
S09682,C002,2025-07-15
S06355,C035,2025-07-11
S04141,C020,2025-01-31
S08733,C008,2025-01-25
S00688,C030,2025-09-21
S05945,C033,2025-07-29
S03368,C046,2023-12-12
S01954,C001,2024-02-15
S00397,C019,2024-11-06
S06730,C044,2025-03-09
S06571,C037,2024-02-14
S09277,C037,2024-03-31
S05780,C006,2023-12-26
S08735,C019,2024-09-05
S04209,C041,2024-06-28
S07537,C041,2025-10-13
S06172,C010,2024-11-20
S05976,C007,2024-12-01
S08696,C043,2025-11-10
S06907,C050,2024-07-02
S01875,C037,2025-01-07
S04786,C008,2025-02-08
S04478,C006,2024-06-06
S08117,C040,2025-11-19
S00438,C046,2024-08-06
S04390,C033,2023-12-28
S08801,C030,2024-02-22
S05941,C021,2025-08-25
S01716,C030,2025-04-29
S07059,C009,2025-06-15
S03072,C041,2023-12-21
S04951,C005,2025-08-23
S00976,C041,2024-01-19
S03419,C047,2024-03-21
S01136,C029,2025-08-23
S02932,C001,2024-11-15
S06468,C025,2025-10-23
S02929,C034,2025-02-16
S07369,C026,2024-03-06
S05190,C045,2025-09-29
S00440,C022,2025-08-11
S04719,C027,2025-05-27
S05067,C045,2025-07-06
S05965,C021,2025-11-16
S07562,C042,2024-02-18
S03505,C013,2024-10-22
S00649,C030,2024-11-30
S01507,C026,2025-03-03
S09836,C017,2025-11-11
S02111,C039,2024-04-16
S06090,C029,2025-09-16
S03521,C015,2025-03-06
S09668,C024,2024-09-07
S01963,C030,2023-12-05
S08179,C015,2024-04-21
S00111,C019,2024-01-11
S03142,C026,2025-08-03
S07821,C011,2024-06-30
S08529,C042,2025-09-10
S05408,C016,2024-06-09
S01322,C022,2024-09-14
S04665,C049,2024-09-03
S07859,C026,2024-10-15
S00850,C033,2024-06-07
S02933,C039,2025-08-22
S09423,C050,2025-01-14
S04368,C038,2024-04-25
S07464,C026,2025-02-07
S05764,C024,2025-02-26
S07398,C010,2024-07-31
S02389,C002,2025-03-25
S01458,C002,2024-11-05
S05261,C026,2023-12-26
S09744,C024,2025-02-28
S04122,C034,2025-05-23
S00630,C031,2025-11-05
S03192,C043,2025-07-14
S00754,C022,2025-03-29
S09988,C031,2024-10-27
S08234,C024,2025-06-27
S03311,C026,2025-05-26
S00866,C047,2024-02-28
S01250,C014,2025-05-11
S03939,C017,2024-05-07
S05033,C048,2024-05-02
S00888,C001,2025-11-03
S06223,C005,2024-10-28
S04043,C016,2024-10-12
S07150,C035,2024-11-06
S02145,C048,2024-11-06
S07016,C005,2025-03-23
S09562,C006,2025-06-16
S08498,C006,2024-12-06
S02476,C008,2024-03-25
S03816,C042,2025-06-19
S07448,C048,2024-03-28
S06640,C007,2024-11-08
S06782,C033,2025-11-05
S00205,C006,2025-04-07
S09776,C042,2024-09-22
S07135,C040,2025-06-22
S00478,C035,2024-03-31
S09238,C001,2025-10-04
S04398,C022,2024-02-04
S04171,C030,2024-03-16
S08744,C015,2024-02-04
S01720,C023,2025-10-20
S02845,C023,2024-01-26
S01061,C027,2025-01-01
S09178,C016,2025-05-24
S05785,C025,2025-03-21
S03374,C042,2024-02-21
S00390,C044,2025-09-14
S06710,C016,2024-08-16
S08439,C042,2025-03-24
S01330,C008,2024-11-03
S00331,C014,2025-10-07
S09559,C034,2024-08-17
S04576,C034,2025-08-21
S04771,C050,2025-06-01
S08395,C046,2024-02-29
S03693,C009,2025-07-16
S01412,C026,2024-07-16
S01271,C048,2024-07-07
S08377,C045,2025-05-21
S03277,C016,2024-06-03
S06196,C035,2025-09-06
S05962,C027,2025-01-09
S01389,C027,2024-01-09
S03342,C002,2025-09-05
S07721,C025,2024-11-19
S08166,C031,2024-08-19
S05370,C034,2025-07-19
S05487,C021,2024-06-12
S09564,C017,2025-07-12
S08273,C022,2025-01-22
S08377,C038,2025-08-05
S07110,C041,2025-03-29
S01887,C032,2024-09-07
S01157,C013,2025-04-29
S00635,C041,2025-02-04
S02063,C041,2025-10-01
S06399,C035,2024-03-17
S05085,C048,2024-04-14
S03622,C020,2024-01-05
S00310,C036,2025-01-27
S08903,C043,2024-02-08
S05479,C006,2023-12-10
S09860,C047,2025-08-08
S04106,C042,2025-08-04
S05723,C044,2024-09-20
S09347,C042,2025-04-01
S02980,C026,2025-06-02
S02549,C027,2025-09-09
S08793,C035,2024-10-05
S01085,C020,2024-05-29
S05267,C040,2025-02-17
S00706,C012,2025-11-16
S06322,C026,2023-12-12
S06974,C043,2025-01-06
S09527,C022,2025-01-20
S08092,C015,2025-03-31
S02626,C007,2025-03-08
S08183,C030,2025-06-17
S04299,C002,2025-10-17
S05477,C022,2025-09-06
S09750,C043,2024-07-07
S01344,C038,2024-09-18
S08859,C012,2024-04-16
S04919,C004,2025-06-25
S05885,C006,2024-08-31
S08048,C023,2025-01-14
S02614,C005,2025-08-14
S07616,C010,2025-10-29
S06507,C011,2024-08-23
S01736,C017,2025-04-17
S07157,C046,2024-09-12
S02225,C006,2024-09-07
S02860,C005,2024-11-10
S08775,C043,2025-10-01
S05851,C025,2024-04-18
S00345,C020,2023-12-26
S03726,C042,2024-04-13
S03653,C003,2025-05-11
S08359,C040,2024-06-17
S01363,C042,2025-12-01
S04444,C045,2024-10-25
S09701,C015,2024-09-03
S08379,C012,2024-12-24
S04484,C032,2024-09-11
S09485,C026,2025-09-02
S05644,C008,2025-04-24
S09203,C029,2025-01-18
S04472,C001,2024-11-06
S09914,C026,2024-11-21
S02396,C017,2024-10-24
S03190,C021,2025-03-31
S06872,C048,2025-11-02
S09349,C047,2025-07-01
S07502,C031,2024-05-30
S04644,C040,2024-08-16
S08279,C003,2024-01-13
S09566,C005,2024-01-02
S04569,C008,2024-03-12
S04236,C037,2025-06-23
S05785,C041,2024-07-30
S02658,C048,2024-04-10
S06590,C018,2024-03-28
S00948,C045,2024-02-19
S02288,C001,2024-03-14
S01158,C009,2025-04-16
S08354,C020,2025-05-13
S03650,C044,2024-11-22
S00823,C028,2025-06-25
S07732,C005,2024-03-27
S08129,C041,2025-01-13
S04721,C041,2024-07-20
S04129,C041,2024-02-29
S03835,C012,2024-11-03
S09067,C017,2024-01-22
S07797,C048,2024-08-15
S07600,C049,2025-01-31
S00593,C048,2024-02-18
S06413,C034,2025-08-15
S08062,C011,2025-01-23
S04610,C008,2024-07-30
S00112,C041,2025-01-14
S09504,C018,2024-08-10
S03512,C014,2025-05-25
S05232,C049,2024-01-09
S04609,C004,2024-07-14
S07950,C028,2025-06-20
S07595,C040,2025-10-06
S05910,C007,2025-10-17
S01506,C034,2024-05-24
S02265,C025,2025-10-03
S05017,C047,2025-03-22
S01221,C029,2025-05-15
S03898,C019,2024-01-28
S08812,C015,2024-01-29
S07160,C014,2024-12-31
S09389,C045,2025-11-01
S04548,C027,2024-03-05
S07454,C027,2024-01-24
S03632,C039,2025-07-12
S05964,C009,2025-10-10
S06101,C036,2024-10-01
S01600,C029,2024-06-17
S04040,C002,2025-02-18
S00477,C030,2024-07-18
S09967,C019,2024-10-02
S07076,C015,2025-05-12
S04769,C050,2024-10-05
S06215,C040,2025-04-13
S06751,C020,2024-04-10
S00572,C012,2025-01-23
S06458,C001,2025-04-10
S01466,C018,2025-03-26
S04762,C021,2025-09-16
S07643,C048,2024-11-12
S08891,C021,2025-02-11
S06992,C026,2024-02-09
S05965,C005,2025-05-06
S06600,C014,2025-08-09
S09536,C023,2025-09-11
S02654,C002,2024-05-19
S03325,C035,2024-02-06
S08069,C017,2024-04-05
S06624,C011,2024-09-15
S01084,C030,2024-09-02
S06630,C041,2024-06-05
S05078,C046,2024-11-22
S04601,C035,2025-01-14
S01135,C010,2024-11-30
S08546,C001,2024-04-05
S03657,C049,2024-05-06
S01240,C006,2024-04-16
S05588,C020,2024-07-10
S08112,C017,2025-10-19
S09694,C048,2025-08-17
S09184,C012,2025-08-16
S09674,C032,2024-09-09
S08791,C043,2025-10-08
S01162,C003,2024-12-07
S03676,C020,2024-01-23
S07094,C002,2025-09-21
S04021,C039,2024-11-21
S08211,C022,2025-08-30
S01547,C008,2024-05-17
S03832,C001,2024-07-18
S09765,C022,2025-05-02
S05454,C008,2025-07-26
S04720,C015,2024-11-08
S00145,C019,2024-02-26
S08401,C009,2024-01-04
S04796,C002,2024-09-10
S04469,C024,2023-12-26
S06036,C003,2025-08-08
S05731,C032,2025-04-16
S00330,C038,2025-01-16
S00686,C018,2024-06-10
S07695,C050,2025-01-25
S04720,C035,2025-12-04
S09875,C040,2024-01-28
S00334,C019,2025-08-21
S04462,C019,2025-06-04
S07901,C039,2025-07-21
S04295,C028,2025-10-26
S06301,C012,2025-04-03
S08132,C013,2024-01-03
S04598,C006,2025-04-13
S06385,C026,2025-11-07
S08812,C008,2025-10-27
S03576,C040,2025-09-29
S02656,C023,2025-12-01
S07212,C005,2024-05-18
S02342,C045,2023-12-07
S04841,C020,2025-08-29
S08323,C018,2024-05-31
S08998,C001,2025-10-28
S04782,C002,2024-05-22
S09044,C005,2024-02-21
S01024,C009,2024-06-01
S08375,C046,2025-03-27
S08529,C036,2024-09-04
S05225,C039,2025-06-09
S02331,C023,2025-02-08
S09698,C038,2025-03-06
S08585,C045,2025-10-19
S01574,C012,2024-07-19
S05339,C034,2025-08-22
S00774,C020,2024-06-17
S02707,C029,2025-04-10
S00970,C043,2024-07-22
S08393,C001,2024-04-03
S06513,C037,2024-10-06
S07101,C017,2024-04-11
S08815,C019,2025-08-28
S08060,C002,2024-02-27
S09941,C032,2024-09-13
S04695,C042,2024-01-18
S05157,C037,2024-03-08
S03961,C042,2024-10-16
S09393,C038,2023-12-20
S03783,C003,2024-12-20
S00877,C013,2024-10-16
S00623,C029,2024-05-13
S08462,C046,2025-03-03
S03184,C001,2025-05-22
S06680,C027,2024-08-06
S02617,C012,2025-01-14
S08019,C005,2024-01-01
S07339,C004,2025-10-06
S04202,C009,2024-12-29
S00955,C003,2025-04-12
S07856,C008,2025-06-24
S04292,C022,2024-12-05
S02498,C014,2023-12-05
S01126,C033,2025-09-25
S00511,C023,2024-12-01
S09827,C007,2025-02-02
S00458,C009,2024-10-04
S08881,C018,2025-04-12
S09202,C018,2024-09-22
S02168,C018,2024-01-20
S00398,C032,2024-11-22
S03680,C046,2025-09-18
S01383,C035,2025-07-09
S04746,C042,2024-03-07
S05305,C037,2025-11-21
S08455,C049,2024-01-18
S07578,C044,2025-05-01
S08789,C028,2025-07-14
S03734,C008,2024-01-30
S09590,C024,2024-05-19
S03066,C028,2024-05-24
S01509,C043,2024-03-28
S05546,C002,2025-10-02
S03196,C040,2024-08-11
S01898,C003,2024-06-27
S07953,C033,2024-10-03
S01307,C043,2025-07-29
S06026,C016,2025-03-21
S00378,C001,2024-08-17
S05114,C038,2024-03-20
S05831,C023,2024-06-25
S06207,C043,2024-11-08
S08810,C046,2025-04-04
S04898,C029,2024-08-08
S05883,C031,2023-12-29
S07942,C019,2024-05-02
S07637,C015,2024-07-30
S00829,C031,2023-12-29
S02160,C043,2024-10-05
S07828,C034,2023-12-26
S09355,C033,2025-06-24
S05130,C024,2025-09-14
S09427,C039,2025-01-29
S01528,C013,2025-03-21
S01654,C024,2025-11-20
S03318,C045,2025-06-17
S06429,C008,2025-05-12
S04348,C048,2024-07-09
S09251,C022,2024-10-11
S09297,C011,2025-11-10
S03724,C028,2025-04-04
S09524,C048,2024-03-26
S00492,C023,2024-02-24
S04852,C010,2024-03-13
S02975,C031,2024-09-21
S00025,C009,2025-03-12
S02766,C014,2025-02-01
S00410,C037,2024-05-26
S07356,C005,2025-08-24
S03816,C002,2024-10-18
S09972,C012,2025-01-08
S04420,C014,2024-05-30
S04632,C029,2025-08-29
S02693,C015,2025-02-20
S08134,C019,2024-02-13
S03034,C027,2025-03-06
S05731,C026,2024-01-27
S08541,C021,2025-01-08
S06513,C025,2025-06-25
S01679,C003,2025-09-28
S05106,C045,2024-10-17
S05013,C017,2024-08-26
S01340,C009,2024-10-26
S04985,C046,2024-07-14
S01057,C045,2025-05-14
S06799,C047,2024-10-17
S07468,C044,2024-12-29
S03569,C040,2025-10-28
S02226,C032,2025-01-27
S08793,C033,2024-02-21
S04910,C026,2024-09-07
S08635,C005,2024-08-15
S00466,C002,2023-12-30
S05995,C020,2024-07-17
S04656,C017,2024-11-06
S00035,C010,2025-07-10
S08038,C011,2025-10-03
S02227,C044,2025-04-11
S05387,C003,2025-03-25
S05134,C012,2024-07-22
S09742,C002,2024-01-03
S03569,C045,2024-07-18
S08563,C025,2024-09-18
S00080,C007,2025-04-01
S07252,C037,2025-03-24
S06576,C019,2024-09-21
S04467,C001,2025-09-11
S09757,C011,2024-08-24
S04092,C039,2024-04-13
S02760,C032,2025-08-01
S07277,C017,2024-04-11
S00636,C031,2024-04-30
S07997,C008,2024-05-28
S00492,C002,2024-06-01
S03328,C015,2024-06-12
S06027,C016,2025-07-20
S03294,C012,2025-01-08
S00002,C021,2024-09-02
S03217,C002,2024-07-31
S09325,C038,2024-02-18
S02822,C025,2024-06-23
S00666,C014,2025-10-09
S01495,C019,2025-06-25
S01212,C038,2025-10-12
S08708,C040,2024-03-20
S03886,C026,2024-07-26
S03762,C025,2025-07-28
S01568,C027,2024-08-16
S09617,C033,2025-08-12
S02968,C011,2024-02-08
S01078,C025,2023-12-22
S01983,C041,2024-11-11
S00211,C007,2025-01-02
S03638,C037,2024-05-21
S06285,C014,2025-04-02
S01467,C029,2025-10-09
S07239,C009,2025-08-25
S04635,C022,2024-04-03
S03541,C001,2024-06-14
S08854,C011,2025-07-26
S08240,C020,2025-08-18
S08953,C048,2025-08-09
S00649,C021,2024-10-15
S07131,C030,2025-11-05
S06017,C044,2024-06-20
S09701,C049,2024-10-16
S01999,C002,2024-12-02
S05932,C031,2024-09-13
S07173,C028,2025-06-09
S05984,C046,2025-01-18
S08450,C031,2025-02-26
S03752,C028,2025-06-02
S00282,C044,2024-02-28
S04913,C018,2025-11-14
S03595,C038,2024-10-16
S05797,C041,2025-08-15
S01254,C047,2025-01-13
S04119,C007,2025-10-30
S08171,C024,2025-12-04
S09280,C016,2024-12-15
S08143,C006,2024-08-28
S04535,C027,2024-12-01
S00505,C007,2024-07-14
S09372,C025,2024-09-01
S04884,C050,2024-05-29
S07446,C007,2024-09-08
S06347,C028,2025-11-19
S04840,C028,2024-02-09
S06068,C030,2024-01-06
S06753,C030,2025-11-09
S05138,C029,2025-07-03
S01717,C039,2025-03-18
S09574,C033,2025-06-05
S02153,C041,2023-12-09
S08747,C003,2025-01-26
S03355,C029,2024-03-18
S05231,C027,2025-05-25
S00929,C011,2024-05-13
S04249,C025,2024-11-13
S09532,C027,2025-02-21
S01289,C046,2024-10-05
S04315,C032,2023-12-11
S00829,C029,2025-10-03
S07699,C046,2025-11-02
S05025,C039,2024-03-31
S00168,C001,2025-06-10
S00302,C048,2024-07-06
S03376,C028,2024-05-04
S04547,C050,2024-07-22
S08100,C012,2025-01-28
S08005,C047,2025-03-23
S05241,C014,2024-02-27
S01799,C017,2025-08-14
S05830,C041,2024-02-23
S09049,C021,2024-12-06
S01543,C015,2024-04-20
S07940,C046,2025-10-25
S03316,C016,2025-10-30
S07390,C016,2024-04-28
S06360,C005,2024-05-18
S00742,C022,2025-05-28
S00766,C031,2025-01-10
S03420,C025,2024-12-10
S01176,C011,2025-11-03
S08095,C019,2025-04-11
S09647,C030,2024-04-20
S05996,C006,2024-12-18
S00522,C021,2024-03-19
S00726,C050,2024-04-04
S02236,C034,2024-11-25
S01068,C014,2024-02-25
S09197,C044,2024-02-02
S03534,C012,2025-11-08
S07290,C005,2025-06-18
S05504,C033,2024-08-10
S04309,C017,2024-09-14
S04087,C046,2024-01-29
S09863,C020,2024-05-25
S03891,C002,2023-12-24
S09116,C033,2024-05-18
S02684,C040,2024-01-17
S00674,C040,2024-02-29
S03045,C013,2025-03-25
S09804,C036,2025-07-15
S06179,C019,2023-12-17
S00712,C002,2024-10-26
S01382,C027,2024-02-28
S04780,C039,2025-01-27
S01800,C023,2024-01-28
S05299,C030,2025-02-02
S01909,C046,2025-06-03
S06379,C011,2025-02-16
S02049,C020,2025-09-14
S03573,C002,2025-09-24
S03705,C027,2024-08-18
S03597,C031,2024-07-24
S07100,C034,2025-06-09
S01376,C001,2023-12-19
S09720,C025,2025-07-12
S02589,C001,2024-06-23
S02455,C038,2025-11-14
S04698,C008,2025-05-27
S01174,C012,2025-05-16
S01204,C021,2024-03-24
S03539,C001,2024-03-26
S06250,C029,2024-06-09
S06137,C036,2024-01-14
S04652,C047,2024-03-27
S00313,C041,2024-05-20
S07482,C012,2025-01-28
S07292,C019,2025-10-04
S02824,C002,2024-02-12
S03216,C032,2025-10-15
S01826,C023,2025-09-08
S05611,C039,2024-05-05
S07044,C015,2025-11-10
S06358,C029,2024-09-20
S07097,C050,2025-08-05
S03746,C047,2024-02-26
S04721,C028,2025-07-09
S09541,C049,2025-01-31
S08900,C014,2025-02-17
S08720,C027,2024-08-16
S08110,C036,2024-01-03
S00395,C010,2024-08-15
S05761,C008,2024-07-27
S04903,C037,2025-02-17
S07300,C025,2024-07-26
S07577,C020,2025-04-11
S00529,C049,2024-11-15
S08984,C020,2025-01-11
S08210,C031,2025-02-18
S03229,C020,2024-05-15
S01020,C012,2025-05-27
S03350,C036,2024-05-07
S05561,C009,2024-04-30
S00159,C001,2025-06-30
S08819,C033,2024-04-28
S07787,C038,2025-07-29
S07421,C026,2025-01-17
S07115,C026,2025-12-03
S04505,C027,2024-05-21
S05209,C048,2024-10-07
S04954,C013,2024-07-25
S05541,C046,2024-12-04
S08359,C037,2025-03-02
S07868,C047,2024-11-13
S01366,C017,2025-03-12
S00891,C038,2025-04-22
S04879,C017,2025-06-25
S08827,C019,2024-11-15
S08776,C010,2024-07-17
S08900,C011,2024-01-12
S02088,C004,2024-01-27
S08601,C026,2024-12-08
S07124,C050,2025-08-24
S02575,C006,2023-12-16
S07648,C015,2024-05-03
S02095,C045,2025-11-10
S06617,C030,2024-02-14
S06229,C048,2024-04-14
S05519,C043,2025-06-13
S07774,C040,2025-08-26
S07825,C010,2024-07-02
S07164,C007,2025-08-22
S04043,C023,2025-04-02
S06709,C028,2024-11-19
S08541,C041,2025-01-27
S05055,C001,2024-11-11
S06038,C027,2024-06-27
S06869,C018,2024-11-30
S01082,C003,2024-04-20
S07827,C035,2024-04-01
S07112,C019,2025-03-25
S04461,C017,2024-03-04
S07872,C016,2024-10-21
S00713,C030,2024-04-21
S09486,C001,2023-12-25
S05034,C005,2024-10-15
S00286,C048,2025-06-24
S01625,C012,2025-10-05
S08177,C041,2024-10-05
S06866,C045,2024-10-21
S00074,C039,2024-06-22
S03812,C040,2025-02-01
S07366,C030,2025-09-17
S07954,C025,2024-08-30
S05579,C039,2025-04-23
S02137,C030,2024-02-18
S06028,C032,2024-09-21
S07558,C018,2025-11-15
S01959,C049,2023-12-12
S09177,C036,2025-08-10
S02055,C004,2025-04-28
S00284,C036,2024-08-03
S02944,C048,2024-05-17
S07100,C030,2024-07-29
S00693,C007,2025-01-23
S09706,C042,2024-09-08
S08670,C043,2024-11-19
S06373,C046,2025-02-01
S02306,C019,2025-05-26
S08278,C026,2024-08-29
S01502,C048,2024-04-25
S08546,C025,2025-01-15
S05588,C032,2025-03-22
S00263,C042,2024-11-18
S09841,C026,2024-05-04
S02533,C039,2025-10-13
S03580,C021,2024-07-26
S09481,C028,2024-10-20
S00845,C022,2025-05-29
S00880,C042,2024-04-14
S08688,C033,2025-05-20
S03636,C018,2025-08-30
S07841,C011,2025-11-24
S09581,C001,2024-01-11
S04983,C012,2025-08-27
S03061,C020,2025-03-06
S00698,C009,2023-12-16
S05396,C006,2024-12-29
S08287,C036,2024-12-16
S08063,C029,2025-11-30
S05420,C050,2024-07-10
S04256,C029,2024-10-14
S07745,C036,2023-12-31
S01540,C047,2025-09-11
S05005,C017,2025-09-11
S08574,C029,2025-05-10
S05659,C050,2024-02-07
S06993,C012,2025-05-03
S04352,C034,2024-12-08
S07889,C031,2025-04-26
S09202,C050,2025-11-10
S02199,C039,2024-06-10
S01286,C043,2024-04-22
S06874,C025,2024-09-03
S09783,C015,2025-10-01
S07551,C042,2024-09-16
S03531,C024,2025-09-12
S09446,C042,2024-01-26
S00944,C005,2024-01-19
S07472,C011,2025-06-20
S03478,C047,2024-02-14
S03312,C027,2025-09-17
S06976,C030,2025-03-14
S04184,C025,2025-04-24
S09472,C012,2025-11-05
S08879,C037,2025-07-20
S08670,C030,2023-12-24
S05152,C029,2025-04-12
S01768,C034,2024-08-10
S03792,C014,2024-08-17
S07897,C023,2025-09-15
S02285,C032,2025-10-30
S05671,C012,2025-01-12
S02255,C006,2024-01-05
S06908,C003,2025-03-30
S00723,C014,2024-08-10
S01329,C001,2025-07-19
S05791,C034,2024-01-09
S05437,C050,2025-08-17
S09614,C022,2024-10-08
S00359,C044,2024-05-26
S07616,C031,2025-04-02
S01589,C029,2024-12-20
S07676,C049,2023-12-31
S01901,C036,2024-02-26
S06091,C005,2024-07-28
S03085,C033,2024-07-13
S00350,C005,2025-10-22
S05840,C049,2025-02-09
S03152,C042,2025-09-16
S01879,C044,2024-04-06
S06304,C007,2025-02-01
S02378,C013,2024-08-29
S04422,C004,2023-12-25
S07540,C022,2024-09-05
S02220,C028,2024-01-31
S01023,C002,2024-08-26
S00502,C012,2025-07-22
S00993,C012,2025-02-27
S06070,C034,2025-09-25
S04662,C050,2025-03-25
S05857,C009,2024-05-05
S00978,C019,2025-11-08
S01590,C003,2024-04-04
S03109,C001,2025-04-21
S00138,C025,2024-10-15
S00912,C014,2024-11-03
S01194,C012,2025-08-16
S03234,C038,2025-08-31
S09141,C029,2025-08-03
S02687,C030,2025-04-01
S00618,C031,2025-09-02
S05863,C050,2024-11-08
S04475,C050,2024-03-26
S00275,C023,2024-03-12
S03311,C005,2024-06-25
S02802,C018,2025-07-18
S08073,C037,2025-08-08
S08903,C014,2025-10-24
S01224,C047,2024-10-22
S07857,C027,2025-09-15
S04582,C011,2025-01-17
S00591,C031,2024-03-14
S00334,C032,2025-01-03
S06353,C012,2023-12-26
S09053,C025,2025-10-07
S02077,C048,2025-01-03
S02524,C002,2025-10-30
S04681,C043,2025-08-28
S01477,C040,2024-10-27
S07567,C033,2025-09-24
S03171,C044,2025-05-07
S00141,C033,2025-01-09
S09373,C018,2025-03-19
S07211,C037,2025-04-09
S04893,C024,2024-06-30
S01473,C033,2025-04-03
S05109,C017,2025-07-07
S05185,C049,2024-10-20
S03113,C036,2025-06-14
S07661,C013,2025-05-02
S07151,C034,2025-08-02
S02493,C015,2025-04-07
S05693,C023,2025-06-09
S08150,C041,2025-04-27
S09457,C006,2024-09-08
S01497,C022,2025-06-16
S03490,C024,2024-12-31
S01122,C035,2024-08-21
S00403,C032,2025-02-05
S08832,C024,2025-08-30
S00474,C015,2025-03-11
S09028,C007,2025-07-28
S07914,C004,2024-06-10
S07770,C001,2025-03-13
S02542,C004,2024-11-01
S07005,C034,2023-12-07
S04522,C009,2024-01-14
S09955,C009,2025-02-18
S05575,C048,2024-12-21
S03652,C010,2024-05-01
S08413,C021,2024-01-28
S06417,C033,2024-11-17
S07091,C029,2024-04-07
S06442,C030,2024-10-02
S09571,C050,2024-09-01
S04872,C031,2024-11-15
S00314,C050,2024-09-28
S09872,C042,2025-03-19
S03074,C046,2023-12-11
S01057,C006,2024-05-18
S02385,C033,2024-09-05
S00173,C030,2025-04-21
S07903,C025,2024-04-15
S04347,C035,2024-02-15
S07944,C011,2025-10-09
S05390,C016,2024-12-19
S00258,C039,2025-09-07
S04955,C048,2024-11-03
S05161,C035,2025-03-05
S02083,C006,2024-02-24
S06799,C023,2025-08-05
S01883,C012,2025-08-10
S08990,C050,2025-08-15
S07440,C015,2024-08-29
S02665,C033,2024-07-22
S06795,C007,2024-12-12
S09545,C031,2023-12-13
S09668,C007,2025-09-09
S09197,C028,2025-05-12
S05973,C002,2024-05-14
S08258,C032,2024-04-04
S09241,C004,2024-12-13
S03904,C006,2024-08-18
S05231,C048,2025-10-01
S05820,C015,2024-02-10
S02882,C019,2025-10-14
S05267,C032,2024-06-27
S00150,C001,2024-10-18
S00517,C008,2025-11-07
S01204,C039,2025-08-16
S02500,C011,2023-12-25
S06864,C004,2024-10-25
S04055,C009,2024-12-27
S06791,C010,2024-08-05
S09276,C023,2025-09-30
S09072,C034,2024-10-22
S09562,C012,2024-04-17
S00785,C033,2024-03-08
S01715,C037,2025-05-22
S04599,C035,2025-12-03
S07691,C030,2024-11-11
S04047,C016,2024-09-03
S03334,C019,2025-07-28
S05809,C021,2024-04-22
S08502,C003,2024-11-03
S08988,C011,2024-04-16
S06960,C039,2025-05-08
S02997,C019,2025-06-21
S00764,C005,2024-01-21
S01782,C037,2024-07-01
S01570,C006,2024-03-21
S07431,C027,2024-08-14
S03441,C012,2024-11-05
S09553,C003,2025-07-14
S09412,C016,2025-11-17
S01354,C001,2024-09-10
S08222,C042,2025-06-03
S08760,C033,2025-01-13
S01496,C044,2025-02-18
S05454,C009,2025-08-24
S02891,C042,2024-12-25
S03964,C044,2024-11-16
S01524,C004,2025-08-08
S09595,C027,2024-05-16
S04215,C032,2024-03-01
S07347,C050,2025-11-03
S05562,C003,2024-02-10
S04764,C037,2024-09-27
S08436,C028,2025-10-09
S05393,C029,2025-10-29
S02470,C038,2024-08-13
S06896,C002,2025-08-28
S07916,C013,2024-05-14
S06779,C047,2024-05-07
S05498,C049,2024-07-19
S03079,C030,2025-10-25
S02413,C045,2024-05-19
S01961,C024,2025-08-12
S07431,C032,2025-04-02
S07084,C029,2023-12-24
S00290,C040,2024-03-29
S07468,C002,2025-02-17
S04528,C044,2025-09-10
S00833,C017,2024-05-09
S08269,C010,2025-08-18
S07495,C002,2024-03-10
S03620,C050,2025-01-17
S02287,C023,2024-11-18
S00031,C001,2025-02-11
S07716,C028,2024-08-30
S01677,C018,2024-08-24
S04556,C008,2024-06-22
S08686,C007,2025-11-30
S09893,C029,2024-01-29
S06334,C007,2024-04-13
S00711,C045,2025-04-18
S00709,C033,2024-12-23
S03330,C015,2025-01-01
S02369,C003,2025-10-06
S06825,C035,2025-09-11
S03315,C048,2024-03-02
S09003,C020,2024-05-12
S04701,C050,2024-09-07
S09417,C015,2025-08-11
S08087,C047,2025-03-27
S01317,C028,2024-01-13
S00131,C004,2024-05-15
S06709,C037,2025-06-05
S02931,C001,2024-05-06
S08588,C007,2024-03-02
S06043,C029,2025-01-03
S00039,C023,2024-10-20
S01314,C009,2024-09-09
S06423,C029,2025-06-23
S04615,C018,2025-05-26
S04620,C018,2025-05-12
S02609,C020,2025-05-09
S07518,C017,2024-04-25
S08861,C047,2024-08-09
S01157,C041,2024-09-24
S05037,C043,2025-11-14
S00345,C031,2025-03-18
S07412,C012,2024-02-25
S08040,C004,2024-03-14
S06263,C021,2024-06-11
S02186,C037,2023-12-21
S00942,C029,2025-04-08
S01795,C002,2024-05-14
S02499,C010,2024-11-19
S06066,C003,2024-03-21
S09127,C025,2024-10-01
S00598,C012,2024-10-12
S08556,C025,2024-06-02
S01398,C027,2024-08-20
S04367,C020,2025-04-20
S02553,C025,2025-06-12
S03291,C021,2025-07-02
S08664,C010,2024-11-13
S06258,C013,2025-07-09
S07647,C041,2024-01-26
S09331,C043,2025-02-14
S09898,C019,2025-04-01
S05706,C006,2025-07-20
S05104,C032,2025-04-15
S04898,C016,2025-06-22
S03813,C017,2025-08-01
S00794,C033,2024-08-27
S00393,C047,2025-04-17
S09685,C046,2024-01-14
S09033,C047,2025-03-13
S04754,C002,2025-02-12
S03882,C030,2024-10-03
S06579,C005,2024-05-23
S09331,C033,2024-10-19
S04434,C044,2025-11-14
S05230,C014,2024-06-04
S02697,C016,2024-06-03
S04586,C023,2025-06-25
S07596,C037,2025-09-02
S06096,C008,2024-12-24
S06938,C005,2024-06-23
S06649,C033,2024-07-25
S07390,C017,2024-11-19
S07178,C001,2025-04-12
S05889,C014,2024-12-06
S07550,C041,2024-12-23
S03203,C006,2024-03-14
S01515,C032,2024-03-30
S08554,C041,2024-09-27
S04643,C030,2025-02-05
S03578,C043,2024-05-01
S09780,C036,2025-01-21
S09888,C024,2025-07-26
S00196,C019,2024-03-21
S01761,C006,2024-04-06
S01042,C042,2024-08-16
S05039,C006,2024-09-24
S09346,C041,2024-10-08
S02502,C026,2024-12-04
S00454,C012,2024-08-11
S07790,C019,2024-06-21
S02497,C033,2024-09-09
S01799,C014,2024-02-04
S01378,C048,2025-03-14
S06134,C042,2024-06-18
S05822,C024,2025-04-06
S01551,C014,2025-08-17
S04504,C014,2024-01-31
S09821,C024,2025-04-29
S02031,C007,2024-05-28
S02964,C008,2024-11-14
S02182,C044,2023-12-05
S07529,C015,2024-12-19
S01883,C025,2024-09-13
S04935,C048,2024-05-02
S05421,C009,2025-06-18
S07506,C001,2024-06-11
S09537,C002,2024-09-21
S01753,C013,2025-11-08
S08786,C032,2025-11-29
S04124,C035,2025-06-29
S05290,C015,2024-05-19
S05781,C041,2024-08-15
S02773,C035,2024-02-12
S05328,C037,2024-08-04
S03035,C048,2024-10-26
S00596,C044,2024-03-27
S02230,C038,2024-09-18
S02861,C042,2024-10-05
S04322,C040,2024-01-14
S09070,C035,2025-09-19
S02252,C016,2024-10-30
S03011,C014,2024-09-30
S08745,C035,2024-08-24
S02792,C037,2025-01-01
S01060,C028,2024-07-14
S08024,C012,2023-12-12
S06519,C035,2024-09-06
S04258,C027,2024-08-09
S07944,C016,2024-03-05
S05170,C037,2024-08-29
S04336,C024,2025-07-08
S07932,C030,2025-07-22
S01495,C042,2025-09-10
S02295,C027,2024-11-06
S00372,C006,2024-04-03
S04720,C011,2025-04-03
S05347,C023,2023-12-06
S03122,C012,2024-08-19
S06220,C037,2024-09-04
S07060,C007,2024-07-03
S09130,C039,2025-10-28
S02016,C017,2025-11-14
S02141,C012,2024-08-26
S07247,C036,2025-09-13
S09116,C020,2025-11-16
S05380,C033,2024-11-17
S07497,C015,2024-08-23
S00839,C023,2024-06-20
S07869,C013,2024-09-24
S09221,C035,2024-09-07
S04565,C022,2024-05-27
S02755,C038,2025-10-15
S06062,C015,2024-11-13
S00563,C039,2025-02-14
S00797,C010,2024-01-19
S09720,C019,2024-12-17
S07455,C009,2025-10-06
S03405,C027,2024-12-19
S00316,C008,2025-06-09
S02836,C037,2023-12-12
S05236,C044,2025-06-07
S08174,C043,2024-12-06
S09164,C003,2025-02-25
S06300,C034,2024-09-25
S07747,C035,2025-01-28
S09937,C023,2024-12-19
S00338,C037,2024-09-01
S02249,C031,2024-09-26
S04724,C003,2024-10-20
S01637,C006,2025-08-28
S04978,C023,2025-01-29
S02318,C035,2025-10-31
S00127,C050,2024-01-02
S00692,C033,2024-06-16
S06509,C014,2024-04-25
S06713,C035,2024-01-02
S04753,C037,2024-01-14
S06231,C034,2025-09-20
S03816,C017,2024-07-21
S09793,C026,2024-05-28
S08340,C022,2025-09-22
S01517,C022,2024-07-20
S00652,C050,2024-07-02
S03553,C013,2025-03-10
S02450,C042,2025-02-15
S02630,C035,2025-06-01
S09835,C004,2024-05-16
S00842,C004,2025-07-20
S06280,C031,2024-09-17
S00530,C004,2025-03-22
S08197,C045,2025-07-22
S08251,C026,2025-06-17
S00074,C041,2024-06-29
S05696,C021,2024-09-07
S04839,C026,2024-05-28
S06608,C001,2025-05-17
S08317,C025,2024-12-25
S09598,C024,2025-08-30
S09837,C006,2025-02-22
S05516,C004,2024-02-17
S05090,C050,2024-02-16
S09440,C029,2024-12-22
S08140,C040,2025-05-27
S08103,C025,2025-02-15
S01456,C026,2025-06-15
S04271,C021,2025-10-29
S07638,C028,2025-04-05
S04044,C030,2024-06-22
S06705,C010,2025-11-29
S08931,C041,2025-07-03
S05819,C034,2025-07-11
S05669,C002,2025-06-04
S07230,C034,2025-04-08
S07763,C028,2025-09-04
S06272,C006,2024-03-15
S08082,C027,2025-03-08
S02916,C017,2024-04-08
S05279,C042,2025-01-03
S03363,C035,2024-02-17
S06242,C003,2024-07-30
S02671,C024,2024-10-15
S09846,C009,2024-06-25
S01549,C048,2024-10-29
S04722,C026,2025-10-13
S03520,C032,2025-11-24
S08016,C029,2024-01-17
S06216,C049,2024-04-20
S00505,C028,2024-01-25
S01813,C041,2025-04-26
S05108,C007,2025-07-26
S01618,C020,2025-05-01
S00915,C015,2024-04-15
S00452,C030,2024-09-17
S01450,C009,2024-05-05
S05778,C029,2024-09-30
S00624,C021,2025-07-18
S05821,C042,2024-09-12
S00203,C031,2025-09-01
S03394,C006,2024-12-30
S07941,C047,2024-07-13
S08330,C007,2025-06-24
S04734,C030,2024-05-24
S08793,C001,2025-01-26
S07394,C035,2025-01-02
S07687,C038,2024-09-11
S04456,C009,2025-04-26
S08000,C029,2024-05-01
S06457,C019,2023-12-14
S06353,C007,2024-08-20
S02537,C017,2025-06-28
S03631,C007,2024-10-18
S02083,C031,2025-01-12
S02711,C014,2025-06-04
S03826,C001,2023-12-09
S07677,C042,2025-11-28
S03032,C030,2024-11-23
S09282,C012,2024-09-21
S08014,C036,2024-07-07
S00422,C023,2024-12-26
S02069,C035,2024-02-18
S05269,C036,2024-01-30
S02496,C017,2024-04-23
S04108,C027,2024-11-26
S00552,C018,2024-02-15
S02873,C011,2024-06-05
S08623,C017,2024-02-15
S08713,C018,2025-08-17
S01140,C020,2024-07-06
S08273,C037,2024-02-22
S00996,C024,2025-01-25
S05519,C005,2024-07-17
S02872,C009,2025-04-19
S03349,C036,2025-11-06
S09909,C040,2025-07-26
S08055,C027,2025-06-26
S02653,C040,2025-07-24
S00880,C021,2023-12-12
S05400,C023,2025-12-03
S02846,C031,2024-09-09
S08281,C018,2024-03-29
S05348,C009,2024-03-13
S00995,C005,2024-09-28
S08681,C002,2025-11-25
S04175,C034,2024-05-03
S05071,C017,2024-05-31
S03079,C016,2024-06-02
S03473,C039,2024-11-04
S07786,C012,2025-02-24
S03019,C047,2025-10-16
S03790,C031,2024-08-25
S03745,C013,2024-07-05
S06187,C013,2025-10-16
S01510,C019,2025-10-21
S09712,C010,2025-11-27
S04078,C050,2024-10-14
S01954,C009,2024-05-22
S04647,C027,2024-06-21
S06306,C037,2025-07-01
S09227,C004,2024-12-01
S00083,C026,2025-11-18
S05340,C049,2025-09-05
S05799,C020,2025-04-13
S02245,C027,2024-01-13
S07081,C044,2025-04-03
S03633,C033,2025-09-23
S08935,C010,2025-05-29
S00774,C008,2025-05-02
S04414,C030,2024-09-18
S01978,C019,2025-05-20
S05239,C006,2025-06-15
S08888,C042,2025-04-17
S07136,C036,2024-05-17
S02132,C039,2024-02-16
S09614,C029,2025-11-24
S09058,C017,2025-05-03
S06712,C020,2025-02-28
S06956,C030,2024-01-13
S03559,C043,2025-03-19
S08622,C039,2024-12-11
S06664,C020,2025-02-01
S06815,C021,2023-12-30
S00009,C023,2025-02-20
S06061,C041,2025-02-02
S05342,C037,2024-08-31
S00642,C048,2025-09-04
S03491,C016,2024-03-31
S02717,C003,2025-01-19
S06204,C033,2025-05-30
S09473,C037,2025-03-17
S06538,C027,2025-08-08
S01073,C044,2024-09-20
S03059,C007,2025-10-30
S09140,C034,2024-11-13
S02034,C048,2025-02-25
S00158,C004,2024-06-28
S06422,C002,2024-01-07
S05925,C032,2023-12-26
S04167,C029,2025-10-09
S00789,C011,2025-03-01
S08496,C006,2025-01-24
S09085,C021,2025-04-19
S06308,C026,2024-11-07
S03685,C006,2025-09-24
S07244,C008,2024-10-27
S03374,C008,2024-10-02
S04945,C044,2025-03-12
S07838,C032,2024-11-11
S09751,C024,2025-04-21
S08380,C004,2025-06-21
S00863,C014,2024-10-25
S06175,C016,2024-07-07
S01782,C049,2023-12-09
S02992,C010,2024-09-07
S06688,C036,2025-07-22
S00592,C037,2024-01-19
S01134,C002,2025-02-25
S03634,C033,2025-02-25
S06305,C014,2025-10-08
S09845,C045,2025-09-14
S09826,C016,2024-08-21
S08094,C026,2024-08-07
S01009,C002,2025-06-03
S08505,C042,2024-03-29
S05463,C006,2025-05-16
S07234,C042,2025-05-04
S05313,C028,2024-12-26
S01648,C009,2023-12-18
S01736,C050,2025-01-24
S08837,C018,2024-08-16
S05466,C018,2025-10-31
S01834,C020,2024-10-04
S02264,C037,2024-03-19
S03827,C008,2024-01-31
S03944,C027,2024-01-18
S03582,C035,2025-03-19
S07918,C031,2024-03-26
S05722,C038,2024-05-21
S01802,C003,2024-07-09
S01803,C022,2024-06-06
S02617,C044,2025-04-21
S07617,C026,2025-12-03
S08819,C021,2025-02-06
S02751,C031,2024-07-20
S00120,C036,2024-08-31
S06069,C040,2024-06-10
S07022,C020,2025-09-01
S06637,C013,2024-11-12
S02390,C024,2024-04-27
S04052,C032,2025-10-16
S07197,C037,2024-08-04
S04651,C026,2024-10-11
S06893,C050,2025-11-22
S09227,C031,2023-12-16
S06373,C024,2025-01-02
S02004,C019,2025-02-22
S05778,C037,2024-03-10
S00642,C008,2024-02-01
S06593,C016,2025-01-10
S01403,C050,2024-08-10
S07943,C022,2025-09-11
S01019,C041,2025-11-01
S05117,C002,2025-09-25
S01088,C024,2025-08-14
S08941,C038,2024-03-06
S05436,C032,2025-11-06
S00964,C005,2025-07-19
S06797,C038,2025-05-11
S03091,C034,2025-05-02
S03900,C030,2024-06-26
S03201,C008,2025-07-09
S00001,C036,2025-11-21
S09850,C013,2025-05-30
S03806,C037,2025-09-14
S07305,C026,2024-12-20
S09985,C018,2025-03-17
S06376,C004,2024-11-07
S08694,C050,2025-06-06
S02036,C015,2025-07-15
S09494,C006,2024-09-10
S07766,C050,2025-09-30
S02732,C030,2025-04-17
S08133,C024,2024-10-01
S07602,C034,2025-07-07
S00384,C021,2024-02-13
S09545,C012,2025-11-04
S06875,C032,2024-07-22
S01588,C026,2023-12-23
S04351,C012,2024-06-22
S03125,C005,2025-03-10
S08566,C002,2023-12-21
S09653,C010,2025-08-25
S01973,C048,2024-03-07
S08653,C050,2024-11-06
S05934,C006,2025-09-30
S09770,C010,2025-09-29
S04582,C045,2025-05-27
S04032,C031,2024-09-15
S06399,C032,2025-05-15
S07185,C039,2025-05-07
S04666,C015,2024-09-19
S02209,C008,2025-03-30
S01360,C014,2024-01-23
S04487,C012,2025-01-06
S05527,C002,2025-01-17
S02875,C041,2024-03-16
S09711,C044,2025-05-31
S04389,C017,2025-03-15
S02654,C029,2024-11-13
S02488,C007,2025-09-24
S01265,C033,2025-08-18
S08088,C020,2025-11-20
S02840,C030,2025-07-13
S08715,C003,2025-02-16
S04910,C045,2024-04-05
S08362,C032,2024-02-04
S02614,C029,2024-11-26
S05657,C048,2025-08-15
S05278,C027,2024-01-23
S08727,C016,2024-03-10
S08586,C032,2024-09-08
S03232,C019,2025-05-12
S04987,C047,2024-12-17
S06047,C024,2024-01-16
S07095,C008,2025-05-23
S07123,C027,2024-12-01
S00822,C046,2025-07-08
S01156,C040,2025-04-11
S09662,C015,2024-09-06
S09438,C044,2025-09-29
S00136,C021,2025-06-18
S02536,C005,2025-11-19
S07564,C006,2024-04-30
S04614,C037,2024-11-05
S06384,C043,2025-03-21
S08157,C003,2024-06-04
S07162,C040,2025-08-24
S04499,C018,2024-09-01
S01497,C033,2024-09-26
S04106,C027,2024-12-06
S02369,C040,2024-08-04
S05641,C038,2024-04-09
S06781,C017,2024-02-27
S05133,C011,2024-05-30
S00343,C007,2024-05-02
S02631,C034,2023-12-27
S01527,C003,2025-04-10
S06656,C019,2024-03-13
S03184,C041,2025-07-21
S03875,C049,2025-09-12
S08050,C023,2025-07-28
S06404,C013,2024-07-20
S05394,C026,2024-02-22
S04711,C048,2025-08-18
S07895,C022,2024-09-30
S06877,C038,2024-11-25
S09920,C033,2025-09-24
S07334,C023,2025-04-23
S07680,C035,2024-06-02
S04688,C045,2025-04-20
S03540,C022,2024-12-07
S05544,C015,2025-04-27
S07580,C010,2024-07-09
S03018,C046,2024-07-06
S05914,C012,2025-10-14
S07047,C037,2024-07-19
S09422,C044,2024-05-24
S08178,C016,2025-11-29
S00702,C048,2023-12-11
S04112,C029,2024-04-29
S09736,C012,2025-05-20
S00651,C049,2024-09-25
S08944,C001,2024-01-16
S08295,C022,2024-11-07
S04437,C032,2024-03-19
S08654,C039,2025-08-13
S09505,C017,2025-09-02
S09444,C028,2024-09-02
S02424,C008,2025-07-20
S07445,C041,2024-05-29
S01462,C009,2024-04-14
S09502,C039,2024-09-13
S05878,C003,2025-10-09
S02189,C043,2024-03-28
S04211,C033,2025-05-11
S05152,C030,2024-07-02
S01800,C034,2025-09-09
S01194,C034,2025-08-21
S04200,C029,2024-10-25
S09185,C024,2024-07-18
S08520,C020,2024-01-18
S04774,C044,2024-09-23
S05649,C016,2024-02-29
S08960,C031,2024-01-04
S01699,C007,2025-11-16
S00360,C027,2024-02-28
S06549,C014,2025-01-30
S07369,C028,2025-03-26
S08881,C021,2024-07-30
S04955,C001,2024-07-27
S01354,C003,2024-09-26
S08103,C033,2025-02-13
S03520,C025,2024-03-11
S05172,C013,2023-12-21
S04000,C013,2024-01-03
S07277,C002,2024-12-13
S00445,C027,2024-05-18
S03567,C021,2024-02-05
S04969,C021,2025-08-08
S00353,C033,2024-08-23
S04388,C022,2024-05-15
S05309,C026,2024-02-04
S01984,C048,2024-05-02
S07623,C013,2024-10-02
S08443,C029,2025-08-16
S09895,C034,2024-01-16
S07577,C004,2025-01-12
S00189,C007,2024-04-30
S08135,C048,2025-10-08
S03940,C017,2024-10-15
S00733,C026,2025-11-15
S09081,C016,2025-10-06
S02814,C033,2024-09-03
S08731,C046,2025-06-01
S08716,C007,2025-02-21
S00396,C027,2025-01-31
S06442,C004,2024-08-24
S08817,C032,2025-10-18
S08257,C044,2025-07-22
S06711,C034,2025-02-24
S04241,C033,2025-02-12
S05803,C036,2024-09-12
S08203,C030,2023-12-06
S00832,C034,2025-03-31
S04676,C010,2025-03-17
S00346,C025,2024-11-02
S05312,C033,2025-02-05
S08370,C012,2024-04-26
S00576,C005,2025-07-14
S02940,C023,2024-04-27
S00847,C040,2025-07-14
S07739,C050,2024-08-12
S06292,C010,2024-02-08
S03868,C032,2023-12-06
S00708,C034,2023-12-23
S09904,C050,2025-07-22
S03365,C032,2025-03-26
S05465,C012,2024-10-12
S06068,C034,2024-04-06
S00269,C032,2025-08-24
S09769,C039,2024-04-06
S02837,C009,2025-07-14
S08284,C043,2024-10-25
S03069,C050,2024-07-19
S02098,C038,2025-03-02
S08476,C016,2024-04-06
S00480,C013,2024-04-21
S09247,C007,2025-02-01
S06429,C008,2024-05-05
S02043,C016,2024-12-23
S03184,C026,2024-04-23
S06783,C026,2024-02-25
S04242,C015,2024-05-12
S03106,C013,2025-06-21
S06494,C011,2024-05-15
S06330,C043,2025-06-16
S06060,C008,2025-09-18
S06442,C046,2024-05-20
S02351,C011,2024-05-18
S00577,C050,2024-10-17
S03638,C003,2024-10-23
S00187,C021,2025-02-19
S06397,C040,2025-08-21
S03036,C040,2024-02-12
S06988,C003,2024-02-16
S01956,C029,2025-10-04
S04341,C013,2025-03-04
S08021,C030,2024-09-03
S02052,C048,2025-09-30
S08639,C045,2024-04-08
S03171,C037,2024-02-16
S06854,C042,2025-06-01
S01013,C004,2024-12-22
S01009,C043,2024-09-22
S09669,C040,2023-12-15
S01407,C039,2024-05-12
S04510,C045,2025-10-22
S01825,C039,2025-03-30
S03243,C049,2024-11-28
S09927,C005,2024-01-12
S09802,C042,2025-09-19
S04582,C042,2025-06-23
S08276,C002,2025-02-20
S00673,C038,2024-12-15
S07572,C032,2025-06-03
S07359,C014,2025-10-15
S06226,C025,2025-10-08
S07365,C044,2024-06-08
S06363,C048,2024-08-01
S04598,C027,2025-03-30
S09095,C012,2024-08-02
S09592,C021,2025-01-05
S03449,C025,2025-03-29
S03898,C049,2024-10-15
S09135,C007,2024-09-07
S02079,C041,2023-12-09
S00350,C025,2025-10-14
S02007,C043,2025-09-09
S02532,C029,2025-02-07
S07426,C019,2024-06-05
S09795,C047,2024-05-21
S07399,C047,2024-07-28
S04348,C034,2025-03-11
S09613,C026,2024-07-05
S06141,C032,2024-01-07
S01944,C020,2023-12-26
S06044,C006,2024-02-15
S06992,C047,2024-06-12
S02800,C042,2024-11-02
S03700,C010,2025-02-01
S07496,C048,2024-05-27
S05694,C024,2025-03-08
S00196,C049,2024-06-30
S02610,C042,2024-07-14
S02465,C028,2024-08-26
S02526,C039,2025-05-05
S02169,C009,2025-09-04
S09559,C001,2024-07-20
S00974,C016,2025-01-29
S04169,C012,2025-06-26
S00310,C038,2025-08-25
S06018,C020,2025-10-22
S08040,C027,2024-09-06
S00020,C023,2025-01-01
