student_id,student_name,department_id
S00001,John,7
S00002,Lindsey,5
S00003,Andrew,14
S00004,Jason,12
S00005,Katelyn,11
S00006,Brian,15
S00007,Aaron,18
S00008,Alison,3
S00009,Douglas,15
S00010,Jamie,14
S00011,Sarah,9
S00012,Matthew,15
S00013,Dominic,11
S00014,Melinda,2
S00015,Monica,15
S00016,Robert,1
S00017,Joshua,11
S00018,William,2
S00019,Lindsay,10
S00020,Kristen,16
S00021,Joshua,1
S00022,Manuel,14
S00023,Austin,17
S00024,David,14
S00025,Jamie,9
S00026,Kelly,9
S00027,David,16
S00028,Elizabeth,9
S00029,David,3
S00030,Christine,4
S00031,Melissa,12
S00032,Mary,14
S00033,Angela,16
S00034,Robert,3
S00035,Katie,1
S00036,Brent,18
S00037,Debra,5
S00038,James,4
S00039,Michael,18
S00040,Karen,14
S00041,Erica,15
S00042,James,9
S00043,Cody,14
S00044,Martha,20
S00045,Amy,1
S00046,Christopher,7
S00047,John,13
S00048,Glenn,2
S00049,Juan,11
S00050,Diane,6
S00051,Marcus,20
S00052,Jeffrey,12
S00053,Ashley,4
S00054,John,11
S00055,Victoria,18
S00056,Timothy,14
S00057,Chelsea,6
S00058,Christopher,9
S00059,Deanna,4
S00060,Lee,3
S00061,Melissa,14
S00062,Jacob,12
S00063,Ann,17
S00064,Todd,8
S00065,Monica,9
S00066,Jessica,17
S00067,Jeffrey,16
S00068,James,7
S00069,Lindsey,16
S00070,Michael,19
S00071,Jeremiah,5
S00072,Cynthia,2
S00073,Nathan,20
S00074,Stephanie,18
S00075,Karen,3
S00076,Lauren,19
S00077,Charles,12
S00078,Sean,1
S00079,Jasmine,7
S00080,Timothy,6
S00081,Victoria,20
S00082,Denise,8
S00083,Jason,7
S00084,Cassandra,11
S00085,Logan,18
S00086,Nancy,17
S00087,Jason,10
S00088,Lisa,1
S00089,Charles,6
S00090,Eric,10
S00091,Brent,7
S00092,Donna,7
S00093,Michael,4
S00094,Lauren,3
S00095,Mark,3
S00096,Christopher,10
S00097,Jason,17
S00098,Matthew,17
S00099,Kimberly,9
S00100,Barbara,2
S00101,Michele,18
S00102,James,3
S00103,Haley,13
S00104,Andrea,5
S00105,Cesar,4
S00106,Jim,18
S00107,Catherine,4
S00108,Scott,4
S00109,Ricky,12
S00110,Kevin,18
S00111,Stephen,10
S00112,Janice,3
S00113,Tina,17
S00114,James,5
S00115,Shawn,14
S00116,Christina,6
S00117,Barbara,8
S00118,Kimberly,8
S00119,Sarah,9
S00120,Matthew,2
S00121,Katherine,9
S00122,Dustin,8
S00123,Natasha,7
S00124,Stephanie,4
S00125,Gina,15
S00126,Ann,19
S00127,Howard,13
S00128,Kevin,14
S00129,Kenneth,13
S00130,Wesley,15
S00131,Randy,17
S00132,Jacob,15
S00133,Emily,18
S00134,Andrea,13
S00135,Andrew,20
S00136,Tanner,1
S00137,Robert,2
S00138,Stephanie,16
S00139,Donna,9
S00140,Jaime,18
S00141,Christopher,10
S00142,Richard,4
S00143,William,8
S00144,Curtis,3
S00145,Randy,19
S00146,Timothy,13
S00147,Andrea,11
S00148,Jason,3
S00149,April,17
S00150,Brian,11
S00151,Christopher,19
S00152,Karen,5
S00153,James,17
S00154,Joel,16
S00155,Matthew,18
S00156,Lori,16
S00157,Kevin,10
S00158,Aaron,14
S00159,Alicia,18
S00160,Stacey,7
S00161,Tara,18
S00162,Ariana,17
S00163,Barbara,10
S00164,Kevin,1
S00165,Stacy,18
S00166,Charles,7
S00167,Keith,13
S00168,Ashley,12
S00169,Alicia,12
S00170,Jennifer,9
S00171,David,19
S00172,Jacob,12
S00173,Robert,2
S00174,Nancy,2
S00175,Katrina,2
S00176,Cynthia,8
S00177,Sarah,1
S00178,Kristen,16
S00179,Maria,1
S00180,Amy,10
S00181,Virginia,10
S00182,Eric,7
S00183,Chloe,1
S00184,Jonathan,11
S00185,Keith,9
S00186,David,5
S00187,Jennifer,18
S00188,John,3
S00189,Dawn,15
S00190,Bryce,7
S00191,Carlos,20
S00192,Sandra,2
S00193,Christopher,12
S00194,Richard,7
S00195,Beth,12
S00196,Valerie,7
S00197,Danielle,11
S00198,Brian,8
S00199,Jacob,7
S00200,Megan,2
S00201,Kelly,9
S00202,Sara,11
S00203,Cassandra,11
S00204,Jeffrey,9
S00205,Amanda,3
S00206,Kari,13
S00207,Melissa,3
S00208,Monica,6
S00209,Nicole,15
S00210,Michael,7
S00211,Paula,3
S00212,Michael,6
S00213,Sarah,6
S00214,Michael,7
S00215,Cameron,14
S00216,Rebecca,2
S00217,Alan,13
S00218,Amber,11
S00219,Shawn,3
S00220,David,10
S00221,Jeremy,12
S00222,Richard,13
S00223,Aaron,5
S00224,Ashley,3
S00225,Gene,4
S00226,Richard,3
S00227,David,6
S00228,Caitlyn,10
S00229,Craig,19
S00230,Kaitlyn,8
S00231,Robert,20
S00232,Megan,1
S00233,Louis,4
S00234,Dorothy,12
S00235,Maria,5
S00236,Zachary,16
S00237,Sarah,17
S00238,Timothy,17
S00239,John,16
S00240,Jordan,1
S00241,David,2
S00242,Joshua,15
S00243,Breanna,20
S00244,Nicholas,18
S00245,Tyler,12
S00246,Alexis,10
S00247,Adam,17
S00248,Jack,13
S00249,William,17
S00250,Angela,3
S00251,Brenda,16
S00252,Jessica,14
S00253,James,7
S00254,Sabrina,12
S00255,Christine,4
S00256,Andrew,5
S00257,Todd,17
S00258,Taylor,10
S00259,Amanda,2
S00260,Mark,18
S00261,Stephanie,17
S00262,Scott,16
S00263,Louis,10
S00264,Brandon,3
S00265,Randy,2
S00266,David,5
S00267,David,16
S00268,Ruth,9
S00269,Laura,6
S00270,David,7
S00271,David,11
S00272,Kiara,10
S00273,Christopher,15
S00274,Charles,9
S00275,Nicole,17
S00276,Cynthia,15
S00277,Sue,10
S00278,James,17
S00279,Paula,10
S00280,Patrick,6
S00281,Michele,1
S00282,Dana,3
S00283,Darlene,13
S00284,Rebecca,13
S00285,Joel,7
S00286,Joe,4
S00287,Daniel,6
S00288,Michael,7
S00289,Nicole,6
S00290,Andrew,8
S00291,Richard,16
S00292,John,15
S00293,Gary,9
S00294,Laura,16
S00295,Kevin,4
S00296,Mathew,3
S00297,Jennifer,6
S00298,Gabrielle,13
S00299,Bryce,4
S00300,Michael,1
S00301,Barry,14
S00302,Michelle,10
S00303,Amy,7
S00304,Scott,8
S00305,Randall,18
S00306,Jesse,6
S00307,Mary,4
S00308,Michael,19
S00309,Edwin,8
S00310,Kenneth,14
S00311,Laura,8
S00312,Brian,2
S00313,John,1
S00314,Jennifer,20
S00315,Martha,17
S00316,Rebecca,18
S00317,Nichole,16
S00318,Christine,11
S00319,Sheryl,5
S00320,David,5
S00321,Ruth,2
S00322,Kelly,10
S00323,Tracey,12
S00324,Michelle,8
S00325,Regina,6
S00326,Alyssa,9
S00327,Glenda,7
S00328,Juan,11
S00329,Kari,5
S00330,Veronica,19
S00331,Laura,6
S00332,Dylan,3
S00333,Luis,14
S00334,Tracy,6
S00335,Sara,11
S00336,Robert,12
S00337,Diana,5
S00338,Rebecca,19
S00339,Judy,16
S00340,Amy,2
S00341,Dennis,1
S00342,Brenda,9
S00343,Diana,5
S00344,Selena,20
S00345,Rick,5
S00346,Brian,3
S00347,Franklin,4
S00348,Joshua,19
S00349,Selena,1
S00350,Jessica,11
S00351,Kristen,5
S00352,Kimberly,16
S00353,Logan,6
S00354,Michael,10
S00355,Patricia,6
S00356,Jeffrey,2
S00357,Shelley,10
S00358,Jennifer,13
S00359,Laura,5
S00360,Joseph,5
S00361,Mark,8
S00362,Hayden,7
S00363,David,19
S00364,Brenda,16
S00365,Darrell,20
S00366,Jason,9
S00367,Richard,5
S00368,Rachel,12
S00369,Jennifer,12
S00370,Jenna,2
S00371,Rebecca,14
S00372,Rebecca,16
S00373,Jennifer,19
S00374,Larry,17
S00375,Jonathan,16
S00376,Cindy,5
S00377,Samantha,2
S00378,Joshua,10
S00379,David,5
S00380,Xavier,4
S00381,Kayla,20
S00382,Linda,13
S00383,Ian,16
S00384,David,3
S00385,Alejandro,5
S00386,Mark,13
S00387,Amy,10
S00388,Rebecca,6
S00389,Shawn,11
S00390,Kimberly,3
S00391,Stephanie,7
S00392,Ann,7
S00393,Jordan,15
S00394,William,12
S00395,Maria,16
S00396,Jacob,18
S00397,Matthew,11
S00398,Rhonda,7
S00399,Michael,14
S00400,Christopher,12
S00401,Philip,1
S00402,Jeffrey,3
S00403,Marisa,16
S00404,Jennifer,20
S00405,Brandi,1
S00406,Raven,4
S00407,Charlotte,2
S00408,Carla,17
S00409,Michael,5
S00410,Jason,9
S00411,Molly,17
S00412,Elizabeth,3
S00413,Brian,1
S00414,Kevin,15
S00415,Tristan,13
S00416,Kirsten,18
S00417,Joy,14
S00418,Michael,9
S00419,Heidi,18
S00420,Alexander,10
S00421,Albert,11
S00422,Brittany,2
S00423,Paul,16
S00424,William,2
S00425,Kimberly,19
S00426,Kendra,4
S00427,Megan,13
S00428,Bernard,11
S00429,Kimberly,16
S00430,Christopher,2
S00431,Sydney,4
S00432,Victoria,2
S00433,Erin,2
S00434,Breanna,11
S00435,Jeffrey,14
S00436,Johnathan,19
S00437,Tracy,2
S00438,Laura,18
S00439,Samantha,16
S00440,Jonathan,1
S00441,Sharon,4
S00442,Gregory,7
S00443,Jared,16
S00444,Christopher,13
S00445,James,9
S00446,Deborah,20
S00447,Christopher,3
S00448,Thomas,2
S00449,Monica,13
S00450,Beth,18
S00451,Jesus,9
S00452,Elizabeth,4
S00453,Jasmine,9
S00454,Steven,19
S00455,Nicholas,14
S00456,Emma,5
S00457,Megan,16
S00458,Renee,5
S00459,Beverly,8
S00460,Lori,2
S00461,Zachary,8
S00462,Nathan,4
S00463,Judy,2
S00464,Alexandra,7
S00465,Jonathan,15
S00466,Stephanie,10
S00467,Ricky,14
S00468,Theresa,19
S00469,Amber,18
S00470,Julie,1
S00471,Denise,19
S00472,Carlos,1
S00473,Veronica,11
S00474,Madeline,1
S00475,Amanda,17
S00476,Kevin,7
S00477,Courtney,12
S00478,Daniel,8
S00479,Robert,13
S00480,Kimberly,4
S00481,Connor,17
S00482,Darren,3
S00483,Amanda,8
S00484,Kristin,13
S00485,Jenna,4
S00486,Jeremy,9
S00487,Jessica,12
S00488,Peter,5
S00489,Jamie,7
S00490,James,15
S00491,Desiree,14
S00492,Jennifer,10
S00493,Michael,11
S00494,Timothy,16
S00495,Melanie,5
S00496,Brian,1
S00497,Eric,4
S00498,Morgan,8
S00499,Kathleen,9
S00500,Alicia,9
S00501,Sarah,5
S00502,Charles,6
S00503,Beth,10
S00504,Mike,14
S00505,Samantha,15
S00506,Jonathan,2
S00507,Nicole,11
S00508,Manuel,5
S00509,Michelle,6
S00510,Allison,13
S00511,Michael,15
S00512,Michael,18
S00513,Kimberly,4
S00514,Tracy,16
S00515,Anthony,11
S00516,Ryan,15
S00517,Rachael,11
S00518,Brian,15
S00519,John,10
S00520,Jason,14
S00521,Andrew,13
S00522,Steven,20
S00523,Sonya,20
S00524,Daniel,17
S00525,Elizabeth,13
S00526,Vanessa,20
S00527,James,6
S00528,Catherine,1
S00529,Joshua,5
S00530,Michael,19
S00531,Cassandra,16
S00532,Elizabeth,17
S00533,Elizabeth,3
S00534,Debra,1
S00535,Carol,13
S00536,Tammy,7
S00537,Michael,14
S00538,Robert,13
S00539,Jennifer,14
S00540,Aaron,13
S00541,Lynn,14
S00542,Benjamin,8
S00543,Leonard,17
S00544,Justin,9
S00545,Brian,15
S00546,Katherine,5
S00547,Aaron,19
S00548,Richard,13
S00549,Matthew,20
S00550,Robert,3
S00551,Brandon,5
S00552,Karen,10
S00553,Rita,20
S00554,Angelica,13
S00555,Brianna,20
S00556,Michael,5
S00557,Tara,12
S00558,Janice,17
S00559,Sydney,19
S00560,Hayley,10
S00561,Daniel,12
S00562,Erica,6
S00563,Dylan,8
S00564,John,19
S00565,Tracy,4
S00566,Cynthia,14
S00567,Jennifer,8
S00568,Robert,6
S00569,Leonard,13
S00570,Holly,16
S00571,Christopher,2
S00572,Cheryl,14
S00573,Mark,5
S00574,Debra,1
S00575,Kathryn,18
S00576,Veronica,13
S00577,Mark,11
S00578,Brian,20
S00579,Julie,6
S00580,Mary,20
S00581,James,10
S00582,Shane,10
S00583,Leslie,12
S00584,Charlotte,15
S00585,Michael,16
S00586,Robert,1
S00587,Erica,2
S00588,Jennifer,8
S00589,Mary,19
S00590,April,13
S00591,Sharon,16
S00592,Michael,6
S00593,Jonathan,13
S00594,Diane,6
S00595,Laura,12
S00596,Aaron,13
S00597,Vickie,9
S00598,Teresa,9
S00599,Laura,6
S00600,Shannon,1
S00601,Ana,12
S00602,Kathleen,4
S00603,Carla,18
S00604,Carmen,1
S00605,Danielle,1
S00606,Barbara,8
S00607,Amanda,7
S00608,Kristina,11
S00609,Brent,11
S00610,Michael,1
S00611,Chloe,4
S00612,Courtney,18
S00613,Andres,13
S00614,Jeffery,3
S00615,Sabrina,16
S00616,Carmen,15
S00617,Linda,9
S00618,Shaun,1
S00619,Rachel,16
S00620,Gregory,7
S00621,Jennifer,2
S00622,Justin,4
S00623,Sarah,1
S00624,Jennifer,8
S00625,Veronica,18
S00626,Heather,13
S00627,Sylvia,1
S00628,Megan,14
S00629,Taylor,2
S00630,William,5
S00631,Kristin,19
S00632,Brian,14
S00633,Blake,16
S00634,Deborah,3
S00635,Diana,11
S00636,Jennifer,3
S00637,Nathan,12
S00638,James,9
S00639,Monique,4
S00640,Ashley,12
S00641,Aaron,3
S00642,Patricia,10
S00643,Jeffrey,16
S00644,Jaime,3
S00645,Thomas,6
S00646,April,16
S00647,Daniel,10
S00648,Stephanie,4
S00649,Peter,11
S00650,Michael,18
S00651,Luke,4
S00652,Brian,14
S00653,Nathan,8
S00654,Adam,11
S00655,Shane,15
S00656,Kelly,14
S00657,Kayla,11
S00658,Jerry,8
S00659,Matthew,16
S00660,Linda,13
S00661,Christopher,13
S00662,Danielle,4
S00663,Christopher,19
S00664,Julie,14
S00665,Derek,16
S00666,Taylor,7
S00667,Christine,7
S00668,Mary,18
S00669,Michelle,10
S00670,Sharon,6
S00671,Walter,18
S00672,John,6
S00673,Tammy,10
S00674,Tim,6
S00675,Franklin,1
S00676,Timothy,4
S00677,William,7
S00678,Patricia,19
S00679,Donald,14
S00680,David,19
S00681,Emily,2
S00682,Cynthia,14
S00683,Michael,11
S00684,Crystal,20
S00685,Charles,10
S00686,Crystal,11
S00687,Andrea,4
S00688,Matthew,4
S00689,Richard,1
S00690,Dustin,18
S00691,William,4
S00692,Kevin,12
S00693,Kyle,13
S00694,Lacey,18
S00695,Tara,5
S00696,Mary,6
S00697,Lauren,8
S00698,John,7
S00699,Catherine,12
S00700,Kristy,19
S00701,Colin,3
S00702,Anthony,2
S00703,Sarah,8
S00704,Mike,6
S00705,Denise,9
S00706,Patrick,8
S00707,John,16
S00708,Barbara,16
S00709,Karen,12
S00710,Kimberly,14
S00711,Ashley,19
S00712,Jill,7
S00713,Christopher,10
S00714,Holly,2
S00715,Adam,19
S00716,Jessica,7
S00717,Michelle,14
S00718,John,5
S00719,Pam,10
S00720,Devin,13
S00721,Jason,5
S00722,William,6
S00723,Cynthia,13
S00724,Christopher,6
S00725,Eric,19
S00726,Jessica,14
S00727,Charles,18
S00728,Jason,10
S00729,Alicia,7
S00730,Ashley,12
S00731,Heather,20
S00732,Craig,13
S00733,Teresa,1
S00734,Joseph,7
S00735,Erin,19
S00736,Ashley,8
S00737,Rebecca,11
S00738,Abigail,5
S00739,Trevor,4
S00740,Stacy,11
S00741,Mark,14
S00742,Stephanie,20
S00743,Emily,1
S00744,Jason,17
S00745,David,17
S00746,Teresa,9
S00747,Samuel,5
S00748,John,15
S00749,Zachary,6
S00750,Jeff,1
S00751,Alan,19
S00752,Monique,19
S00753,Dawn,5
S00754,Andrew,8
S00755,Taylor,1
S00756,Lisa,12
S00757,Samantha,4
S00758,Christian,3
S00759,Lisa,13
S00760,Jessica,8
S00761,Michael,17
S00762,Michael,16
S00763,Michael,16
S00764,Paul,11
S00765,Emily,2
S00766,Evan,18
S00767,Jorge,14
S00768,Jennifer,18
S00769,Nancy,2
S00770,Mackenzie,7
S00771,Steven,9
S00772,Cheyenne,12
S00773,Michael,10
S00774,Damon,2
S00775,Natalie,19
S00776,Amy,1
S00777,James,19
S00778,George,12
S00779,Justin,13
S00780,Joshua,7
S00781,Melissa,12
S00782,Jose,8
S00783,Brandon,20
S00784,Antonio,15
S00785,Justin,20
S00786,Anthony,14
S00787,Robert,12
S00788,Tyler,1
S00789,Scott,13
S00790,Ronald,5
S00791,Patrick,17
S00792,Brandon,19
S00793,Justin,5
S00794,Daniel,15
S00795,Megan,13
S00796,Sean,3
S00797,Zachary,2
S00798,Daniel,3
S00799,James,9
S00800,Cheyenne,7
S00801,David,15
S00802,Brett,14
S00803,Breanna,6
S00804,Joseph,14
S00805,Daniel,4
S00806,Kelsey,17
S00807,Darryl,14
S00808,Jennifer,14
S00809,Susan,4
S00810,Tara,4
S00811,Michael,10
S00812,Michael,14
S00813,Dustin,8
S00814,Shelly,8
S00815,Bruce,20
S00816,Stephen,12
S00817,Jason,17
S00818,Jacob,19
S00819,Katherine,2
S00820,Mary,12
S00821,Christina,9
S00822,Alyssa,20
S00823,Mark,6
S00824,Katie,18
S00825,John,3
S00826,Sandra,14
S00827,Kathleen,20
S00828,Jacob,17
S00829,Tara,16
S00830,Patricia,8
S00831,Debra,18
S00832,Dale,19
S00833,Craig,18
S00834,Mallory,14
S00835,Rebecca,6
S00836,Shawn,4
S00837,Melissa,16
S00838,Marilyn,19
S00839,Brittany,16
S00840,Margaret,10
S00841,Edgar,6
S00842,Sarah,9
S00843,Paula,6
S00844,Albert,17
S00845,Jason,10
S00846,Patrick,7
S00847,Robert,6
S00848,Megan,20
S00849,Dorothy,19
S00850,Lauren,20
S00851,Alexandra,11
S00852,Steven,1
S00853,Luis,8
S00854,Anthony,15
S00855,Joshua,3
S00856,Eric,13
S00857,Joshua,12
S00858,Michael,16
S00859,Elizabeth,15
S00860,Sandra,19
S00861,Bruce,13
S00862,Donna,6
S00863,Susan,8
S00864,Carol,17
S00865,Jeffrey,9
S00866,William,18
S00867,Douglas,5
S00868,Elizabeth,5
S00869,Matthew,15
S00870,Dana,18
S00871,Anne,17
S00872,Lynn,10
S00873,Melissa,6
S00874,Shannon,16
S00875,Roy,20
S00876,Deanna,1
S00877,Denise,3
S00878,Jeffrey,9
S00879,Julie,19
S00880,Jeffrey,4
S00881,Edgar,17
S00882,Clifford,7
S00883,Emily,7
S00884,Robert,2
S00885,Paul,4
S00886,Derek,16
S00887,Joanna,5
S00888,Dale,4
S00889,Melissa,15
S00890,Jason,13
S00891,Sandra,10
S00892,Matthew,2
S00893,Jason,6
S00894,Michael,10
S00895,Micheal,3
S00896,David,12
S00897,Haley,4
S00898,Lauren,1
S00899,Cindy,9
S00900,Dennis,9
S00901,Brenda,10
S00902,Heather,9
S00903,Jessica,18
S00904,Denise,13
S00905,Bethany,12
S00906,Austin,2
S00907,Zachary,2
S00908,Amanda,7
S00909,Brian,14
S00910,Robert,16
S00911,Krystal,12
S00912,Christina,8
S00913,Brandon,8
S00914,Brendan,12
S00915,Natalie,17
S00916,Mark,2
S00917,Veronica,17
S00918,Heidi,2
S00919,Susan,7
S00920,Katrina,20
S00921,Margaret,15
S00922,Mathew,16
S00923,Tammy,6
S00924,John,10
S00925,Crystal,18
S00926,Christina,11
S00927,Aaron,7
S00928,Rachel,11
S00929,Nicholas,17
S00930,Bailey,20
S00931,Timothy,2
S00932,Heather,20
S00933,Jeremy,10
S00934,Heather,19
S00935,Marcus,19
S00936,James,7
S00937,Christopher,18
S00938,Tammy,1
S00939,Courtney,10
S00940,Tina,2
S00941,Laura,7
S00942,Eric,7
S00943,Kristin,16
S00944,Meagan,15
S00945,Gary,17
S00946,Christopher,13
S00947,Robert,7
S00948,Mary,12
S00949,Jay,6
S00950,Allison,8
S00951,Donald,15
S00952,Kathryn,7
S00953,Brenda,16
S00954,Matthew,8
S00955,Andrea,13
S00956,Willie,18
S00957,Daniel,8
S00958,Courtney,4
S00959,Daryl,17
S00960,Philip,15
S00961,Jill,10
S00962,Michael,14
S00963,Sandra,14
S00964,Alexander,16
S00965,Cheryl,14
S00966,Erin,6
S00967,Juan,18
S00968,Seth,7
S00969,Kristy,13
S00970,Lindsey,3
S00971,Robin,11
S00972,Jacob,8
S00973,Joshua,3
S00974,Jason,9
S00975,Elizabeth,2
S00976,Kenneth,19
S00977,Andrea,13
S00978,Kenneth,9
S00979,Greg,18
S00980,Amanda,1
S00981,Aaron,3
S00982,Robert,13
S00983,Brittney,11
S00984,Alexis,8
S00985,Brian,20
S00986,Brenda,4
S00987,Brianna,11
S00988,Kathryn,20
S00989,Taylor,14
S00990,Jessica,6
S00991,Robert,6
S00992,Cynthia,12
S00993,Elizabeth,13
S00994,Shawn,3
S00995,Christine,3
S00996,Trevor,5
S00997,Thomas,16
S00998,Joanne,10
S00999,John,17
S01000,Charles,17
S01001,Amber,15
S01002,Christopher,6
S01003,Antonio,17
S01004,Jessica,19
S01005,Anthony,18
S01006,Zachary,2
S01007,Brian,12
S01008,Joshua,8
S01009,Cassandra,6
S01010,Gina,20
S01011,Megan,8
S01012,Tracy,20
S01013,Benjamin,7
S01014,John,1
S01015,Susan,3
S01016,Nicole,9
S01017,Courtney,5
S01018,Devon,20
S01019,Nichole,19
S01020,Lisa,9
S01021,Lauren,10
S01022,Susan,19
S01023,Justin,19
S01024,Michele,11
S01025,Elizabeth,12
S01026,Anthony,9
S01027,Patricia,12
S01028,Katherine,5
S01029,Donna,7
S01030,Vincent,1
S01031,Brandon,9
S01032,Tammy,8
S01033,James,11
S01034,Patrick,18
S01035,Jennifer,5
S01036,Tony,1
S01037,Anthony,4
S01038,Kimberly,18
S01039,Matthew,17
S01040,Jeremy,8
S01041,Carolyn,13
S01042,Sarah,1
S01043,Amy,3
S01044,Sarah,6
S01045,Joseph,3
S01046,Phillip,18
S01047,Susan,10
S01048,Michael,7
S01049,Amanda,1
S01050,Allen,19
S01051,Lindsay,8
S01052,Wanda,18
S01053,Jordan,20
S01054,Anna,14
S01055,Jeff,5
S01056,Sabrina,20
S01057,Crystal,5
S01058,Daniel,1
S01059,Andrew,11
S01060,Jeffrey,8
S01061,Lori,19
S01062,Alejandra,10
S01063,Charles,8
S01064,James,3
S01065,Michelle,18
S01066,Bryce,3
S01067,Melissa,12
S01068,Tracy,9
S01069,Samuel,10
S01070,Jeff,4
S01071,Lisa,8
S01072,Brittney,11
S01073,Samuel,1
S01074,Amber,9
S01075,Lisa,1
S01076,Eric,17
S01077,Wendy,11
S01078,Jeffrey,7
S01079,Rebecca,20
S01080,Mario,9
S01081,Michelle,1
S01082,Andrea,6
S01083,Deborah,2
S01084,Michael,8
S01085,Jerome,4
S01086,Jordan,9
S01087,Susan,11
S01088,Dennis,3
S01089,Michelle,18
S01090,Debra,17
S01091,Brian,19
S01092,Anthony,19
S01093,Don,15
S01094,Kathryn,12
S01095,Samantha,2
S01096,Elizabeth,15
S01097,Jacob,13
S01098,Christopher,20
S01099,Dylan,2
S01100,Amanda,18
S01101,Alyssa,5
S01102,Gregory,1
S01103,Craig,5
S01104,Patricia,8
S01105,Daniel,8
S01106,Jasmine,19
S01107,Victoria,7
S01108,Brian,17
S01109,Crystal,19
S01110,Stacey,16
S01111,George,8
S01112,James,7
S01113,Miguel,20
S01114,Monica,5
S01115,Angela,4
S01116,Joanna,2
S01117,Kyle,5
S01118,William,2
S01119,Stephanie,13
S01120,Ashley,11
S01121,Katrina,8
S01122,Michael,7
S01123,Nancy,12
S01124,Scott,8
S01125,Christine,5
S01126,Christopher,15
S01127,Alan,17
S01128,Jacob,8
S01129,Adrian,6
S01130,Patty,11
S01131,Mark,15
S01132,Kimberly,5
S01133,Jessica,11
S01134,Amanda,9
S01135,Tyler,16
S01136,Haley,15
S01137,Linda,11
S01138,Theresa,3
S01139,Rita,6
S01140,Isabella,16
S01141,Ronnie,7
S01142,David,2
S01143,Karen,6
S01144,Heidi,4
S01145,Tristan,18
S01146,Dawn,6
S01147,Kayla,18
S01148,Amy,4
S01149,Edward,15
S01150,Patrick,11
S01151,Matthew,16
S01152,Amy,15
S01153,Dennis,2
S01154,Larry,16
S01155,Larry,17
S01156,Taylor,2
S01157,Janet,3
S01158,Lauren,14
S01159,Laura,6
S01160,Bethany,7
S01161,Patricia,12
S01162,Dustin,8
S01163,Kimberly,20
S01164,Regina,15
S01165,Elizabeth,7
S01166,Jenny,6
S01167,Elizabeth,9
S01168,Andrea,14
S01169,Carol,12
S01170,Peggy,4
S01171,Jonathan,16
S01172,Jason,1
S01173,Michelle,20
S01174,Brian,7
S01175,Jessica,20
S01176,Lisa,14
S01177,Bryan,18
S01178,Jason,9
S01179,Anita,10
S01180,Donna,2
S01181,Brian,5
S01182,Erin,13
S01183,Stephanie,5
S01184,Christopher,18
S01185,Edwin,7
S01186,Heidi,13
S01187,Terri,10
S01188,Michael,12
S01189,Heidi,16
S01190,Ernest,2
S01191,John,19
S01192,Robert,1
S01193,Fernando,11
S01194,Michael,8
S01195,Jacob,18
S01196,Wendy,9
S01197,Justin,6
S01198,Adam,8
S01199,Mariah,11
S01200,Thomas,6
S01201,Erica,3
S01202,Lisa,14
S01203,Micheal,10
S01204,Ryan,9
S01205,Caroline,16
S01206,Victor,17
S01207,Krystal,15
S01208,Ryan,20
S01209,Connie,6
S01210,Michael,11
S01211,Sharon,6
S01212,Ryan,5
S01213,Fernando,11
S01214,Paul,7
S01215,Daniel,17
S01216,Kristen,8
S01217,Sean,1
S01218,Kenneth,10
S01219,Robin,2
S01220,Kimberly,4
S01221,Donald,4
S01222,Beth,18
S01223,Collin,9
S01224,Brittney,10
S01225,Bradley,16
S01226,Alison,20
S01227,Amber,7
S01228,Matthew,3
S01229,John,5
S01230,Christina,10
S01231,Jason,13
S01232,Shawn,5
S01233,Jesus,16
S01234,Thomas,19
S01235,Justin,8
S01236,Robert,9
S01237,John,16
S01238,Kelli,10
S01239,Michael,8
S01240,Cynthia,8
S01241,Kimberly,5
S01242,Stacy,12
S01243,Morgan,11
S01244,Todd,17
S01245,Carl,11
S01246,Michael,3
S01247,Candice,15
S01248,Brianna,17
S01249,Brittany,3
S01250,Jennifer,7
S01251,Kendra,9
S01252,Ashley,1
S01253,Danielle,11
S01254,Brent,10
S01255,Alejandra,19
S01256,David,11
S01257,Matthew,14
S01258,William,6
S01259,Margaret,15
S01260,Cathy,9
S01261,Jamie,15
S01262,Randy,8
S01263,Christopher,5
S01264,Linda,15
S01265,Phillip,15
S01266,Thomas,15
S01267,Andrew,19
S01268,David,7
S01269,David,14
S01270,Luis,7
S01271,Timothy,2
S01272,Diane,1
S01273,Ashley,5
S01274,Dawn,7
S01275,Amber,7
S01276,Jamie,9
S01277,Lauren,15
S01278,Eric,19
S01279,Darrell,13
S01280,Jennifer,2
S01281,Michael,9
S01282,Mitchell,2
S01283,Phyllis,19
S01284,Stephen,11
S01285,Chad,7
S01286,Katrina,6
S01287,Ralph,17
S01288,Dorothy,11
S01289,Kendra,13
S01290,Joseph,11
S01291,Michael,9
S01292,Brooke,18
S01293,Evan,19
S01294,Katherine,20
S01295,Richard,1
S01296,Michelle,17
S01297,Thomas,11
S01298,Drew,12
S01299,George,11
S01300,George,6
S01301,Heather,9
S01302,Jessica,12
S01303,Jonathan,2
S01304,Peter,16
S01305,Tonya,11
S01306,Susan,14
S01307,Drew,10
S01308,Justin,15
S01309,Sheri,19
S01310,Sandra,11
S01311,Matthew,10
S01312,Frank,19
S01313,Andrew,3
S01314,Ellen,20
S01315,Stephanie,12
S01316,Sarah,10
S01317,Daniel,16
S01318,Christine,16
S01319,William,5
S01320,Juan,10
S01321,Terri,11
S01322,David,7
S01323,Charles,10
S01324,Chris,19
S01325,Sandra,18
S01326,Robert,18
S01327,Mario,16
S01328,Trevor,5
S01329,David,5
S01330,Bobby,6
S01331,Michelle,7
S01332,Christopher,18
S01333,Lisa,14
S01334,Darren,2
S01335,Roger,18
S01336,Dalton,11
S01337,Madison,6
S01338,Katherine,19
S01339,Chloe,16
S01340,Andrew,11
S01341,Seth,8
S01342,James,16
S01343,Yvonne,19
S01344,Dustin,19
S01345,Jeffrey,19
S01346,David,7
S01347,Sarah,11
S01348,Todd,8
S01349,Bryan,4
S01350,Dale,18
S01351,Craig,17
S01352,Kristen,3
S01353,Cheryl,1
S01354,Brittney,17
S01355,Michele,1
S01356,Andrew,10
S01357,Rachel,7
S01358,Renee,1
S01359,Brandon,2
S01360,Jonathan,20
S01361,Dwayne,17
S01362,Walter,20
S01363,James,20
S01364,James,6
S01365,James,11
S01366,Raymond,9
S01367,Jason,20
S01368,Nicole,20
S01369,Theodore,16
S01370,Natalie,1
S01371,John,18
S01372,Diane,18
S01373,William,14
S01374,David,14
S01375,Mallory,4
S01376,Keith,7
S01377,Amy,7
S01378,Harold,20
S01379,Brandon,15
S01380,Joseph,2
S01381,Amanda,15
S01382,Donald,1
S01383,Raymond,15
S01384,George,11
S01385,James,17
S01386,Tina,11
S01387,Sarah,4
S01388,Aaron,16
S01389,Sarah,10
S01390,Richard,3
S01391,Shelly,2
S01392,Angela,19
S01393,Chelsea,19
S01394,Paul,9
S01395,Luis,18
S01396,Maureen,4
S01397,Kristin,14
S01398,Lisa,14
S01399,Rickey,11
S01400,Philip,11
S01401,Andrew,1
S01402,Lynn,4
S01403,Janet,9
S01404,Patricia,17
S01405,Maria,18
S01406,Lisa,10
S01407,Willie,13
S01408,Donna,4
S01409,Mark,2
S01410,Kelsey,18
S01411,Michelle,4
S01412,Jose,15
S01413,Robert,11
S01414,John,1
S01415,Teresa,16
S01416,Andrew,2
S01417,Shawn,10
S01418,David,16
S01419,Claudia,6
S01420,Megan,8
S01421,Kevin,13
S01422,Scott,14
S01423,Jacqueline,15
S01424,David,17
S01425,Kelli,11
S01426,Frances,2
S01427,Walter,2
S01428,Jason,6
S01429,William,16
S01430,Christopher,8
S01431,Melissa,19
S01432,Robert,2
S01433,Jennifer,20
S01434,Christopher,8
S01435,Robert,16
S01436,James,9
S01437,Ashley,11
S01438,Helen,1
S01439,Richard,17
S01440,Sean,9
S01441,Joann,1
S01442,Joan,9
S01443,Jimmy,6
S01444,Janet,20
S01445,Anne,3
S01446,Karen,6
S01447,Peter,4
S01448,Bradley,18
S01449,Brian,3
S01450,Hector,7
S01451,Paul,1
S01452,Ronald,13
S01453,Richard,5
S01454,Bryan,8
S01455,Albert,13
S01456,Allen,15
S01457,Abigail,9
S01458,Veronica,5
S01459,Leah,2
S01460,Jeremy,18
S01461,Janet,11
S01462,Morgan,16
S01463,Amanda,9
S01464,Cynthia,5
S01465,Eric,15
S01466,Leah,8
S01467,David,14
S01468,Jennifer,14
S01469,Christopher,10
S01470,Sarah,11
S01471,Susan,11
S01472,Daniel,13
S01473,Sara,10
S01474,Tiffany,14
S01475,William,12
S01476,Jody,10
S01477,Michael,6
S01478,Aaron,8
S01479,Alexis,12
S01480,Chad,3
S01481,Jennifer,5
S01482,Ann,7
S01483,Michael,12
S01484,Donna,15
S01485,Virginia,2
S01486,Thomas,1
S01487,Nicholas,17
S01488,Renee,7
S01489,Tyler,3
S01490,Susan,19
S01491,Brianna,18
S01492,Danielle,1
S01493,Brittany,7
S01494,Joyce,20
S01495,Edward,16
S01496,Linda,8
S01497,Katrina,18
S01498,Victoria,6
S01499,Eddie,12
S01500,Jasmine,17
S01501,Stephanie,5
S01502,Evan,16
S01503,Eric,19
S01504,Sean,20
S01505,Shawn,4
S01506,Daniel,16
S01507,Roberto,12
S01508,Justin,8
S01509,Dustin,1
S01510,Michael,1
S01511,Jessica,12
S01512,Dustin,5
S01513,Chad,18
S01514,Tara,5
S01515,Jennifer,9
S01516,Jason,5
S01517,Robert,14
S01518,Alan,15
S01519,Thomas,6
S01520,Stacy,2
S01521,Susan,3
S01522,Stephen,16
S01523,Krystal,14
S01524,Maria,19
S01525,Vincent,12
S01526,William,11
S01527,Jason,14
S01528,Terri,7
S01529,Joseph,6
S01530,Nicholas,17
S01531,Garrett,14
S01532,Amy,16
S01533,Lee,8
S01534,Jose,12
S01535,Ryan,16
S01536,Victor,2
S01537,Amy,3
S01538,Michael,15
S01539,Shane,13
S01540,Mario,19
S01541,Amy,8
S01542,Alejandro,17
S01543,Michelle,7
S01544,Maria,6
S01545,Alicia,9
S01546,Robert,14
S01547,Kimberly,19
S01548,Brian,18
S01549,Ryan,16
S01550,Paul,6
S01551,Michael,12
S01552,James,19
S01553,Ana,7
S01554,Dylan,4
S01555,Michelle,13
S01556,Miranda,18
S01557,Kelly,11
S01558,Becky,8
S01559,Stephen,18
S01560,Kevin,20
S01561,Angela,12
S01562,Shannon,3
S01563,Amy,5
S01564,Nathan,3
S01565,Gary,19
S01566,Cameron,11
S01567,Steven,19
S01568,Manuel,19
S01569,Crystal,3
S01570,Clinton,10
S01571,Monica,4
S01572,Diana,5
S01573,Michael,18
S01574,Brian,8
S01575,Mark,12
S01576,Mark,14
S01577,Justin,9
S01578,Christopher,2
S01579,Danielle,2
S01580,Christine,7
S01581,Lacey,4
S01582,Robert,3
S01583,Jacob,20
S01584,Scott,2
S01585,Heather,15
S01586,Shawn,4
S01587,Ryan,12
S01588,Christopher,9
S01589,Sue,8
S01590,Justin,19
S01591,Robert,20
S01592,Michael,9
S01593,Paige,8
S01594,Teresa,4
S01595,David,6
S01596,Brittany,11
S01597,Greg,2
S01598,Kathryn,11
S01599,Raymond,8
S01600,Michael,17
S01601,Kristi,18
S01602,Jenny,2
S01603,Carla,14
S01604,Cindy,16
S01605,Michael,13
S01606,Nathan,2
S01607,Eric,8
S01608,Megan,12
S01609,Jason,14
S01610,Susan,7
S01611,Susan,18
S01612,Elijah,2
S01613,Joseph,7
S01614,Karen,17
S01615,Devin,11
S01616,Jeremy,13
S01617,Janet,11
S01618,Rebecca,15
S01619,Kayla,5
S01620,Zachary,4
S01621,Amy,17
S01622,Amanda,18
S01623,Abigail,11
S01624,Tyler,17
S01625,Erin,16
S01626,Meagan,20
S01627,Richard,9
S01628,Kim,20
S01629,Carmen,11
S01630,Timothy,18
S01631,Catherine,20
S01632,Angela,9
S01633,Justin,12
S01634,Jeremy,14
S01635,Andrew,15
S01636,Shawn,16
S01637,Charles,5
S01638,Anthony,14
S01639,Faith,16
S01640,Aaron,16
S01641,Dale,4
S01642,Jamie,20
S01643,Tamara,3
S01644,Brooke,19
S01645,Keith,12
S01646,Tammy,18
S01647,Melissa,20
S01648,Samantha,10
S01649,Alyssa,14
S01650,John,9
S01651,Christopher,7
S01652,Eric,4
S01653,Johnny,4
S01654,Christian,4
S01655,Brandon,2
S01656,Connie,12
S01657,Jacob,9
S01658,Kimberly,4
S01659,Edward,7
S01660,Anthony,6
S01661,Matthew,4
S01662,Stephanie,1
S01663,Darlene,8
S01664,Luis,7
S01665,Jacqueline,20
S01666,Angela,7
S01667,Joseph,11
S01668,Robert,11
S01669,Robert,10
S01670,Stephanie,10
S01671,Charles,4
S01672,Claudia,6
S01673,Jenny,18
S01674,Allison,13
S01675,Bradley,17
S01676,Courtney,19
S01677,Michelle,7
S01678,Kayla,7
S01679,Jorge,8
S01680,John,10
S01681,Charles,5
S01682,Brian,12
S01683,Richard,16
S01684,Bobby,16
S01685,Gregory,14
S01686,Courtney,13
S01687,Linda,2
S01688,Billy,8
S01689,Matthew,3
S01690,Anthony,13
S01691,Anthony,1
S01692,Dawn,12
S01693,Rachael,20
S01694,Yesenia,12
S01695,Alexis,8
S01696,Crystal,19
S01697,Jonathan,8
S01698,Donna,11
S01699,Justin,4
S01700,Mark,19
S01701,David,10
S01702,Stephanie,10
S01703,William,7
S01704,Eileen,9
S01705,Ronald,16
S01706,Kerry,1
S01707,Amber,2
S01708,Mackenzie,20
S01709,Christina,11
S01710,Stacey,6
S01711,Amanda,20
S01712,Theodore,12
S01713,Jerry,15
S01714,Debra,6
S01715,Erik,14
S01716,Wyatt,7
S01717,Christopher,11
S01718,Shawn,17
S01719,James,10
S01720,Melissa,15
S01721,Emma,15
S01722,Kristy,11
S01723,Patricia,5
S01724,Lisa,8
S01725,Bonnie,18
S01726,Robert,6
S01727,Ryan,11
S01728,Jonathan,18
S01729,Erin,8
S01730,Eric,14
S01731,Nathaniel,12
S01732,Briana,12
S01733,Elizabeth,5
S01734,Joseph,19
S01735,Raymond,12
S01736,Sandy,19
S01737,Gary,5
S01738,Lisa,15
S01739,Jean,7
S01740,Catherine,15
S01741,Caitlyn,11
S01742,Meghan,18
S01743,Christopher,11
S01744,Michael,4
S01745,Lori,11
S01746,Thomas,18
S01747,Nicholas,12
S01748,Amy,10
S01749,Matthew,1
S01750,Katherine,14
S01751,Nicholas,1
S01752,David,16
S01753,Joel,5
S01754,Megan,2
S01755,William,1
S01756,Kimberly,5
S01757,Robert,2
S01758,Heather,14
S01759,Steven,9
S01760,Kimberly,11
S01761,Kyle,2
S01762,Christopher,14
S01763,Sarah,16
S01764,Rebecca,15
S01765,Andrew,1
S01766,Daniel,6
S01767,Anthony,10
S01768,Earl,18
S01769,Andrea,14
S01770,Timothy,9
S01771,Ernest,17
S01772,Emily,2
S01773,Robert,15
S01774,Joseph,7
S01775,Christine,2
S01776,Nathan,20
S01777,Jennifer,9
S01778,Gregory,1
S01779,Elizabeth,9
S01780,Daisy,3
S01781,Megan,16
S01782,Hector,20
S01783,Michael,13
S01784,Connor,17
S01785,Kristina,10
S01786,Steven,3
S01787,Holly,18
S01788,Shawn,19
S01789,Randy,19
S01790,Thomas,18
S01791,Jocelyn,2
S01792,Kara,10
S01793,Karen,17
S01794,Katie,12
S01795,Dawn,1
S01796,Claire,2
S01797,Eric,12
S01798,Darius,11
S01799,Janice,12
S01800,Chelsea,1
S01801,Michael,17
S01802,Alicia,18
S01803,Angela,10
S01804,Melinda,9
S01805,Johnathan,4
S01806,Roger,16
S01807,Lawrence,14
S01808,Leonard,18
S01809,Samantha,11
S01810,Jessica,5
S01811,Joseph,13
S01812,Sarah,13
S01813,Juan,20
S01814,Michele,16
S01815,Amber,20
S01816,Jennifer,14
S01817,Jodi,8
S01818,Mary,18
S01819,David,5
S01820,Daniel,3
S01821,Stephanie,14
S01822,Austin,16
S01823,Jessica,2
S01824,Angela,4
S01825,Kayla,3
S01826,Hannah,13
S01827,Eric,5
S01828,Denise,2
S01829,Donna,8
S01830,Jodi,13
S01831,Christine,3
S01832,Heather,19
S01833,David,12
S01834,Aaron,1
S01835,Morgan,12
S01836,Paul,6
S01837,Carol,19
S01838,Maria,16
S01839,Phillip,8
S01840,Jim,5
S01841,Kimberly,4
S01842,Kelli,19
S01843,Joshua,6
S01844,Erica,1
S01845,Rebekah,6
S01846,Amanda,5
S01847,Linda,1
S01848,Lauren,14
S01849,Allison,20
S01850,Robert,14
S01851,Greg,20
S01852,Michael,7
S01853,Anita,12
S01854,Michele,13
S01855,Teresa,17
S01856,Daniel,16
S01857,Tara,6
S01858,Nathaniel,18
S01859,Edward,3
S01860,Rachel,12
S01861,Bethany,3
S01862,Richard,8
S01863,Paul,15
S01864,Tim,2
S01865,Shawn,12
S01866,Carlos,15
S01867,Ashley,1
S01868,Tammy,17
S01869,Seth,4
S01870,Breanna,1
S01871,Mariah,11
S01872,Frank,8
S01873,Douglas,19
S01874,Elizabeth,11
S01875,Christopher,12
S01876,Tony,10
S01877,Justin,5
S01878,Kelsey,9
S01879,Christopher,9
S01880,Daniel,3
S01881,Shelly,9
S01882,Michelle,17
S01883,Sherry,19
S01884,Eric,14
S01885,Jessica,16
S01886,Frank,17
S01887,Jessica,7
S01888,Brandon,20
S01889,Kerry,1
S01890,Gary,19
S01891,Danielle,18
S01892,Krystal,9
S01893,Carrie,8
S01894,Lisa,9
S01895,Dawn,13
S01896,Phillip,4
S01897,Howard,6
S01898,Haley,7
S01899,Madison,5
S01900,George,16
S01901,Cynthia,8
S01902,Felicia,11
S01903,Teresa,15
S01904,Leah,5
S01905,Dylan,11
S01906,Matthew,14
S01907,Samantha,15
S01908,Tyler,9
S01909,Benjamin,13
S01910,Chris,7
S01911,Joy,18
S01912,Nathan,6
S01913,Eric,19
S01914,Steven,6
S01915,Nathan,17
S01916,Sarah,20
S01917,Rachel,2
S01918,Tiffany,12
S01919,Evan,13
S01920,Charles,4
S01921,Sierra,17
S01922,Lisa,14
S01923,Shawn,16
S01924,Haley,14
S01925,Ashley,3
S01926,Erin,15
S01927,Jeffrey,15
S01928,Robert,5
S01929,Katelyn,19
S01930,Shawn,15
S01931,Kim,20
S01932,Brian,17
S01933,Gina,12
S01934,Susan,20
S01935,Emma,18
S01936,Tyler,3
S01937,Stephen,15
S01938,Thomas,1
S01939,Krystal,17
S01940,Stanley,17
S01941,Fred,2
S01942,Bailey,12
S01943,Oscar,14
S01944,Sean,10
S01945,Blake,2
S01946,Jonathon,14
S01947,Kelly,8
S01948,Kevin,9
S01949,Joann,7
S01950,Joseph,5
S01951,Nicole,13
S01952,Jasmine,8
S01953,Elizabeth,8
S01954,Michael,19
S01955,Michael,18
S01956,Teresa,8
S01957,Melanie,19
S01958,Carlos,19
S01959,William,7
S01960,Javier,19
S01961,Matthew,17
S01962,Michelle,3
S01963,Joseph,5
S01964,Alyssa,17
S01965,Amanda,13
S01966,Benjamin,13
S01967,Jorge,2
S01968,Travis,20
S01969,Cynthia,14
S01970,James,15
S01971,Michael,3
S01972,Brandon,2
S01973,Tammy,1
S01974,Regina,19
S01975,Karen,18
S01976,Kristine,6
S01977,Elizabeth,18
S01978,Gary,12
S01979,Todd,8
S01980,Charles,13
S01981,Darius,17
S01982,Adrienne,5
S01983,Keith,5
S01984,Lauren,10
S01985,Desiree,12
S01986,Drew,7
S01987,Theresa,12
S01988,David,3
S01989,Donald,13
S01990,Kimberly,9
S01991,Gabrielle,7
S01992,Teresa,15
S01993,Kathleen,6
S01994,Maria,9
S01995,Antonio,10
S01996,Rebecca,2
S01997,Rachel,12
S01998,Joseph,7
S01999,Matthew,15
S02000,Craig,16
S02001,Maria,11
S02002,Stephen,4
S02003,James,9
S02004,Alexandra,13
S02005,Joseph,20
S02006,James,20
S02007,Cheryl,2
S02008,Kayla,2
S02009,Jacqueline,14
S02010,Samantha,7
S02011,Kimberly,9
S02012,Stephanie,13
S02013,Susan,20
S02014,Kimberly,5
S02015,Noah,12
S02016,Alexandra,5
S02017,Karen,17
S02018,Kimberly,12
S02019,Dale,12
S02020,James,19
S02021,Linda,12
S02022,Sarah,12
S02023,Russell,2
S02024,Jamie,5
S02025,Monica,13
S02026,Eric,16
S02027,Hayden,17
S02028,Isabella,18
S02029,Hector,17
S02030,Amy,6
S02031,David,11
S02032,Christine,19
S02033,David,2
S02034,Gregory,15
S02035,Cheryl,1
S02036,Kyle,15
S02037,Mary,7
S02038,Richard,15
S02039,Michael,18
S02040,Alexander,11
S02041,Gregory,7
S02042,Kevin,10
S02043,Jessica,9
S02044,Jeremy,9
S02045,Karen,12
S02046,Stephanie,4
S02047,Sara,5
S02048,Sarah,16
S02049,Lindsay,14
S02050,Spencer,8
S02051,Jay,11
S02052,Connie,8
S02053,Monique,4
S02054,Amy,9
S02055,Michael,1
S02056,Lindsey,8
S02057,Holly,16
S02058,Jermaine,14
S02059,Annette,5
S02060,Tammy,11
S02061,John,8
S02062,Erica,13
S02063,Jerry,14
S02064,Benjamin,1
S02065,Taylor,8
S02066,Roberto,1
S02067,Jane,7
S02068,Carolyn,3
S02069,Cristian,17
S02070,Holly,7
S02071,Ricky,12
S02072,David,9
S02073,Robert,17
S02074,Stephanie,10
S02075,Sabrina,15
S02076,Brandon,11
S02077,Scott,15
S02078,Johnathan,10
S02079,Christina,12
S02080,Ricardo,10
S02081,Elaine,5
S02082,Samuel,14
S02083,Mark,4
S02084,Denise,17
S02085,Jacqueline,17
S02086,Cynthia,9
S02087,Anna,8
S02088,Paul,16
S02089,Kim,14
S02090,Patrick,7
S02091,Joseph,1
S02092,Charles,11
S02093,Michael,20
S02094,Richard,10
S02095,Monique,15
S02096,Eric,20
S02097,Misty,18
S02098,Thomas,6
S02099,Misty,15
S02100,Peggy,9
S02101,Drew,4
S02102,Mark,15
S02103,Gregory,9
S02104,Brianna,14
S02105,Robin,15
S02106,Amber,11
S02107,Danielle,4
S02108,James,1
S02109,Jeremy,15
S02110,Angela,11
S02111,John,6
S02112,Mallory,16
S02113,Charles,16
S02114,Amber,12
S02115,Scott,11
S02116,Mariah,15
S02117,Danielle,19
S02118,Christopher,11
S02119,Michael,4
S02120,Micheal,13
S02121,Amanda,11
S02122,Ashlee,18
S02123,Regina,9
S02124,David,7
S02125,Clifford,6
S02126,Denise,9
S02127,Jessica,19
S02128,Barry,11
S02129,Erik,7
S02130,Chad,11
S02131,Andrew,10
S02132,Hannah,5
S02133,Andrew,3
S02134,Karen,8
S02135,Jessica,19
S02136,Dominic,9
S02137,Roger,13
S02138,Jennifer,10
S02139,Colleen,16
S02140,Barbara,1
S02141,Cathy,4
S02142,Jennifer,19
S02143,Patricia,16
S02144,Tiffany,15
S02145,Christopher,7
S02146,Eric,9
S02147,Angela,20
S02148,Cassandra,1
S02149,Patricia,8
S02150,Amber,11
S02151,Russell,5
S02152,Christina,11
S02153,Daniel,7
S02154,Donald,2
S02155,Suzanne,6
S02156,Sandra,3
S02157,Harold,8
S02158,Becky,16
S02159,Keith,16
S02160,Derrick,20
S02161,Mary,16
S02162,Patricia,14
S02163,Sarah,8
S02164,Andrew,2
S02165,Jack,1
S02166,Robin,4
S02167,Carlos,11
S02168,Jason,2
S02169,Cheryl,10
S02170,Alfred,12
S02171,Benjamin,1
S02172,Jason,17
S02173,Michaela,6
S02174,Sabrina,10
S02175,Alexander,9
S02176,Evan,1
S02177,Anna,14
S02178,Kurt,17
S02179,Jonathan,4
S02180,Andrea,3
S02181,Linda,8
S02182,Steven,5
S02183,Theodore,17
S02184,Lisa,20
S02185,Molly,4
S02186,Daniel,9
S02187,Whitney,1
S02188,Emily,4
S02189,Donald,9
S02190,Terrance,14
S02191,Tracy,11
S02192,Susan,4
S02193,Carolyn,9
S02194,Cheryl,17
S02195,Melissa,17
S02196,Michael,18
S02197,Jessica,12
S02198,David,8
S02199,Willie,12
S02200,Karen,1
S02201,Debra,8
S02202,Kelly,3
S02203,Kimberly,19
S02204,Kelly,16
S02205,Adam,16
S02206,Tracy,4
S02207,Michael,7
S02208,Michael,18
S02209,April,9
S02210,Darlene,1
S02211,Rebecca,7
S02212,Kimberly,1
S02213,Kristen,3
S02214,Eric,7
S02215,Jacqueline,2
S02216,Amanda,16
S02217,Samuel,16
S02218,Isaac,4
S02219,Cody,12
S02220,Justin,17
S02221,Bradley,8
S02222,Cindy,3
S02223,Kimberly,13
S02224,Lisa,15
S02225,Bryce,13
S02226,Rose,4
S02227,Joy,6
S02228,Jon,1
S02229,Alison,14
S02230,Ashley,17
S02231,Lucas,8
S02232,Julie,7
S02233,Martin,7
S02234,Jeremiah,11
S02235,Douglas,15
S02236,Allen,12
S02237,Christy,13
S02238,Robert,20
S02239,Debbie,10
S02240,Gail,19
S02241,Joseph,12
S02242,Steven,16
S02243,Deborah,3
S02244,Karen,10
S02245,John,14
S02246,Adam,2
S02247,Tommy,20
S02248,Jessica,18
S02249,Thomas,20
S02250,Susan,19
S02251,Kathryn,20
S02252,Michael,5
S02253,Jason,8
S02254,Michelle,19
S02255,Calvin,11
S02256,Pamela,4
S02257,Russell,15
S02258,Holly,2
S02259,Virginia,11
S02260,Connor,16
S02261,Jeffrey,16
S02262,Sandra,6
S02263,Sean,10
S02264,Gloria,4
S02265,Dustin,9
S02266,Selena,7
S02267,Lisa,13
S02268,Heather,18
S02269,Olivia,14
S02270,Melissa,14
S02271,Jason,13
S02272,Douglas,11
S02273,Debra,19
S02274,Raymond,18
S02275,Raymond,10
S02276,Monica,5
S02277,Stephanie,18
S02278,Phillip,12
S02279,Crystal,3
S02280,Judy,2
S02281,Ann,12
S02282,Paula,1
S02283,Richard,4
S02284,Caitlin,18
S02285,James,8
S02286,Christopher,18
S02287,Brittany,4
S02288,Jacqueline,12
S02289,Zachary,1
S02290,Hannah,13
S02291,Frederick,18
S02292,Crystal,19
S02293,Justin,3
S02294,Katelyn,14
S02295,Javier,16
S02296,Jason,16
S02297,Holly,1
S02298,Steven,19
S02299,Jesse,17
S02300,Todd,2
S02301,Jesse,11
S02302,Thomas,11
S02303,Mackenzie,14
S02304,Brian,11
S02305,Michael,3
S02306,Blake,11
S02307,Jared,4
S02308,Kristine,12
S02309,Michael,9
S02310,Ashley,2
S02311,Heather,1
S02312,April,16
S02313,Shannon,18
S02314,Daniel,11
S02315,Jessica,9
S02316,Kathy,2
S02317,Monica,4
S02318,Michael,6
S02319,Hannah,20
S02320,Stacy,19
S02321,Hannah,11
S02322,David,3
S02323,Robert,6
S02324,Matthew,15
S02325,Morgan,17
S02326,Alexander,2
S02327,Barbara,10
S02328,Catherine,15
S02329,Carolyn,9
S02330,Edward,15
S02331,Natasha,13
S02332,Travis,17
S02333,Laura,8
S02334,Joseph,16
S02335,Shirley,6
S02336,Mark,12
S02337,James,18
S02338,Derrick,6
S02339,Mary,10
S02340,Reginald,2
S02341,Manuel,16
S02342,Jessica,12
S02343,Matthew,2
S02344,Juan,11
S02345,Timothy,10
S02346,Rebecca,14
S02347,Michelle,14
S02348,Adriana,18
S02349,Willie,19
S02350,Ruth,11
S02351,Robert,9
S02352,Ashley,18
S02353,Mitchell,7
S02354,Aaron,7
S02355,Sarah,16
S02356,Kristin,13
S02357,Erik,17
S02358,Timothy,10
S02359,Cody,10
S02360,Jennifer,16
S02361,Anthony,11
S02362,Dakota,10
S02363,Nicholas,16
S02364,Rebecca,11
S02365,Joshua,9
S02366,Adam,4
S02367,Derek,2
S02368,Michael,1
S02369,Ashley,17
S02370,Amanda,5
S02371,Holly,18
S02372,Elizabeth,19
S02373,Jared,9
S02374,Robert,18
S02375,Carlos,4
S02376,Wanda,2
S02377,Tanya,16
S02378,Daniel,15
S02379,Dalton,18
S02380,Natasha,10
S02381,Clinton,8
S02382,Carrie,4
S02383,Timothy,7
S02384,Sarah,8
S02385,Patty,9
S02386,Wesley,2
S02387,Denise,15
S02388,Phillip,15
S02389,Sarah,7
S02390,Nancy,3
S02391,Meghan,13
S02392,Anthony,16
S02393,Joseph,3
S02394,Robert,7
S02395,Derrick,13
S02396,Amy,16
S02397,Bianca,14
S02398,Jackson,10
S02399,Nicole,20
S02400,Lisa,19
S02401,Anne,7
S02402,Daniel,13
S02403,Richard,16
S02404,Jason,10
S02405,Dean,15
S02406,Justin,2
S02407,Jacqueline,7
S02408,Elizabeth,8
S02409,Shaun,2
S02410,Ann,6
S02411,Jeffrey,19
S02412,George,5
S02413,Cathy,10
S02414,Christine,18
S02415,Stacy,12
S02416,Ronald,17
S02417,Michelle,17
S02418,Frances,9
S02419,Bradley,16
S02420,Ebony,14
S02421,Karen,2
S02422,Jessica,1
S02423,Christina,20
S02424,Megan,15
S02425,Megan,18
S02426,Cindy,13
S02427,Eugene,8
S02428,Joseph,14
S02429,Deborah,12
S02430,Alexander,17
S02431,Caitlin,2
S02432,Jennifer,11
S02433,John,19
S02434,Eric,15
S02435,Adrian,6
S02436,James,7
S02437,Kaitlyn,4
S02438,William,12
S02439,Derek,6
S02440,Theresa,14
S02441,Daniel,10
S02442,Miranda,1
S02443,Tammy,19
S02444,Courtney,11
S02445,Melinda,2
S02446,Brett,16
S02447,William,14
S02448,Christina,4
S02449,Adrian,9
S02450,Yvonne,17
S02451,Marc,14
S02452,Alexander,1
S02453,Deborah,16
S02454,Jessica,12
S02455,Christopher,8
S02456,Jessica,17
S02457,Vernon,12
S02458,Stephen,15
S02459,Michael,7
S02460,Benjamin,16
S02461,James,15
S02462,Dustin,2
S02463,Ann,3
S02464,Michael,6
S02465,Steven,14
S02466,John,19
S02467,Thomas,20
S02468,Sara,5
S02469,Robert,13
S02470,Kerri,5
S02471,Maria,16
S02472,Tammy,15
S02473,Thomas,20
S02474,Patrick,9
S02475,Taylor,2
S02476,Benjamin,13
S02477,John,20
S02478,James,14
S02479,Kelly,15
S02480,Aaron,16
S02481,Brian,15
S02482,Christopher,8
S02483,David,16
S02484,Elizabeth,10
S02485,Joshua,6
S02486,Allison,9
S02487,Brenda,8
S02488,Jacob,4
S02489,Pamela,7
S02490,Karen,15
S02491,Anthony,8
S02492,Timothy,8
S02493,Eddie,2
S02494,Robert,1
S02495,Danielle,6
S02496,Debra,15
S02497,Sheena,11
S02498,Lisa,1
S02499,Jeffery,6
S02500,Karen,9
S02501,Allison,13
S02502,Herbert,1
S02503,Shelly,1
S02504,Anita,3
S02505,James,10
S02506,James,9
S02507,Rachel,19
S02508,Danielle,16
S02509,Kyle,10
S02510,Selena,11
S02511,Danielle,2
S02512,Dawn,4
S02513,Kurt,3
S02514,Jill,16
S02515,Paul,8
S02516,Charles,14
S02517,Lauren,9
S02518,Melissa,11
S02519,Tina,10
S02520,Holly,2
S02521,Michelle,1
S02522,Michelle,11
S02523,Dana,16
S02524,Catherine,6
S02525,Jane,4
S02526,Ashley,19
S02527,Elizabeth,4
S02528,Virginia,16
S02529,Mark,3
S02530,Susan,9
S02531,Edward,15
S02532,Justin,20
S02533,Richard,10
S02534,Jacqueline,14
S02535,Amber,10
S02536,Eric,19
S02537,Makayla,8
S02538,Adam,14
S02539,Chad,19
S02540,Cassandra,6
S02541,Andrew,20
S02542,Kristin,10
S02543,Eric,7
S02544,David,12
S02545,Daniel,8
S02546,Ariel,9
S02547,Jay,10
S02548,Laura,18
S02549,Joseph,13
S02550,Christian,7
S02551,Jeremy,4
S02552,Scott,2
S02553,Dana,11
S02554,Veronica,17
S02555,Aaron,1
S02556,Nicole,7
S02557,Jo,18
S02558,Danny,9
S02559,Virginia,16
S02560,Suzanne,4
S02561,Mark,14
S02562,Samantha,8
S02563,Tracey,15
S02564,Joseph,14
S02565,Michelle,1
S02566,Juan,2
S02567,Kenneth,17
S02568,Jonathan,1
S02569,Donald,15
S02570,John,4
S02571,Noah,7
S02572,Lindsey,19
S02573,Douglas,14
S02574,Megan,2
S02575,Eddie,20
S02576,Darrell,14
S02577,Shannon,9
S02578,Katie,6
S02579,Catherine,19
S02580,Carol,8
S02581,Grace,13
S02582,Anna,18
S02583,Michael,15
S02584,Erica,14
S02585,Sean,14
S02586,Richard,13
S02587,Kelly,13
S02588,Kristin,19
S02589,Angela,20
S02590,Travis,11
S02591,Daniel,15
S02592,Jerry,11
S02593,Barbara,3
S02594,Eric,12
S02595,Melissa,10
S02596,Jessica,5
S02597,Aaron,7
S02598,Gregory,8
S02599,Susan,14
S02600,Mary,12
S02601,Carrie,14
S02602,Kathy,15
S02603,Jeffrey,13
S02604,Albert,11
S02605,Tamara,7
S02606,Jessica,6
S02607,Brittney,7
S02608,Rachel,16
S02609,Amy,7
S02610,Tammy,18
S02611,Jonathon,9
S02612,Christine,5
S02613,Robert,5
S02614,Connie,4
S02615,Kristine,12
S02616,Jeffrey,16
S02617,Stephanie,10
S02618,Leslie,7
S02619,Timothy,6
S02620,Sean,3
S02621,Ryan,16
S02622,David,2
S02623,Cheryl,13
S02624,Nicholas,20
S02625,Jason,1
S02626,Robert,17
S02627,Ruth,14
S02628,Nathan,6
S02629,Jacob,10
S02630,Scott,1
S02631,Richard,15
S02632,Mark,12
S02633,Jason,19
S02634,Marie,15
S02635,Rebecca,10
S02636,Zachary,14
S02637,Lisa,10
S02638,John,8
S02639,Nicole,15
S02640,Michael,15
S02641,Sean,18
S02642,Mark,12
S02643,Brandy,16
S02644,Molly,20
S02645,Shawn,5
S02646,Amber,8
S02647,Stephanie,16
S02648,Mary,1
S02649,Steve,13
S02650,Christopher,7
S02651,Douglas,18
S02652,Yolanda,10
S02653,Marie,2
S02654,Shannon,4
S02655,Tiffany,7
S02656,Angela,3
S02657,Christopher,15
S02658,William,17
S02659,Jennifer,9
S02660,Matthew,14
S02661,James,9
S02662,Monique,17
S02663,Dawn,12
S02664,Brendan,5
S02665,Jacqueline,3
S02666,Justin,7
S02667,Shawn,5
S02668,Vincent,16
S02669,Kathy,9
S02670,David,16
S02671,Hector,2
S02672,Christopher,20
S02673,Anthony,20
S02674,Darrell,2
S02675,Matthew,19
S02676,Phillip,8
S02677,John,6
S02678,Summer,10
S02679,Traci,9
S02680,Joshua,17
S02681,Annette,2
S02682,Brent,10
S02683,Michele,14
S02684,Jessica,20
S02685,Lindsey,1
S02686,Jason,2
S02687,Adam,17
S02688,Christopher,14
S02689,Charles,4
S02690,Mark,6
S02691,Matthew,20
S02692,Arthur,8
S02693,Stacey,7
S02694,Nicholas,12
S02695,Brandon,8
S02696,Stephen,2
S02697,Brittany,5
S02698,Maurice,17
S02699,Charles,1
S02700,Hannah,3
S02701,Ronald,19
S02702,Kimberly,3
S02703,Tom,4
S02704,Brent,10
S02705,Tanya,13
S02706,Mark,17
S02707,Evelyn,18
S02708,Kenneth,10
S02709,Matthew,4
S02710,Natalie,11
S02711,Kenneth,10
S02712,Richard,8
S02713,Diana,7
S02714,Emily,5
S02715,Maria,10
S02716,Jesus,15
S02717,Nathan,6
S02718,Bradley,12
S02719,Timothy,12
S02720,Julie,2
S02721,Aaron,3
S02722,Kathleen,16
S02723,Mandy,7
S02724,Betty,20
S02725,Kaitlyn,14
S02726,Stephanie,17
S02727,Kimberly,2
S02728,Breanna,12
S02729,Katie,3
S02730,Victor,10
S02731,Elizabeth,12
S02732,Tanya,5
S02733,Erin,2
S02734,David,2
S02735,Evan,7
S02736,Angela,2
S02737,Valerie,19
S02738,Bryan,1
S02739,Lindsay,20
S02740,Stephen,8
S02741,Sara,6
S02742,Julia,18
S02743,Michelle,13
S02744,Elizabeth,5
S02745,Sean,11
S02746,Michelle,15
S02747,Gerald,11
S02748,Steven,3
S02749,Luke,11
S02750,Patricia,3
S02751,Alicia,6
S02752,William,14
S02753,Brandon,9
S02754,Sean,11
S02755,Traci,12
S02756,Jacob,20
S02757,George,3
S02758,Keith,3
S02759,Wendy,19
S02760,Kelsey,14
S02761,Sierra,15
S02762,Tony,2
S02763,Patrick,2
S02764,Kelly,3
S02765,Brian,9
S02766,Melanie,19
S02767,Scott,2
S02768,Vincent,2
S02769,Lisa,2
S02770,Edward,19
S02771,Nicholas,14
S02772,Jonathan,2
S02773,Joshua,6
S02774,Cory,11
S02775,Willie,12
S02776,Lawrence,2
S02777,Lisa,1
S02778,Julia,13
S02779,Ian,18
S02780,James,14
S02781,Joshua,16
S02782,Amanda,18
S02783,Austin,17
S02784,Shirley,4
S02785,Tiffany,5
S02786,Kimberly,3
S02787,Jacob,19
S02788,Mitchell,1
S02789,Monica,9
S02790,Anthony,13
S02791,Alex,20
S02792,Mark,14
S02793,Amanda,12
S02794,Christine,19
S02795,Thomas,17
S02796,Mark,14
S02797,David,15
S02798,Tara,5
S02799,Jonathon,20
S02800,Jonathan,5
S02801,Frank,8
S02802,Jenna,3
S02803,Calvin,7
S02804,Amanda,13
S02805,Meghan,3
S02806,Danny,9
S02807,Michael,1
S02808,Sabrina,17
S02809,Alexis,13
S02810,Julie,5
S02811,Erica,3
S02812,Eric,12
S02813,Rebekah,15
S02814,Jared,14
S02815,James,13
S02816,Kelly,12
S02817,Tiffany,19
S02818,Patricia,15
S02819,David,10
S02820,Jennifer,3
S02821,Beverly,18
S02822,George,16
S02823,Brian,20
S02824,Sandra,8
S02825,Angel,11
S02826,Laura,11
S02827,Jeremy,4
S02828,Kimberly,20
S02829,Stephanie,5
S02830,Tyler,6
S02831,James,14
S02832,James,12
S02833,Kevin,6
S02834,Richard,18
S02835,Jacob,20
S02836,Laurie,8
S02837,Ian,17
S02838,Jessica,19
S02839,Cristian,7
S02840,Julian,9
S02841,Carla,20
S02842,Sally,4
S02843,Kaylee,20
S02844,Joanna,2
S02845,Heather,7
S02846,Michael,3
S02847,Bradley,10
S02848,Anthony,17
S02849,Antonio,15
S02850,Ashley,15
S02851,Matthew,12
S02852,Dennis,11
S02853,Matthew,5
S02854,Brian,2
S02855,Jennifer,17
S02856,Amanda,14
S02857,Gregory,13
S02858,Miguel,14
S02859,Dakota,6
S02860,Brooke,17
S02861,Brian,5
S02862,Mary,1
S02863,Chad,8
S02864,Joe,20
S02865,Kayla,5
S02866,Lisa,5
S02867,Tammie,19
S02868,Trevor,15
S02869,Kristy,10
S02870,Denise,7
S02871,Diane,5
S02872,Jessica,13
S02873,Lindsay,14
S02874,Michael,5
S02875,Nicole,17
S02876,Natalie,1
S02877,Jonathan,13
S02878,Laura,8
S02879,Scott,3
S02880,Jorge,13
S02881,Peter,15
S02882,Sara,3
S02883,Mia,20
S02884,Stacy,9
S02885,Randy,9
S02886,Brenda,12
S02887,Barbara,7
S02888,Jeffrey,16
S02889,Austin,11
S02890,Crystal,15
S02891,William,9
S02892,Bryan,1
S02893,Lauren,8
S02894,Sherry,11
S02895,Jim,5
S02896,Ryan,10
S02897,Ronald,5
S02898,Gregory,18
S02899,Jonathan,7
S02900,Linda,8
S02901,Linda,19
S02902,Christopher,16
S02903,Angela,8
S02904,William,4
S02905,Michael,3
S02906,Steven,9
S02907,Juan,10
S02908,Laurie,11
S02909,Katherine,16
S02910,Antonio,2
S02911,Christine,15
S02912,Ryan,6
S02913,Zachary,11
S02914,Julie,5
S02915,Samantha,20
S02916,Rachel,7
S02917,Thomas,4
S02918,Richard,2
S02919,Gary,4
S02920,Martha,1
S02921,Jennifer,15
S02922,Stephanie,3
S02923,Donald,14
S02924,Amanda,14
S02925,Cindy,16
S02926,Adam,19
S02927,Mario,6
S02928,Marc,8
S02929,Melissa,16
S02930,Kristina,3
S02931,Jennifer,11
S02932,Denise,7
S02933,Mario,10
S02934,Alyssa,18
S02935,Diana,6
S02936,Charles,2
S02937,Regina,20
S02938,David,12
S02939,Lynn,18
S02940,Nicole,14
S02941,Peter,7
S02942,Ashley,2
S02943,Susan,11
S02944,Kenneth,14
S02945,Becky,13
S02946,Megan,1
S02947,Christopher,16
S02948,Jared,5
S02949,Dawn,5
S02950,David,15
S02951,James,8
S02952,James,1
S02953,Carrie,11
S02954,Jamie,20
S02955,Kimberly,19
S02956,Brittany,13
S02957,Michael,8
S02958,Amanda,5
S02959,Raymond,8
S02960,Marissa,10
S02961,Justin,1
S02962,Daniel,5
S02963,Heather,9
S02964,Brittany,15
S02965,Curtis,15
S02966,Andrew,14
S02967,Christopher,6
S02968,Adam,20
S02969,Wesley,8
S02970,Justin,1
S02971,Christina,13
S02972,Timothy,9
S02973,Stephen,17
S02974,Tracey,3
S02975,Catherine,10
S02976,James,13
S02977,Samantha,3
S02978,Roger,5
S02979,David,15
S02980,Jessica,12
S02981,Rose,19
S02982,Brian,8
S02983,Bryan,9
S02984,Tanner,14
S02985,Mark,3
S02986,Charles,10
S02987,Jason,18
S02988,Rachel,13
S02989,Sandra,5
S02990,Walter,12
S02991,Joshua,11
S02992,Matthew,5
S02993,Alexis,15
S02994,Andrew,6
S02995,Nicholas,1
S02996,Mario,1
S02997,Edwin,1
S02998,Betty,18
S02999,Rebecca,12
S03000,Craig,7
S03001,Marilyn,5
S03002,Patricia,5
S03003,Kirsten,18
S03004,Brandon,5
S03005,Robert,11
S03006,Shelly,7
S03007,Wayne,15
S03008,Edwin,17
S03009,Stephanie,13
S03010,William,5
S03011,Steven,5
S03012,Tammy,17
S03013,Carol,12
S03014,April,2
S03015,Tara,1
S03016,Christopher,6
S03017,Ricky,4
S03018,Kevin,7
S03019,Rachel,20
S03020,Marc,6
S03021,Adam,5
S03022,Logan,16
S03023,Brittany,10
S03024,Amy,19
S03025,Kelly,18
S03026,April,16
S03027,Devon,1
S03028,Robert,18
S03029,Sarah,12
S03030,Marie,6
S03031,Adam,20
S03032,Mark,11
S03033,Elizabeth,9
S03034,Mark,14
S03035,Michael,9
S03036,Jeffrey,6
S03037,Drew,3
S03038,Reginald,8
S03039,Sandra,16
S03040,Daniel,16
S03041,William,19
S03042,Christopher,3
S03043,Manuel,10
S03044,Michael,6
S03045,Rickey,13
S03046,Courtney,9
S03047,Kevin,4
S03048,Jorge,3
S03049,Krystal,16
S03050,Joshua,20
S03051,Rachel,20
S03052,April,10
S03053,Matthew,6
S03054,Maria,5
S03055,Jordan,2
S03056,Melissa,16
S03057,Robert,11
S03058,Lauren,1
S03059,Christopher,18
S03060,Brent,4
S03061,Emily,13
S03062,Daniel,15
S03063,Amy,18
S03064,Steven,13
S03065,Angela,9
S03066,Sarah,2
S03067,Holly,17
S03068,Brian,2
S03069,Dale,20
S03070,Eric,10
S03071,Tamara,12
S03072,Melissa,9
S03073,Laurie,19
S03074,Melinda,13
S03075,Theodore,5
S03076,Debra,20
S03077,David,5
S03078,Susan,17
S03079,Sabrina,3
S03080,Heidi,19
S03081,Andrea,16
S03082,Michelle,4
S03083,Richard,8
S03084,Alexander,9
S03085,Laura,5
S03086,Haley,16
S03087,Douglas,18
S03088,Amber,9
S03089,James,4
S03090,Gregg,9
S03091,Andrew,17
S03092,Susan,16
S03093,James,14
S03094,Jamie,4
S03095,Donald,4
S03096,Kelly,19
S03097,Andrew,20
S03098,Paul,20
S03099,Jody,8
S03100,Aaron,10
S03101,Bryan,2
S03102,Matthew,18
S03103,William,14
S03104,Hannah,6
S03105,Christopher,11
S03106,Sabrina,1
S03107,Sarah,5
S03108,Briana,5
S03109,Rebecca,11
S03110,Laura,16
S03111,Sean,17
S03112,Joshua,18
S03113,Kristen,8
S03114,Jane,13
S03115,Nicole,4
S03116,Eric,17
S03117,Michelle,8
S03118,Maurice,15
S03119,Dawn,1
S03120,Michelle,19
S03121,Ashley,18
S03122,Holly,3
S03123,Robert,7
S03124,Desiree,20
S03125,Beverly,19
S03126,Joel,11
S03127,Kyle,3
S03128,Michelle,18
S03129,Charles,3
S03130,Kerry,8
S03131,Elizabeth,10
S03132,Deborah,6
S03133,Ashley,3
S03134,Emily,11
S03135,Christina,2
S03136,Dillon,4
S03137,Katie,19
S03138,Jessica,15
S03139,Aaron,7
S03140,Allison,11
S03141,Jeremy,9
S03142,Jeffrey,3
S03143,Timothy,15
S03144,Ryan,10
S03145,Colton,17
S03146,Robert,6
S03147,Sarah,3
S03148,Amanda,18
S03149,Stephanie,14
S03150,Christopher,2
S03151,David,17
S03152,Eric,13
S03153,Billy,6
S03154,Elizabeth,14
S03155,Derrick,3
S03156,Erik,10
S03157,Lori,17
S03158,Jennifer,4
S03159,Becky,2
S03160,Megan,18
S03161,Alice,1
S03162,Elijah,19
S03163,Michael,14
S03164,Ryan,16
S03165,Andrew,1
S03166,Brooke,8
S03167,Debra,4
S03168,Donna,2
S03169,Robert,13
S03170,Monique,17
S03171,John,7
S03172,Jessica,5
S03173,Holly,15
S03174,Bradley,20
S03175,Maria,12
S03176,Maria,2
S03177,Ashley,4
S03178,Derek,12
S03179,Joshua,10
S03180,Jesus,11
S03181,Annette,7
S03182,John,14
S03183,Thomas,12
S03184,Kevin,12
S03185,Laura,2
S03186,Mathew,15
S03187,Angela,6
S03188,Julia,16
S03189,Adrienne,19
S03190,Theresa,9
S03191,Pamela,2
S03192,Jonathan,8
S03193,Vicki,17
S03194,Andrew,2
S03195,Erin,8
S03196,Tara,2
S03197,Angela,16
S03198,Gina,13
S03199,Doris,18
S03200,Ronald,1
S03201,Cameron,8
S03202,Shari,5
S03203,Carolyn,13
S03204,Sarah,10
S03205,Brandon,1
S03206,Matthew,20
S03207,Daniel,11
S03208,Gina,17
S03209,Nathaniel,15
S03210,Raymond,20
S03211,Eugene,8
S03212,Deborah,14
S03213,Lucas,18
S03214,Tyler,2
S03215,Sarah,3
S03216,Edward,11
S03217,Melissa,5
S03218,Jay,7
S03219,Cynthia,7
S03220,Luke,20
S03221,William,4
S03222,Stephanie,14
S03223,Michael,2
S03224,Debra,17
S03225,Robert,5
S03226,Tanya,6
S03227,Zachary,1
S03228,Scott,12
S03229,Andrew,14
S03230,Nicole,7
S03231,Donald,16
S03232,James,8
S03233,Jennifer,15
S03234,Brian,9
S03235,Gloria,5
S03236,David,6
S03237,Edward,8
S03238,Eric,12
S03239,Mario,12
S03240,Travis,17
S03241,Denise,8
S03242,Denise,2
S03243,Tony,6
S03244,John,3
S03245,Ronald,15
S03246,Kim,19
S03247,Jeremy,12
S03248,Lindsey,5
S03249,Nicole,20
S03250,John,16
S03251,Carrie,12
S03252,Donald,3
S03253,Gloria,16
S03254,Joshua,18
S03255,Dylan,13
S03256,Samantha,12
S03257,Brian,7
S03258,Clinton,18
S03259,Kristi,20
S03260,Brian,15
S03261,Raymond,5
S03262,Stacey,17
S03263,Karen,13
S03264,Sherry,15
S03265,Robert,11
S03266,Sydney,6
S03267,Robert,9
S03268,Rebecca,8
S03269,Andrew,6
S03270,Emily,15
S03271,Taylor,11
S03272,Justin,11
S03273,Brandon,15
S03274,Aaron,4
S03275,Becky,14
S03276,Thomas,20
S03277,Lori,13
S03278,Robert,19
S03279,Donald,4
S03280,Elizabeth,14
S03281,Deborah,6
S03282,Courtney,3
S03283,Joseph,8
S03284,Richard,2
S03285,Alexander,20
S03286,Brian,2
S03287,Kathy,10
S03288,Jessica,9
S03289,Kevin,14
S03290,Jason,12
S03291,Laura,11
S03292,Rebecca,9
S03293,Brandon,17
S03294,Leonard,18
S03295,Sheri,20
S03296,Katherine,8
S03297,Kristina,14
S03298,Antonio,17
S03299,Mark,6
S03300,Angela,16
S03301,Robin,2
S03302,Kayla,6
S03303,Tyler,17
S03304,Douglas,7
S03305,Carolyn,6
S03306,Joshua,6
S03307,Daniel,3
S03308,Sarah,17
S03309,Rachel,9
S03310,Cameron,17
S03311,Christopher,15
S03312,Michael,7
S03313,Michael,20
S03314,Jimmy,13
S03315,Christina,19
S03316,Jasmine,9
S03317,James,11
S03318,Brian,8
S03319,Michael,14
S03320,Stacy,17
S03321,Peter,18
S03322,Kimberly,14
S03323,Dawn,20
S03324,Timothy,1
S03325,Kevin,4
S03326,Lindsey,17
S03327,Alice,20
S03328,Edward,20
S03329,Laura,7
S03330,Kathryn,1
S03331,Robert,16
S03332,Brian,8
S03333,Mary,10
S03334,Daniel,13
S03335,Carla,15
S03336,Thomas,15
S03337,Samantha,8
S03338,Beverly,17
S03339,Elizabeth,16
S03340,Cheryl,10
S03341,Elizabeth,11
S03342,Anna,13
S03343,Eugene,17
S03344,Kathryn,9
S03345,Richard,15
S03346,Veronica,18
S03347,Nathan,19
S03348,Jennifer,2
S03349,Emma,17
S03350,Holly,14
S03351,David,20
S03352,Tyler,17
S03353,Tonya,18
S03354,Cheryl,17
S03355,Ronnie,15
S03356,Douglas,13
S03357,Margaret,2
S03358,Richard,19
S03359,Robert,13
S03360,Steve,20
S03361,Lucas,8
S03362,Traci,1
S03363,Tina,2
S03364,James,16
S03365,Diana,17
S03366,Carol,14
S03367,Jason,7
S03368,Keith,7
S03369,Jennifer,20
S03370,Brian,14
S03371,Connie,9
S03372,Rebecca,14
S03373,Matthew,13
S03374,Noah,4
S03375,Jeffrey,17
S03376,Anthony,8
S03377,Derek,14
S03378,Teresa,12
S03379,Jeffrey,7
S03380,Marcus,18
S03381,George,19
S03382,Jose,18
S03383,Frank,1
S03384,Jose,8
S03385,Erin,20
S03386,Leslie,10
S03387,James,1
S03388,Carlos,15
S03389,Emily,15
S03390,Amanda,14
S03391,Lisa,2
S03392,Adam,20
S03393,Mark,10
S03394,Beth,3
S03395,Elizabeth,2
S03396,Brooke,5
S03397,Susan,18
S03398,Rhonda,12
S03399,John,19
S03400,James,11
S03401,Adam,15
S03402,Brenda,13
S03403,Joseph,10
S03404,Michael,16
S03405,Cassandra,7
S03406,Valerie,19
S03407,Eric,14
S03408,Kaitlyn,19
S03409,Miranda,3
S03410,Matthew,20
S03411,Steven,20
S03412,Sarah,5
S03413,Jesse,12
S03414,Maureen,17
S03415,Andre,12
S03416,Wayne,11
S03417,Colleen,11
S03418,Christina,12
S03419,Brian,15
S03420,Christine,10
S03421,Aimee,20
S03422,Sharon,14
S03423,Seth,17
S03424,Erik,16
S03425,Allen,3
S03426,Donna,4
S03427,Tanya,20
S03428,Megan,1
S03429,Christine,5
S03430,Luis,10
S03431,Michael,16
S03432,John,10
S03433,Jaclyn,13
S03434,Daniel,13
S03435,Lori,13
S03436,Matthew,17
S03437,Jennifer,8
S03438,Lauren,9
S03439,Eugene,9
S03440,Sarah,15
S03441,Joanna,14
S03442,Brenda,20
S03443,Sean,1
S03444,Jenny,15
S03445,Robin,8
S03446,Natasha,3
S03447,David,10
S03448,Bethany,8
S03449,Clifford,4
S03450,James,6
S03451,Adam,20
S03452,Julia,20
S03453,Aaron,4
S03454,Juan,18
S03455,Christopher,13
S03456,Lori,8
S03457,Elizabeth,9
S03458,Madison,17
S03459,Jasmine,12
S03460,Deanna,2
S03461,Joel,6
S03462,Larry,6
S03463,Pamela,17
S03464,Danielle,17
S03465,Brittney,7
S03466,Amanda,7
S03467,Alyssa,13
S03468,Melissa,12
S03469,Michele,20
S03470,Carrie,13
S03471,Heidi,2
S03472,Cameron,16
S03473,John,14
S03474,Matthew,2
S03475,Anna,19
S03476,Michelle,9
S03477,Austin,7
S03478,Michael,1
S03479,Alexandra,14
S03480,Edward,15
S03481,David,3
S03482,Valerie,18
S03483,James,13
S03484,William,7
S03485,Kristina,12
S03486,Jose,15
S03487,Jacob,3
S03488,John,6
S03489,Joshua,20
S03490,Samantha,17
S03491,Jeremy,16
S03492,James,18
S03493,Brian,4
S03494,Julie,7
S03495,Stacey,16
S03496,Ruth,20
S03497,Jacob,19
S03498,Bridget,3
S03499,Rebecca,8
S03500,Marissa,1
S03501,Frederick,3
S03502,Jesse,15
S03503,Lance,13
S03504,Cynthia,7
S03505,Nancy,16
S03506,Christy,8
S03507,Thomas,1
S03508,Stephanie,8
S03509,John,19
S03510,Tammy,2
S03511,Joseph,10
S03512,Lauren,1
S03513,Stephen,12
S03514,Alex,17
S03515,Benjamin,20
S03516,David,12
S03517,Jeffrey,6
S03518,Kathleen,20
S03519,Lonnie,16
S03520,Hannah,6
S03521,Erika,3
S03522,Lauren,19
S03523,Edgar,20
S03524,Amanda,4
S03525,Joshua,20
S03526,Carol,5
S03527,Eric,4
S03528,Laura,4
S03529,Nicholas,14
S03530,Megan,3
S03531,Linda,2
S03532,John,14
S03533,Timothy,5
S03534,Daniel,10
S03535,Debbie,13
S03536,Leonard,2
S03537,Frank,14
S03538,Matthew,13
S03539,Heather,11
S03540,Amber,2
S03541,Antonio,11
S03542,Brandy,7
S03543,Carl,3
S03544,Sherri,12
S03545,Leslie,15
S03546,Stephanie,19
S03547,Jordan,6
S03548,John,11
S03549,Steven,17
S03550,Denise,16
S03551,Sara,4
S03552,Christopher,18
S03553,Kristen,13
S03554,Julie,20
S03555,Kimberly,17
S03556,Paul,15
S03557,Jodi,15
S03558,Kimberly,12
S03559,Richard,18
S03560,Mark,13
S03561,Lindsey,13
S03562,Emily,1
S03563,Sean,13
S03564,Stephanie,19
S03565,Tanya,12
S03566,Melissa,1
S03567,Michael,2
S03568,Sarah,6
S03569,Jose,13
S03570,Anthony,12
S03571,Veronica,15
S03572,Marilyn,19
S03573,Sandra,4
S03574,David,4
S03575,Laura,8
S03576,Brian,17
S03577,Christina,8
S03578,Misty,6
S03579,Sandra,13
S03580,Jeffrey,10
S03581,Sharon,19
S03582,Beverly,19
S03583,Paula,12
S03584,Jody,10
S03585,Zachary,9
S03586,Jacob,2
S03587,Keith,17
S03588,Wayne,5
S03589,Virginia,7
S03590,Samuel,19
S03591,Isaiah,8
S03592,Crystal,11
S03593,Joshua,19
S03594,Brittany,19
S03595,Christina,7
S03596,Victor,7
S03597,Denise,13
S03598,Kayla,10
S03599,Gloria,18
S03600,Thomas,13
S03601,Thomas,10
S03602,Angela,4
S03603,Eric,4
S03604,Brian,11
S03605,Kyle,1
S03606,Stephanie,12
S03607,Brian,5
S03608,Sandra,3
S03609,Leslie,17
S03610,Jennifer,3
S03611,Michelle,11
S03612,Joseph,16
S03613,Donna,7
S03614,Carla,18
S03615,Melissa,18
S03616,Dylan,18
S03617,Brenda,9
S03618,Thomas,9
S03619,Rebekah,16
S03620,Brenda,2
S03621,Martin,3
S03622,Natalie,17
S03623,Michael,11
S03624,Thomas,8
S03625,Jason,14
S03626,Alice,5
S03627,Joseph,3
S03628,Cynthia,11
S03629,Crystal,2
S03630,Jeffrey,11
S03631,Nicole,18
S03632,Jacqueline,15
S03633,Jennifer,12
S03634,David,12
S03635,Kathleen,14
S03636,Tina,9
S03637,Shane,9
S03638,Catherine,16
S03639,Danny,17
S03640,James,14
S03641,Cody,6
S03642,Rodney,17
S03643,Laura,18
S03644,Kevin,1
S03645,Jessica,7
S03646,Jon,18
S03647,Jason,9
S03648,Michelle,8
S03649,Kristen,15
S03650,April,2
S03651,Robert,11
S03652,Christine,1
S03653,Dennis,3
S03654,Keith,2
S03655,Phillip,13
S03656,Grace,12
S03657,James,15
S03658,Courtney,17
S03659,Jorge,20
S03660,Amy,3
S03661,Jared,2
S03662,Christine,13
S03663,Ryan,20
S03664,Alicia,18
S03665,Jon,15
S03666,Jose,15
S03667,Christopher,4
S03668,Stephanie,15
S03669,Laura,11
S03670,Karen,3
S03671,Erika,18
S03672,Heather,8
S03673,Robert,20
S03674,Chad,12
S03675,Michael,5
S03676,Annette,8
S03677,Robert,2
S03678,George,18
S03679,Dennis,4
S03680,Bryan,3
S03681,Andrew,5
S03682,Rita,15
S03683,Juan,13
S03684,Joshua,15
S03685,Meghan,12
S03686,Samuel,16
S03687,Holly,15
S03688,James,13
S03689,Bonnie,3
S03690,Zachary,15
S03691,Gregory,13
S03692,Cory,14
S03693,Debra,5
S03694,Benjamin,1
S03695,Jonathan,12
S03696,Nicole,4
S03697,Ronald,12
S03698,Richard,15
S03699,Jeremy,8
S03700,Bianca,5
S03701,William,12
S03702,Jason,1
S03703,Victoria,19
S03704,Zoe,13
S03705,Don,7
S03706,Jacob,3
S03707,Danielle,15
S03708,Crystal,15
S03709,Caitlin,19
S03710,Kayla,2
S03711,Kristopher,3
S03712,Patrick,2
S03713,Adam,15
S03714,Alyssa,9
S03715,Bryan,16
S03716,Brittany,8
S03717,Julie,16
S03718,Tammy,8
S03719,Susan,4
S03720,Karen,14
S03721,Tonya,12
S03722,Anthony,3
S03723,Ralph,14
S03724,Lisa,19
S03725,Emily,19
S03726,Deborah,1
S03727,Sheena,9
S03728,Robert,6
S03729,Eric,19
S03730,George,7
S03731,Danielle,1
S03732,Carmen,11
S03733,Jamie,14
S03734,Sharon,6
S03735,Heidi,3
S03736,Luis,6
S03737,Kelsey,14
S03738,Brenda,11
S03739,Thomas,18
S03740,Gary,5
S03741,Jason,5
S03742,John,12
S03743,Tanya,6
S03744,Mark,16
S03745,Brandon,14
S03746,Ashley,12
S03747,Victoria,14
S03748,Michael,9
S03749,Sabrina,4
S03750,Alexandra,10
S03751,Gabriela,12
S03752,Cheryl,16
S03753,Jennifer,15
S03754,Justin,19
S03755,Mark,11
S03756,Jennifer,11
S03757,Tony,14
S03758,Mariah,14
S03759,Jamie,5
S03760,Matthew,20
S03761,Clayton,19
S03762,Karen,7
S03763,Susan,4
S03764,Karen,2
S03765,Debbie,7
S03766,John,20
S03767,John,15
S03768,Elizabeth,19
S03769,Eric,18
S03770,Lori,7
S03771,Mary,7
S03772,Frances,10
S03773,Peter,18
S03774,Cassandra,14
S03775,Patrick,11
S03776,Micheal,1
S03777,Jason,9
S03778,Steven,19
S03779,William,10
S03780,David,12
S03781,Kelly,12
S03782,Ryan,9
S03783,Jessica,9
S03784,Natalie,6
S03785,Kenneth,20
S03786,Jeffery,16
S03787,Michael,19
S03788,Cheryl,14
S03789,Diamond,17
S03790,Phillip,3
S03791,Donna,16
S03792,Joel,14
S03793,Gregory,10
S03794,Candice,15
S03795,Tiffany,17
S03796,Shawn,5
S03797,Geoffrey,14
S03798,Robert,14
S03799,Erika,14
S03800,Shelia,7
S03801,Matthew,17
S03802,Michelle,18
S03803,Stephanie,2
S03804,Valerie,16
S03805,Loretta,6
S03806,Katherine,5
S03807,Alexander,1
S03808,Helen,14
S03809,Diane,14
S03810,Jesse,9
S03811,Felicia,13
S03812,Johnathan,4
S03813,Cassandra,16
S03814,Denise,15
S03815,Eric,20
S03816,Eric,14
S03817,Russell,17
S03818,Christian,15
S03819,Scott,15
S03820,Dennis,14
S03821,Melvin,9
S03822,Timothy,18
S03823,April,11
S03824,Cindy,3
S03825,John,19
S03826,Christopher,18
S03827,Samuel,5
S03828,Rachel,15
S03829,Sarah,12
S03830,Steven,6
S03831,Brian,1
S03832,Tony,7
S03833,James,17
S03834,James,7
S03835,Matthew,16
S03836,Latoya,6
S03837,Cesar,20
S03838,William,3
S03839,Christopher,1
S03840,Jeremy,9
S03841,Angela,10
S03842,Jessica,14
S03843,Kaitlyn,15
S03844,Allison,9
S03845,Jeremy,15
S03846,Gregory,4
S03847,Lee,7
S03848,David,7
S03849,Kevin,14
S03850,Sarah,19
S03851,John,7
S03852,Tracy,20
S03853,Dean,20
S03854,Ruben,3
S03855,Kenneth,15
S03856,Gregory,9
S03857,James,4
S03858,Mary,6
S03859,Sherry,19
S03860,Reginald,19
S03861,Cheyenne,17
S03862,Anthony,10
S03863,Lindsay,13
S03864,Jonathan,6
S03865,Derrick,20
S03866,Thomas,1
S03867,Tyler,7
S03868,Amy,5
S03869,Jody,18
S03870,Christopher,8
S03871,Laura,15
S03872,Tracey,6
S03873,Michael,8
S03874,Candice,20
S03875,James,14
S03876,Brandon,10
S03877,Seth,17
S03878,Christopher,10
S03879,Andrea,12
S03880,Rhonda,5
S03881,Dawn,1
S03882,Lauren,9
S03883,Alexander,20
S03884,Cathy,14
S03885,Jason,7
S03886,Mitchell,12
S03887,Jerry,17
S03888,Vincent,3
S03889,Joanne,12
S03890,Donald,8
S03891,Heather,11
S03892,Tasha,2
S03893,Jason,16
S03894,Tammie,17
S03895,Jeffery,2
S03896,Leslie,14
S03897,William,6
S03898,Richard,7
S03899,Jamie,19
S03900,Shawna,2
S03901,Jill,6
S03902,Debra,1
S03903,Rachel,10
S03904,Barry,6
S03905,Richard,17
S03906,Benjamin,16
S03907,Tyler,6
S03908,John,11
S03909,Andrew,17
S03910,Daniel,9
S03911,Jennifer,3
S03912,Cassandra,7
S03913,James,8
S03914,Joshua,1
S03915,Kevin,1
S03916,Cassandra,6
S03917,William,10
S03918,Susan,15
S03919,Julie,8
S03920,Lauren,19
S03921,Jason,15
S03922,George,2
S03923,Julie,4
S03924,Joseph,10
S03925,Michael,4
S03926,Rachel,10
S03927,Dominique,2
S03928,Timothy,4
S03929,Lindsey,17
S03930,Rick,10
S03931,Aimee,5
S03932,Madison,18
S03933,Frederick,15
S03934,Stacy,1
S03935,Michael,8
S03936,Julie,8
S03937,Caitlin,6
S03938,Christopher,19
S03939,Stephen,7
S03940,Jon,5
S03941,Christina,2
S03942,Crystal,13
S03943,Antonio,8
S03944,Gary,18
S03945,Veronica,2
S03946,Angela,18
S03947,Alexander,14
S03948,Jeremy,12
S03949,Patricia,13
S03950,Phillip,16
S03951,John,20
S03952,Adam,11
S03953,Connie,11
S03954,Travis,5
S03955,Robert,1
S03956,Julian,11
S03957,Christopher,17
S03958,Daniel,18
S03959,Clarence,8
S03960,Natalie,1
S03961,Mackenzie,19
S03962,Anna,3
S03963,Derrick,11
S03964,Carolyn,17
S03965,Beverly,20
S03966,Mark,17
S03967,Nicole,5
S03968,Kevin,13
S03969,Cynthia,8
S03970,Charles,8
S03971,Candice,20
S03972,Brandi,5
S03973,Christopher,12
S03974,Walter,5
S03975,Wesley,20
S03976,Todd,19
S03977,Melissa,1
S03978,Troy,13
S03979,John,8
S03980,Bridget,9
S03981,Mary,8
S03982,Kayla,7
S03983,Erika,18
S03984,Amanda,13
S03985,Lisa,7
S03986,Stephen,2
S03987,Samantha,4
S03988,Michael,3
S03989,David,4
S03990,Michael,2
S03991,Oscar,11
S03992,Renee,17
S03993,Laura,11
S03994,Jaime,20
S03995,Yolanda,1
S03996,Joseph,10
S03997,Zoe,2
S03998,Anthony,15
S03999,Michael,1
S04000,Brent,18
S04001,Jennifer,20
S04002,Kelly,17
S04003,Garrett,14
S04004,Patrick,12
S04005,Steven,6
S04006,Jeanette,2
S04007,Anthony,2
S04008,Tammy,9
S04009,Nicholas,9
S04010,Brian,15
S04011,Richard,17
S04012,Michael,11
S04013,Heidi,10
S04014,Jessica,10
S04015,Emily,1
S04016,Briana,18
S04017,Rachel,9
S04018,Jonathan,13
S04019,Teresa,14
S04020,Michael,12
S04021,Joann,16
S04022,Jessica,19
S04023,Amy,14
S04024,Judy,13
S04025,Cory,18
S04026,Mary,10
S04027,Jessica,17
S04028,Ethan,16
S04029,William,4
S04030,Angela,16
S04031,Brittney,20
S04032,Mark,10
S04033,Rachael,1
S04034,Donna,9
S04035,James,9
S04036,Jeff,20
S04037,Maria,19
S04038,Joshua,8
S04039,Kristen,18
S04040,Billy,13
S04041,Christopher,12
S04042,Melissa,3
S04043,Nathaniel,10
S04044,Martin,4
S04045,John,1
S04046,Erika,8
S04047,Joe,7
S04048,Crystal,14
S04049,Sharon,4
S04050,Jeffrey,17
S04051,Wendy,2
S04052,Lisa,11
S04053,Billy,18
S04054,Tara,2
S04055,Cindy,11
S04056,James,4
S04057,James,9
S04058,Lisa,7
S04059,Timothy,9
S04060,Cory,6
S04061,Sharon,11
S04062,Beth,1
S04063,Robert,3
S04064,Tony,8
S04065,Brooke,9
S04066,Jody,1
S04067,Patrick,3
S04068,Emily,13
S04069,Nicholas,20
S04070,Charles,5
S04071,Karen,13
S04072,Jessica,15
S04073,James,2
S04074,Samuel,14
S04075,Ronald,14
S04076,Joshua,18
S04077,Cynthia,4
S04078,Karen,6
S04079,Amanda,3
S04080,Abigail,15
S04081,Ryan,10
S04082,Amanda,18
S04083,Justin,7
S04084,Samantha,4
S04085,Amy,11
S04086,Jonathan,3
S04087,Daniel,9
S04088,Maria,12
S04089,Sharon,5
S04090,Timothy,20
S04091,Patrick,4
S04092,Patricia,12
S04093,April,11
S04094,Ryan,9
S04095,Ryan,7
S04096,Deborah,3
S04097,Alejandro,1
S04098,Eric,7
S04099,John,6
S04100,Kathleen,2
S04101,Samantha,3
S04102,Carrie,8
S04103,Daniel,18
S04104,Christina,18
S04105,Michael,5
S04106,Jeremy,7
S04107,Cheryl,19
S04108,Nicole,6
S04109,Kimberly,8
S04110,Michael,10
S04111,Hannah,13
S04112,Daniel,16
S04113,Brittany,3
S04114,Ryan,10
S04115,Ana,12
S04116,Kevin,20
S04117,Marcus,20
S04118,Joshua,5
S04119,Renee,13
S04120,Monica,6
S04121,Joel,20
S04122,Jesse,4
S04123,Peggy,8
S04124,Amber,1
S04125,Stephen,17
S04126,Christopher,9
S04127,Jordan,9
S04128,Lisa,17
S04129,Angela,17
S04130,Charles,17
S04131,Thomas,5
S04132,Larry,19
S04133,Angela,7
S04134,Joel,18
S04135,Emily,11
S04136,Alicia,2
S04137,Julie,10
S04138,Christopher,8
S04139,James,3
S04140,Ashley,4
S04141,Susan,18
S04142,William,3
S04143,Adam,15
S04144,Emily,15
S04145,Katelyn,20
S04146,Robert,17
S04147,Cynthia,9
S04148,Jeff,2
S04149,Lisa,5
S04150,James,18
S04151,Jaime,10
S04152,Joan,1
S04153,Linda,15
S04154,Mark,3
S04155,Anthony,14
S04156,Thomas,5
S04157,Kenneth,17
S04158,Jacob,10
S04159,Christopher,11
S04160,Peggy,13
S04161,Sandra,4
S04162,David,2
S04163,Dennis,11
S04164,Mallory,3
S04165,Mary,20
S04166,Michael,18
S04167,Laura,14
S04168,Ronald,18
S04169,Sandra,16
S04170,Ariel,18
S04171,Peter,16
S04172,Sean,13
S04173,Perry,16
S04174,Scott,7
S04175,Christine,9
S04176,Seth,14
S04177,Paul,6
S04178,Phillip,7
S04179,Jennifer,12
S04180,Jennifer,4
S04181,Christopher,10
S04182,Michelle,4
S04183,Megan,12
S04184,Christopher,18
S04185,Thomas,8
S04186,Margaret,19
S04187,Michael,6
S04188,Kelly,13
S04189,Michael,10
S04190,Patricia,19
S04191,Cynthia,13
S04192,Victoria,9
S04193,Stephen,20
S04194,Scott,9
S04195,Emma,7
S04196,Jennifer,18
S04197,Jenny,19
S04198,Theresa,18
S04199,Tara,2
S04200,Jared,12
S04201,Curtis,18
S04202,Kyle,15
S04203,Eddie,9
S04204,David,18
S04205,Alicia,5
S04206,Selena,8
S04207,Lori,20
S04208,Karen,1
S04209,Madison,16
S04210,Willie,2
S04211,Peter,16
S04212,Cathy,7
S04213,Laura,3
S04214,Jennifer,12
S04215,Lisa,10
S04216,Colleen,5
S04217,Joshua,14
S04218,Daniel,15
S04219,Jenny,18
S04220,Andrea,8
S04221,Courtney,13
S04222,Brian,3
S04223,Joshua,6
S04224,Jason,3
S04225,Michael,18
S04226,Brian,10
S04227,Toni,18
S04228,Tina,4
S04229,Gary,5
S04230,Rachel,20
S04231,Lisa,2
S04232,Chase,2
S04233,Jonathan,14
S04234,Kevin,7
S04235,Timothy,14
S04236,Mary,12
S04237,Rhonda,13
S04238,Aaron,2
S04239,Nathan,20
S04240,Nicholas,14
S04241,Rebecca,7
S04242,Connie,20
S04243,Melanie,2
S04244,Bryan,11
S04245,Jessica,15
S04246,Jeremy,8
S04247,Connor,9
S04248,Christopher,15
S04249,Diane,7
S04250,Jessica,10
S04251,Harold,11
S04252,Kathy,4
S04253,Morgan,19
S04254,Valerie,5
S04255,Aaron,15
S04256,James,4
S04257,Alicia,11
S04258,Kyle,2
S04259,Emily,4
S04260,Dean,14
S04261,Mark,7
S04262,Matthew,1
S04263,Douglas,15
S04264,Deborah,18
S04265,Jackie,14
S04266,Taylor,6
S04267,Maurice,7
S04268,Ronald,6
S04269,Bobby,16
S04270,Bradley,14
S04271,Jenna,19
S04272,Laura,1
S04273,Charles,14
S04274,Jeremy,2
S04275,Erika,10
S04276,Dominic,17
S04277,John,16
S04278,Jennifer,8
S04279,Courtney,1
S04280,Melanie,11
S04281,Andrew,8
S04282,Rachel,9
S04283,Edward,4
S04284,Jeffrey,5
S04285,Kimberly,9
S04286,Ellen,5
S04287,Jason,17
S04288,Jacob,16
S04289,John,10
S04290,Cynthia,17
S04291,Carolyn,17
S04292,Beverly,17
S04293,Patricia,15
S04294,Mark,18
S04295,Mark,1
S04296,Carl,7
S04297,Leah,9
S04298,Yolanda,13
S04299,Malik,14
S04300,John,17
S04301,Jack,11
S04302,Brandon,8
S04303,Andrew,5
S04304,Belinda,17
S04305,Chad,9
S04306,Jennifer,18
S04307,Rhonda,16
S04308,Matthew,14
S04309,John,6
S04310,Paul,13
S04311,Penny,20
S04312,George,9
S04313,Ashley,12
S04314,Elizabeth,7
S04315,Sandra,6
S04316,Kimberly,8
S04317,Christina,8
S04318,Brett,13
S04319,Susan,12
S04320,Lauren,6
S04321,Scott,13
S04322,Samantha,1
S04323,Andrew,12
S04324,Nancy,15
S04325,Denise,19
S04326,Ryan,17
S04327,Christopher,19
S04328,Jennifer,9
S04329,Gary,14
S04330,Keith,7
S04331,Ryan,19
S04332,Jesse,5
S04333,Zachary,4
S04334,Ashley,11
S04335,Daniel,20
S04336,Manuel,4
S04337,Ashley,10
S04338,Lee,6
S04339,Regina,9
S04340,Sandra,14
S04341,Molly,5
S04342,Jerome,12
S04343,Alexandra,9
S04344,Samantha,14
S04345,Robert,1
S04346,Martin,17
S04347,Jonathan,2
S04348,Natalie,6
S04349,Victoria,6
S04350,Emma,5
S04351,John,1
S04352,Christine,15
S04353,Loretta,10
S04354,Tim,11
S04355,Daniel,14
S04356,Matthew,7
S04357,Kurt,10
S04358,Diana,13
S04359,Christine,10
S04360,Jillian,3
S04361,Jeffrey,10
S04362,Colin,14
S04363,Nicole,5
S04364,Robert,15
S04365,John,18
S04366,Emily,14
S04367,Ashley,12
S04368,Kathleen,5
S04369,Kelly,10
S04370,John,6
S04371,Sylvia,17
S04372,Charles,9
S04373,Heather,17
S04374,Peter,2
S04375,Melanie,15
S04376,Stanley,14
S04377,Matthew,8
S04378,Amy,16
S04379,Andrew,7
S04380,Rebecca,6
S04381,Jonathan,9
S04382,Leah,8
S04383,Kimberly,19
S04384,Jennifer,13
S04385,Vicki,15
S04386,John,10
S04387,Benjamin,13
S04388,Kayla,9
S04389,Robert,16
S04390,Sara,5
S04391,Alexander,3
S04392,Monica,19
S04393,David,12
S04394,Brandon,16
S04395,Maria,3
S04396,Mike,17
S04397,Jennifer,12
S04398,Ryan,17
S04399,Stephanie,19
S04400,Sarah,16
S04401,Patrick,7
S04402,Monique,15
S04403,Nicole,15
S04404,Gary,4
S04405,Timothy,4
S04406,Gregory,18
S04407,Samantha,1
S04408,Lauren,5
S04409,Christina,18
S04410,Cathy,2
S04411,Melissa,19
S04412,Roger,9
S04413,Amy,16
S04414,Dwayne,5
S04415,Leslie,18
S04416,James,11
S04417,Billy,2
S04418,Benjamin,13
S04419,Destiny,8
S04420,Jack,20
S04421,Jennifer,18
S04422,Shane,11
S04423,Austin,4
S04424,Calvin,16
S04425,Beth,4
S04426,Paul,4
S04427,Edward,3
S04428,Hunter,10
S04429,Gabriella,5
S04430,Zachary,17
S04431,Benjamin,15
S04432,Diana,15
S04433,Matthew,12
S04434,Kimberly,16
S04435,Thomas,15
S04436,Joseph,19
S04437,Karen,8
S04438,Crystal,18
S04439,Lisa,14
S04440,Stephen,10
S04441,Claudia,10
S04442,Mark,13
S04443,James,7
S04444,Lindsay,4
S04445,Autumn,11
S04446,Carol,18
S04447,Timothy,20
S04448,Paula,20
S04449,Amanda,1
S04450,James,1
S04451,Daisy,4
S04452,Cody,1
S04453,Marcus,2
S04454,Christian,18
S04455,Janice,1
S04456,Anne,17
S04457,Corey,19
S04458,Katherine,20
S04459,Charles,11
S04460,James,9
S04461,Jessica,12
S04462,Rhonda,11
S04463,Nicholas,9
S04464,Erin,14
S04465,Jacob,11
S04466,Anna,5
S04467,Ashley,10
S04468,Vincent,5
S04469,Philip,20
S04470,Becky,19
S04471,Christopher,20
S04472,Nicole,17
S04473,Kimberly,13
S04474,Justin,10
S04475,Victoria,16
S04476,Andrea,4
S04477,Maria,15
S04478,Cassandra,15
S04479,Matthew,5
S04480,Shawn,9
S04481,Heather,9
S04482,Rebecca,14
S04483,Natasha,10
S04484,Erik,2
S04485,Nancy,10
S04486,Sydney,15
S04487,Cynthia,8
S04488,Jacqueline,3
S04489,Matthew,16
S04490,Scott,19
S04491,Scott,1
S04492,Shaun,17
S04493,Cheyenne,1
S04494,Daniel,3
S04495,Susan,8
S04496,David,11
S04497,Kristi,6
S04498,Mary,18
S04499,Mary,8
S04500,Christopher,9
S04501,Melissa,20
S04502,Stephanie,11
S04503,Tina,18
S04504,Brent,12
S04505,Deborah,2
S04506,Elizabeth,3
S04507,Jessica,18
S04508,Courtney,12
S04509,Lisa,20
S04510,Brooke,5
S04511,Maureen,4
S04512,Corey,17
S04513,Eric,10
S04514,Sean,16
S04515,Adam,6
S04516,Linda,15
S04517,Felicia,8
S04518,Rebecca,8
S04519,Jade,8
S04520,Danielle,12
S04521,Amber,18
S04522,Mark,16
S04523,Shelia,13
S04524,Matthew,9
S04525,Paul,12
S04526,Madison,8
S04527,Robert,6
S04528,Michael,7
S04529,Jennifer,15
S04530,Ann,18
S04531,Robert,14
S04532,Jennifer,9
S04533,Nathan,18
S04534,Steven,3
S04535,James,20
S04536,Martin,7
S04537,Donald,6
S04538,Sonia,16
S04539,Beverly,4
S04540,Shelby,14
S04541,Andrew,1
S04542,David,17
S04543,Tammy,18
S04544,Sarah,13
S04545,Natalie,10
S04546,Kelsey,1
S04547,Jonathan,15
S04548,Katherine,15
S04549,Jessica,20
S04550,Daniel,17
S04551,Martha,12
S04552,Michael,15
S04553,Margaret,2
S04554,Julia,10
S04555,Jaclyn,16
S04556,Rhonda,15
S04557,Christopher,19
S04558,Paul,11
S04559,Sarah,5
S04560,Alexander,17
S04561,George,10
S04562,Ryan,7
S04563,Denise,13
S04564,Kristin,4
S04565,Nicholas,4
S04566,Shelley,19
S04567,Kenneth,14
S04568,Roberto,2
S04569,April,11
S04570,Roberto,12
S04571,Jessica,9
S04572,Linda,3
S04573,Pamela,10
S04574,Paula,20
S04575,Steven,14
S04576,Lisa,13
S04577,Christian,1
S04578,John,11
S04579,Stephen,19
S04580,Kelsey,4
S04581,John,1
S04582,Austin,13
S04583,Brian,1
S04584,Sarah,13
S04585,Kimberly,2
S04586,Peter,13
S04587,Robert,18
S04588,Natalie,3
S04589,Vincent,18
S04590,Mark,10
S04591,Russell,13
S04592,Edward,18
S04593,Joseph,17
S04594,Carla,8
S04595,Robert,6
S04596,Shannon,1
S04597,Sarah,14
S04598,Veronica,4
S04599,Anna,19
S04600,Ryan,18
S04601,Jeff,6
S04602,David,7
S04603,Carla,6
S04604,Diana,10
S04605,Karen,11
S04606,Roberto,13
S04607,Jerry,3
S04608,Natalie,1
S04609,Jeffrey,18
S04610,Amber,17
S04611,Carla,10
S04612,Sharon,13
S04613,Bradley,5
S04614,Jacob,20
S04615,Alexandra,5
S04616,Linda,11
S04617,Mary,18
S04618,Tyler,8
S04619,Joseph,16
S04620,Doris,4
S04621,Kaylee,11
S04622,Jennifer,15
S04623,Tammy,1
S04624,Nicole,20
S04625,Natalie,2
S04626,Allen,1
S04627,Tanya,9
S04628,Peter,14
S04629,Joseph,14
S04630,Andrew,10
S04631,Alexander,16
S04632,Michele,4
S04633,Jessica,3
S04634,Charles,14
S04635,Veronica,1
S04636,Danny,13
S04637,Heather,8
S04638,Laura,9
S04639,Teresa,17
S04640,Roger,10
S04641,Jason,7
S04642,Alyssa,20
S04643,Jessica,8
S04644,Jaime,13
S04645,Nicole,4
S04646,John,2
S04647,Jorge,12
S04648,Kenneth,11
S04649,Caleb,11
S04650,Teresa,5
S04651,Helen,7
S04652,Katie,9
S04653,Paul,18
S04654,Lori,7
S04655,Ethan,6
S04656,William,17
S04657,Henry,7
S04658,David,14
S04659,Alexander,11
S04660,Daniel,12
S04661,Stephanie,5
S04662,Frederick,4
S04663,Sheila,5
S04664,Gina,8
S04665,Melissa,6
S04666,Andrew,4
S04667,Elizabeth,7
S04668,Joseph,4
S04669,Michaela,12
S04670,Susan,2
S04671,Amanda,18
S04672,William,6
S04673,Adam,5
S04674,Meredith,14
S04675,Heather,6
S04676,Belinda,17
S04677,Danny,16
S04678,Nancy,5
S04679,Jennifer,17
S04680,Brandon,15
S04681,Jonathan,17
S04682,Angela,2
S04683,Emily,13
S04684,Kaitlin,10
S04685,Eric,13
S04686,Brian,8
S04687,Jose,18
S04688,Bryan,3
S04689,Ashley,16
S04690,Steven,1
S04691,Michael,10
S04692,Robert,3
S04693,Joseph,2
S04694,Kari,7
S04695,Morgan,11
S04696,Barbara,9
S04697,Lauren,20
S04698,Maria,17
S04699,Craig,1
S04700,Taylor,20
S04701,Kimberly,10
S04702,Jennifer,6
S04703,Kathleen,20
S04704,Joseph,16
S04705,Brittany,1
S04706,Katie,12
S04707,Jenna,20
S04708,Donald,3
S04709,Justin,3
S04710,Jonathan,12
S04711,Kevin,8
S04712,Paul,17
S04713,John,9
S04714,Jeffrey,9
S04715,Michael,4
S04716,Aaron,15
S04717,Kayla,1
S04718,Jack,6
S04719,Richard,4
S04720,Leah,4
S04721,Eric,3
S04722,David,2
S04723,Leonard,4
S04724,Kenneth,17
S04725,Howard,3
S04726,Jennifer,14
S04727,Melissa,16
S04728,Megan,17
S04729,Robert,1
S04730,Maria,6
S04731,Melissa,10
S04732,Manuel,19
S04733,Nicole,2
S04734,Jason,8
S04735,Timothy,3
S04736,Crystal,15
S04737,Christian,9
S04738,Phillip,4
S04739,Sarah,1
S04740,Kelly,9
S04741,Desiree,6
S04742,Alicia,3
S04743,Angela,7
S04744,Andrew,16
S04745,Jason,10
S04746,Jaclyn,12
S04747,Christopher,6
S04748,Maria,18
S04749,Chloe,8
S04750,Danny,12
S04751,Megan,16
S04752,Samantha,2
S04753,Ryan,18
S04754,Tonya,5
S04755,Kimberly,12
S04756,Phillip,18
S04757,Jonathan,4
S04758,Angela,7
S04759,Kevin,13
S04760,Anthony,19
S04761,Heather,8
S04762,Melissa,13
S04763,Victoria,15
S04764,Adrian,11
S04765,Brian,17
S04766,Andrew,11
S04767,Gregory,13
S04768,Angela,12
S04769,Leslie,11
S04770,Joseph,12
S04771,Scott,1
S04772,Sandra,14
S04773,Louis,3
S04774,Joseph,7
S04775,Anna,11
S04776,John,3
S04777,John,18
S04778,Jeremy,10
S04779,Jerry,2
S04780,Kelly,4
S04781,Jennifer,11
S04782,Lori,1
S04783,Pedro,17
S04784,Jeffrey,20
S04785,Mark,10
S04786,Jenny,4
S04787,Laura,2
S04788,Cynthia,7
S04789,Adam,4
S04790,Kelly,19
S04791,Frank,5
S04792,Michael,11
S04793,Rodney,1
S04794,Christopher,9
S04795,Kelly,17
S04796,Michelle,14
S04797,Stacey,16
S04798,Joseph,2
S04799,Ryan,4
S04800,Jacqueline,6
S04801,Elizabeth,7
S04802,Danielle,7
S04803,Tracy,15
S04804,Linda,9
S04805,Stephanie,1
S04806,Sara,9
S04807,Michael,18
S04808,Joann,1
S04809,Jill,19
S04810,Kevin,8
S04811,Jesus,1
S04812,Mitchell,19
S04813,Shawn,6
S04814,Charles,17
S04815,Jennifer,20
S04816,Cheryl,15
S04817,Jeffrey,10
S04818,Jerome,11
S04819,Laura,9
S04820,Victoria,6
S04821,Miranda,11
S04822,Anna,11
S04823,Scott,8
S04824,Ralph,7
S04825,Alexander,12
S04826,Tina,11
S04827,Madison,5
S04828,William,10
S04829,Kathleen,3
S04830,Amy,20
S04831,William,19
S04832,Courtney,16
S04833,Robin,10
S04834,Mark,10
S04835,Renee,15
S04836,Benjamin,19
S04837,Kathleen,10
S04838,Joshua,3
S04839,Patrick,4
S04840,Joseph,13
S04841,Pamela,11
S04842,Ariel,17
S04843,Kimberly,6
S04844,Shannon,3
S04845,Toni,2
S04846,Katie,8
S04847,Sandra,5
S04848,Richard,12
S04849,Barbara,15
S04850,Patricia,8
S04851,Stefanie,3
S04852,Steven,11
S04853,Richard,20
S04854,Nicole,1
S04855,Robin,5
S04856,James,17
S04857,Kristen,13
S04858,Carl,20
S04859,Stephanie,9
S04860,Michelle,10
S04861,Ernest,19
S04862,Adrian,14
S04863,Jennifer,18
S04864,Veronica,9
S04865,Jill,12
S04866,Sheryl,19
S04867,Tiffany,14
S04868,Rita,20
S04869,Michael,1
S04870,Jennifer,18
S04871,Daniel,12
S04872,Lindsey,12
S04873,Crystal,10
S04874,Jeffrey,1
S04875,Molly,14
S04876,James,6
S04877,Anthony,20
S04878,Troy,20
S04879,Bethany,17
S04880,James,18
S04881,Alyssa,9
S04882,Jeffrey,2
S04883,Scott,19
S04884,Sarah,2
S04885,Patricia,1
S04886,Abigail,13
S04887,Melissa,17
S04888,Matthew,16
S04889,Jesse,13
S04890,Timothy,7
S04891,Aaron,9
S04892,Madison,10
S04893,Robert,13
S04894,Anthony,17
S04895,Tina,5
S04896,Gina,1
S04897,Jack,9
S04898,Jennifer,4
S04899,Virginia,2
S04900,Paul,7
S04901,Danielle,13
S04902,Hector,13
S04903,Jody,3
S04904,Kathryn,4
S04905,Christina,15
S04906,Eric,16
S04907,Jessica,18
S04908,Jeremy,6
S04909,Tyrone,1
S04910,Andrew,13
S04911,Robert,20
S04912,Julie,13
S04913,Justin,2
S04914,Hunter,1
S04915,Reginald,12
S04916,Jonathan,11
S04917,Amy,12
S04918,Jodi,1
S04919,Ann,18
S04920,Scott,8
S04921,Thomas,5
S04922,Joseph,6
S04923,Angela,15
S04924,Sara,13
S04925,Zachary,13
S04926,James,1
S04927,Krista,10
S04928,Whitney,20
S04929,Kevin,6
S04930,Kathleen,1
S04931,Hannah,2
S04932,Bridget,16
S04933,Joseph,19
S04934,Erika,7
S04935,Samuel,11
S04936,Richard,4
S04937,John,2
S04938,Amy,2
S04939,Thomas,9
S04940,Lisa,3
S04941,Joshua,6
S04942,Chad,5
S04943,Jennifer,13
S04944,Kathleen,5
S04945,Shawn,8
S04946,Shelby,8
S04947,Lauren,7
S04948,Damon,9
S04949,Jim,19
S04950,Isabella,2
S04951,Alice,6
S04952,Steven,5
S04953,Laura,12
S04954,Caitlin,9
S04955,Danielle,8
S04956,Lauren,11
S04957,Rachel,3
S04958,Ashley,9
S04959,Michelle,5
S04960,Sandra,5
S04961,Ronald,19
S04962,Stephen,3
S04963,Theodore,16
S04964,Carolyn,4
S04965,Michael,10
S04966,Christian,11
S04967,William,9
S04968,Erin,13
S04969,Anthony,17
S04970,Kathryn,2
S04971,Cindy,13
S04972,Kimberly,14
S04973,Thomas,12
S04974,Laura,17
S04975,Ronald,7
S04976,Katherine,18
S04977,Misty,16
S04978,Brandy,11
S04979,Gabriel,14
S04980,Paula,6
S04981,Terry,6
S04982,Mary,17
S04983,Ashley,19
S04984,Deborah,3
S04985,Laura,1
S04986,Katrina,4
S04987,Daniel,16
S04988,Kathryn,19
S04989,Melissa,2
S04990,Michelle,14
S04991,Melissa,20
S04992,Wendy,20
S04993,Deborah,13
S04994,Emma,13
S04995,John,6
S04996,Diana,12
S04997,Brandon,3
S04998,Tyler,6
S04999,Craig,11
S05000,Andres,12
S05001,Lisa,8
S05002,Christopher,8
S05003,Brian,13
S05004,Molly,12
S05005,Ashley,16
S05006,Nathan,12
S05007,Gary,17
S05008,Carlos,17
S05009,Charles,1
S05010,Robert,13
S05011,Daniel,4
S05012,Tammy,5
S05013,Paul,10
S05014,Timothy,7
S05015,Timothy,11
S05016,David,5
S05017,Tamara,8
S05018,Teresa,5
S05019,Denise,12
S05020,Haley,4
S05021,Jessica,7
S05022,Kylie,4
S05023,Kevin,5
S05024,Benjamin,11
S05025,Daniel,19
S05026,Christina,18
S05027,Jennifer,9
S05028,Sheri,2
S05029,Susan,10
S05030,Andrew,12
S05031,Timothy,9
S05032,Jessica,1
S05033,Kimberly,8
S05034,Fernando,11
S05035,Kellie,2
S05036,Anita,4
S05037,Lori,13
S05038,Christopher,9
S05039,Shannon,11
S05040,Ryan,10
S05041,James,11
S05042,Amy,6
S05043,Janice,6
S05044,Joseph,10
S05045,David,20
S05046,Carrie,11
S05047,George,18
S05048,Heather,1
S05049,Jose,19
S05050,Joann,8
S05051,Billy,12
S05052,Mark,15
S05053,Michael,1
S05054,Brooke,12
S05055,Evan,4
S05056,Ernest,10
S05057,Philip,14
S05058,Tricia,16
S05059,Thomas,11
S05060,Robert,5
S05061,Jacqueline,17
S05062,Casey,5
S05063,Tara,17
S05064,Lucas,16
S05065,Randy,9
S05066,Julia,14
S05067,Shannon,2
S05068,William,12
S05069,Jill,3
S05070,David,19
S05071,Anita,1
S05072,Bradley,20
S05073,Brian,17
S05074,Paul,2
S05075,Alyssa,17
S05076,Eric,1
S05077,Mark,2
S05078,Alyssa,13
S05079,Leah,4
S05080,Julie,8
S05081,Michael,9
S05082,Breanna,7
S05083,John,7
S05084,Shawn,2
S05085,Joseph,10
S05086,Jesse,2
S05087,Frank,7
S05088,Mary,15
S05089,Michael,12
S05090,Megan,20
S05091,Kristina,15
S05092,Janice,20
S05093,Brian,2
S05094,Pamela,19
S05095,James,16
S05096,Annette,20
S05097,Jennifer,16
S05098,Samantha,13
S05099,Kristopher,12
S05100,Diane,17
S05101,Molly,18
S05102,Casey,2
S05103,Claudia,2
S05104,Michelle,15
S05105,Laurie,19
S05106,Nicole,5
S05107,Christopher,14
S05108,James,12
S05109,Sara,9
S05110,Mariah,13
S05111,Holly,5
S05112,Amy,2
S05113,Renee,15
S05114,Matthew,19
S05115,Desiree,10
S05116,Douglas,6
S05117,Gregory,16
S05118,Stephanie,17
S05119,Elizabeth,20
S05120,Vincent,12
S05121,Teresa,13
S05122,Stephen,1
S05123,Deanna,3
S05124,Lindsey,9
S05125,Michaela,16
S05126,Cheryl,17
S05127,Emily,19
S05128,Robert,20
S05129,Benjamin,12
S05130,Amber,3
S05131,Ashley,3
S05132,Vincent,19
S05133,Joseph,8
S05134,Daniel,17
S05135,Jason,10
S05136,Shelley,6
S05137,Christopher,5
S05138,Patricia,10
S05139,Megan,16
S05140,Karen,9
S05141,Richard,2
S05142,Paige,5
S05143,Lisa,3
S05144,Kelsey,20
S05145,Tammy,15
S05146,Gina,13
S05147,Taylor,15
S05148,Mario,5
S05149,Christopher,3
S05150,Linda,7
S05151,Jared,19
S05152,Christopher,5
S05153,Laurie,10
S05154,Thomas,3
S05155,Michael,18
S05156,Andrea,7
S05157,Dale,18
S05158,Abigail,3
S05159,Paige,6
S05160,Chelsea,16
S05161,William,11
S05162,Michael,10
S05163,Olivia,14
S05164,Michelle,19
S05165,Jessica,10
S05166,Eric,18
S05167,Tammy,11
S05168,Aaron,10
S05169,David,10
S05170,David,20
S05171,Larry,5
S05172,Kevin,1
S05173,Mario,20
S05174,Tyler,15
S05175,Troy,14
S05176,Matthew,4
S05177,Brittany,9
S05178,Carrie,6
S05179,Caitlyn,4
S05180,Ashlee,6
S05181,Alexander,8
S05182,Melissa,17
S05183,Heather,6
S05184,David,4
S05185,Christopher,11
S05186,John,9
S05187,Donna,5
S05188,Patrick,9
S05189,David,13
S05190,Christopher,7
S05191,Valerie,8
S05192,Billy,13
S05193,Robert,20
S05194,Lacey,11
S05195,Timothy,9
S05196,Philip,18
S05197,Frank,5
S05198,Anita,2
S05199,Claire,10
S05200,Thomas,19
S05201,Katherine,6
S05202,Michael,11
S05203,Mary,12
S05204,Michael,6
S05205,Johnathan,7
S05206,Jose,18
S05207,Ronnie,15
S05208,Daniel,7
S05209,Kevin,12
S05210,Kyle,20
S05211,John,1
S05212,Barry,4
S05213,Breanna,2
S05214,Amanda,11
S05215,Scott,20
S05216,Julia,19
S05217,William,11
S05218,Sylvia,8
S05219,Brian,3
S05220,Johnathan,5
S05221,Norma,5
S05222,David,5
S05223,Perry,17
S05224,Tony,5
S05225,Joshua,4
S05226,Paula,9
S05227,Barbara,10
S05228,Erin,10
S05229,Jeffrey,10
S05230,David,17
S05231,Brittney,12
S05232,Linda,2
S05233,Samantha,11
S05234,Bruce,3
S05235,Alexis,12
S05236,Kimberly,20
S05237,Austin,2
S05238,Erika,15
S05239,Stephanie,8
S05240,Sarah,6
S05241,Edward,1
S05242,Nicholas,15
S05243,Joseph,5
S05244,Erin,13
S05245,Adrian,20
S05246,Maria,10
S05247,James,10
S05248,Derek,16
S05249,Sarah,18
S05250,Rebecca,5
S05251,Heather,11
S05252,Joseph,9
S05253,Sarah,18
S05254,David,20
S05255,Emily,3
S05256,Julie,5
S05257,Matthew,5
S05258,Adam,2
S05259,Leslie,12
S05260,Melinda,4
S05261,Shannon,11
S05262,Victoria,16
S05263,Micheal,19
S05264,Kari,15
S05265,Steven,14
S05266,William,16
S05267,Tommy,15
S05268,Calvin,9
S05269,Erin,9
S05270,Mason,3
S05271,Loretta,9
S05272,George,6
S05273,Anthony,6
S05274,Amber,15
S05275,Brian,13
S05276,Matthew,14
S05277,Raymond,3
S05278,Shawn,8
S05279,Tyler,14
S05280,Alyssa,11
S05281,Yvonne,1
S05282,Jay,3
S05283,John,5
S05284,Audrey,13
S05285,Dawn,9
S05286,Gregory,19
S05287,Sandy,12
S05288,Timothy,7
S05289,Nicole,5
S05290,Jim,5
S05291,Dawn,14
S05292,Jennifer,5
S05293,Jimmy,7
S05294,Teresa,8
S05295,Larry,10
S05296,Erica,3
S05297,Ashley,2
S05298,Tina,6
S05299,Rebecca,2
S05300,Tyler,8
S05301,Shelley,6
S05302,Nicholas,11
S05303,Meredith,6
S05304,Marie,1
S05305,Mark,4
S05306,John,14
S05307,Barbara,8
S05308,Paul,8
S05309,Daniel,16
S05310,Jessica,9
S05311,Ricky,9
S05312,John,20
S05313,Karen,20
S05314,Christopher,12
S05315,Thomas,17
S05316,Joseph,20
S05317,Julie,9
S05318,Mark,5
S05319,Kristopher,10
S05320,David,9
S05321,Rodney,11
S05322,Thomas,6
S05323,Jake,7
S05324,Shawn,17
S05325,Brittany,14
S05326,Kevin,19
S05327,Dominique,2
S05328,Elizabeth,20
S05329,Alexander,14
S05330,Sarah,3
S05331,Mary,17
S05332,Troy,5
S05333,Lori,16
S05334,Anthony,4
S05335,Latasha,8
S05336,Manuel,1
S05337,Frederick,15
S05338,Daniel,15
S05339,Vanessa,8
S05340,Christopher,17
S05341,Timothy,2
S05342,Maurice,15
S05343,Krystal,11
S05344,Jacob,18
S05345,John,20
S05346,Nathan,16
S05347,Kyle,17
S05348,Pamela,1
S05349,Amber,1
S05350,Wanda,1
S05351,Robin,3
S05352,Karen,17
S05353,Michael,2
S05354,Travis,9
S05355,Jeffrey,12
S05356,Ashley,11
S05357,Dale,13
S05358,William,18
S05359,Brianna,18
S05360,Patricia,2
S05361,Diane,12
S05362,John,14
S05363,Jeffrey,4
S05364,Jessica,19
S05365,Justin,18
S05366,Brenda,2
S05367,Michelle,9
S05368,Jason,19
S05369,Matthew,16
S05370,Meredith,7
S05371,Monique,2
S05372,Joshua,3
S05373,David,14
S05374,Daniel,11
S05375,Andrew,18
S05376,Jonathan,15
S05377,Carmen,1
S05378,Kyle,19
S05379,Connor,6
S05380,Tyler,7
S05381,Misty,17
S05382,Alex,3
S05383,Kent,11
S05384,Tara,6
S05385,Sophia,12
S05386,Angela,14
S05387,John,8
S05388,Heather,9
S05389,Kelsey,13
S05390,John,15
S05391,Laura,16
S05392,Sarah,15
S05393,Tammy,8
S05394,Miranda,9
S05395,Jacob,2
S05396,Matthew,4
S05397,Ryan,19
S05398,Tyler,2
S05399,Jennifer,4
S05400,Cody,17
S05401,Katelyn,7
S05402,Denise,19
S05403,Morgan,10
S05404,Gary,19
S05405,Tammy,1
S05406,Lisa,20
S05407,Dean,18
S05408,Shannon,4
S05409,Douglas,7
S05410,Kayla,14
S05411,Kelly,14
S05412,Benjamin,9
S05413,Kayla,10
S05414,Chase,6
S05415,Rickey,20
S05416,Taylor,8
S05417,Kimberly,20
S05418,Eileen,20
S05419,Angela,18
S05420,Cody,14
S05421,Nathan,1
S05422,Danielle,9
S05423,Amber,5
S05424,Frederick,12
S05425,Kathryn,9
S05426,Penny,5
S05427,Steve,14
S05428,Travis,18
S05429,Randall,14
S05430,Kelly,7
S05431,Stacy,12
S05432,Jonathan,13
S05433,Carolyn,17
S05434,Jared,16
S05435,Olivia,11
S05436,Kristin,18
S05437,Spencer,18
S05438,Carla,7
S05439,Crystal,6
S05440,Christopher,20
S05441,Timothy,19
S05442,Tiffany,14
S05443,Eric,2
S05444,Beverly,11
S05445,Melissa,4
S05446,Kayla,13
S05447,Chad,18
S05448,Evelyn,3
S05449,Jessica,18
S05450,Gloria,9
S05451,Heather,15
S05452,William,16
S05453,Wendy,13
S05454,Hannah,15
S05455,Andrew,19
S05456,Tommy,12
S05457,Denise,18
S05458,Lisa,16
S05459,Patrick,16
S05460,Julie,10
S05461,Taylor,16
S05462,Todd,17
S05463,Kelsey,9
S05464,Justin,17
S05465,Jesse,17
S05466,Jaclyn,16
S05467,Lisa,20
S05468,Kimberly,14
S05469,Kristen,2
S05470,Scott,14
S05471,Joyce,18
S05472,Lacey,2
S05473,John,6
S05474,Jerry,2
S05475,Carlos,10
S05476,Leslie,15
S05477,Diana,4
S05478,Sean,14
S05479,Molly,20
S05480,Tina,7
S05481,Sarah,6
S05482,David,15
S05483,Christina,6
S05484,Mark,4
S05485,Joseph,3
S05486,Gina,20
S05487,Paul,2
S05488,Dana,3
S05489,Jessica,17
S05490,Emily,16
S05491,Dylan,19
S05492,Christina,1
S05493,Joshua,9
S05494,Ashley,16
S05495,Kenneth,17
S05496,Lisa,14
S05497,Rhonda,1
S05498,Kevin,8
S05499,Steven,2
S05500,Allen,8
S05501,Jennifer,20
S05502,Lori,11
S05503,Christina,6
S05504,Diana,18
S05505,Jodi,11
S05506,Jacob,5
S05507,Matthew,19
S05508,Dorothy,11
S05509,Carrie,6
S05510,John,1
S05511,Amy,10
S05512,Antonio,11
S05513,Amy,17
S05514,Andrew,10
S05515,Charlotte,17
S05516,Tammy,9
S05517,Micheal,6
S05518,Terrence,12
S05519,Charles,9
S05520,Roger,17
S05521,Aaron,6
S05522,Stephanie,19
S05523,Steven,20
S05524,William,14
S05525,Tamara,20
S05526,Ernest,2
S05527,Tracie,16
S05528,Amanda,13
S05529,Destiny,9
S05530,Jennifer,13
S05531,Barbara,2
S05532,Elizabeth,7
S05533,Daniel,11
S05534,Angela,20
S05535,Crystal,9
S05536,Ronald,2
S05537,Patrick,12
S05538,Wendy,16
S05539,Erin,7
S05540,Stacy,6
S05541,Kerry,3
S05542,Monica,5
S05543,Frederick,4
S05544,Joshua,14
S05545,Ashley,11
S05546,James,2
S05547,Dylan,7
S05548,Victoria,20
S05549,Rachel,11
S05550,Adam,11
S05551,Paula,1
S05552,Tyler,19
S05553,Karina,10
S05554,Katrina,5
S05555,Julie,4
S05556,Carla,17
S05557,Katherine,9
S05558,Taylor,8
S05559,Robert,4
S05560,Alison,1
S05561,Ronald,18
S05562,Eric,4
S05563,Ashley,14
S05564,Chad,14
S05565,Donald,6
S05566,Robin,7
S05567,Cheryl,12
S05568,Caitlyn,7
S05569,Sydney,11
S05570,Kiara,7
S05571,Carla,9
S05572,Andrew,14
S05573,Clifford,8
S05574,Patricia,19
S05575,Kathy,13
S05576,Kari,10
S05577,Christopher,9
S05578,Anthony,14
S05579,Paul,3
S05580,Linda,16
S05581,Jennifer,17
S05582,David,8
S05583,Joanna,20
S05584,Christine,17
S05585,Eric,20
S05586,Kristy,2
S05587,Suzanne,11
S05588,Eric,12
S05589,Michelle,20
S05590,Scott,4
S05591,Kelsey,9
S05592,Yesenia,9
S05593,Stephen,18
S05594,Douglas,18
S05595,Marc,20
S05596,Dennis,4
S05597,Jeff,4
S05598,Michael,17
S05599,Tara,5
S05600,Lori,10
S05601,Jeffrey,2
S05602,Dustin,20
S05603,Timothy,7
S05604,Justin,9
S05605,Patricia,11
S05606,Jason,14
S05607,Katie,8
S05608,Amy,13
S05609,David,19
S05610,Micheal,17
S05611,Amanda,10
S05612,David,4
S05613,Evan,12
S05614,Joshua,18
S05615,Monica,2
S05616,Catherine,11
S05617,Erin,10
S05618,Emily,16
S05619,George,16
S05620,Edward,6
S05621,Elizabeth,19
S05622,Hunter,19
S05623,Taylor,1
S05624,Jeff,19
S05625,Steven,18
S05626,Rebecca,14
S05627,Dillon,3
S05628,Melissa,17
S05629,Heather,1
S05630,Mark,7
S05631,Steven,10
S05632,Daniel,6
S05633,Michelle,2
S05634,Kathleen,7
S05635,Lisa,10
S05636,Daniel,5
S05637,Adam,1
S05638,Lauren,1
S05639,Sharon,12
S05640,Sheryl,20
S05641,Andre,13
S05642,Joseph,18
S05643,Carol,14
S05644,Clinton,18
S05645,Robert,10
S05646,Carolyn,1
S05647,Jeffrey,12
S05648,Danielle,6
S05649,Alejandra,4
S05650,Kerri,19
S05651,Beverly,10
S05652,Paul,7
S05653,Christine,13
S05654,John,12
S05655,Cathy,20
S05656,Suzanne,2
S05657,Andrew,1
S05658,Amanda,19
S05659,Taylor,18
S05660,Samuel,15
S05661,Allen,10
S05662,Ryan,17
S05663,Lisa,6
S05664,Emily,3
S05665,Yolanda,20
S05666,Christopher,19
S05667,Wendy,14
S05668,Tanya,17
S05669,Carla,20
S05670,Patty,8
S05671,Chelsea,17
S05672,David,8
S05673,Kathryn,1
S05674,Sean,12
S05675,Michelle,4
S05676,Tristan,15
S05677,Laura,9
S05678,Shane,7
S05679,Mitchell,8
S05680,Carrie,16
S05681,Maxwell,8
S05682,Lisa,11
S05683,Johnny,9
S05684,David,17
S05685,Brian,13
S05686,Jerome,14
S05687,Barbara,17
S05688,Nicholas,17
S05689,Matthew,13
S05690,Jose,14
S05691,Mariah,18
S05692,Jennifer,18
S05693,Nicholas,14
S05694,Roger,18
S05695,Amber,4
S05696,Jamie,7
S05697,Ana,20
S05698,Jeffrey,9
S05699,Matthew,17
S05700,Daniel,18
S05701,Robert,20
S05702,Stephanie,15
S05703,Justin,18
S05704,Christopher,11
S05705,Lisa,20
S05706,Ashlee,13
S05707,Christina,14
S05708,Samantha,19
S05709,Andrea,16
S05710,Matthew,9
S05711,Todd,3
S05712,Jeremy,9
S05713,Cristina,10
S05714,Rachel,5
S05715,Patricia,5
S05716,Deanna,6
S05717,Kathryn,5
S05718,Joshua,15
S05719,Ashley,8
S05720,Tony,1
S05721,Adam,6
S05722,Jacob,14
S05723,Michelle,3
S05724,Julie,12
S05725,Nancy,17
S05726,Sandra,17
S05727,Dakota,13
S05728,Edward,10
S05729,Kayla,19
S05730,Emily,19
S05731,Brian,20
S05732,Devin,20
S05733,Tiffany,10
S05734,Paul,12
S05735,Mary,15
S05736,Christine,2
S05737,Shane,5
S05738,Rachel,19
S05739,Kristen,7
S05740,Troy,2
S05741,Sandra,9
S05742,Jenna,10
S05743,Sheila,3
S05744,Chris,11
S05745,George,17
S05746,Colleen,13
S05747,Kristin,7
S05748,Judith,3
S05749,Dawn,17
S05750,Terri,17
S05751,Erin,5
S05752,Arthur,7
S05753,Angela,14
S05754,Cheryl,18
S05755,Linda,14
S05756,Daniel,14
S05757,Annette,15
S05758,Courtney,6
S05759,Ruth,20
S05760,Becky,5
S05761,Olivia,18
S05762,Jonathan,1
S05763,Charles,17
S05764,Brian,1
S05765,Erica,13
S05766,Rhonda,2
S05767,Julie,11
S05768,Tracy,4
S05769,Jill,10
S05770,Lindsey,10
S05771,Cassandra,1
S05772,Maria,10
S05773,James,9
S05774,Edward,19
S05775,Nathan,18
S05776,Regina,9
S05777,Andre,16
S05778,Jason,12
S05779,Robert,4
S05780,Kristina,6
S05781,Seth,5
S05782,Jorge,2
S05783,Philip,15
S05784,Michelle,17
S05785,Alvin,7
S05786,Robert,8
S05787,Brenda,1
S05788,Melissa,15
S05789,Ryan,2
S05790,Linda,2
S05791,Jeffery,7
S05792,Alyssa,15
S05793,Lucas,15
S05794,Dustin,2
S05795,George,18
S05796,Ronald,8
S05797,David,2
S05798,Dylan,20
S05799,Sheryl,8
S05800,Michele,2
S05801,Christine,7
S05802,Taylor,9
S05803,Marcus,12
S05804,Ryan,13
S05805,Christy,10
S05806,Lee,12
S05807,Kevin,7
S05808,Derek,7
S05809,Stephanie,2
S05810,Gail,12
S05811,Glenn,13
S05812,Justin,6
S05813,Kayla,14
S05814,Margaret,5
S05815,Adam,18
S05816,Jill,12
S05817,Travis,1
S05818,Gary,19
S05819,Jeremy,15
S05820,Melissa,15
S05821,Mark,11
S05822,Matthew,8
S05823,Christina,20
S05824,Mary,4
S05825,Jeffrey,12
S05826,Matthew,16
S05827,Patricia,3
S05828,Kimberly,19
S05829,Rhonda,15
S05830,Dana,8
S05831,Richard,10
S05832,Nicholas,5
S05833,Michael,5
S05834,Megan,20
S05835,Sharon,13
S05836,Susan,12
S05837,Donald,8
S05838,Kenneth,10
S05839,Joel,10
S05840,Alyssa,19
S05841,Tiffany,10
S05842,Andrew,6
S05843,Michael,6
S05844,Christopher,1
S05845,Kelly,9
S05846,Donald,3
S05847,Jonathan,9
S05848,John,20
S05849,Kurt,6
S05850,Stephen,2
S05851,Michael,19
S05852,Theresa,12
S05853,Ashley,5
S05854,Devin,11
S05855,Steven,9
S05856,Lance,2
S05857,Mark,9
S05858,Jill,18
S05859,Derrick,11
S05860,Laura,7
S05861,Jill,19
S05862,Regina,5
S05863,Andrea,14
S05864,Anthony,12
S05865,Ryan,13
S05866,Stephanie,11
S05867,Angela,20
S05868,Lori,1
S05869,Eric,4
S05870,Justin,15
S05871,Jeffrey,19
S05872,Anthony,16
S05873,Marissa,14
S05874,Carol,8
S05875,Craig,13
S05876,Anthony,4
S05877,Sean,4
S05878,Melissa,1
S05879,Alyssa,19
S05880,Teresa,4
S05881,Katie,14
S05882,Mark,9
S05883,Brandy,5
S05884,Robert,11
S05885,Craig,14
S05886,Jennifer,1
S05887,Brenda,10
S05888,April,7
S05889,Patrick,5
S05890,Maxwell,16
S05891,Amanda,15
S05892,Brandon,1
S05893,Gabriella,10
S05894,Shannon,11
S05895,Timothy,18
S05896,Anita,6
S05897,Carmen,7
S05898,Amy,5
S05899,Tonya,11
S05900,Kelsey,16
S05901,Ethan,1
S05902,Andrew,1
S05903,Elizabeth,19
S05904,Alexandra,11
S05905,Chelsea,5
S05906,Kevin,6
S05907,Charles,14
S05908,Brian,1
S05909,William,20
S05910,Angela,17
S05911,Frank,2
S05912,Michael,15
S05913,Kathryn,19
S05914,Lisa,2
S05915,Kyle,3
S05916,Lee,20
S05917,Gary,9
S05918,Michael,20
S05919,Justin,5
S05920,Austin,7
S05921,Angela,19
S05922,Christopher,12
S05923,Michael,4
S05924,Jeffrey,19
S05925,Crystal,14
S05926,Michael,12
S05927,Andrew,12
S05928,Hannah,11
S05929,Linda,2
S05930,Felicia,14
S05931,Haley,2
S05932,Anita,5
S05933,Steven,13
S05934,Sharon,6
S05935,Todd,12
S05936,Jill,4
S05937,Monica,19
S05938,Sydney,12
S05939,Russell,10
S05940,Cody,5
S05941,Marcus,4
S05942,Aaron,4
S05943,Bethany,3
S05944,Peter,4
S05945,Cody,10
S05946,Yolanda,14
S05947,Francis,1
S05948,Sharon,3
S05949,Wyatt,14
S05950,Kayla,1
S05951,Julie,1
S05952,Ashley,14
S05953,Cindy,5
S05954,Todd,11
S05955,Andrea,20
S05956,April,10
S05957,Michael,6
S05958,Joel,5
S05959,Scott,18
S05960,Mitchell,8
S05961,Sydney,16
S05962,Ashley,20
S05963,Amanda,7
S05964,Fred,3
S05965,Clifford,17
S05966,Charles,13
S05967,Nathan,19
S05968,Justin,17
S05969,David,15
S05970,Daniel,17
S05971,Ryan,8
S05972,Melanie,1
S05973,John,5
S05974,Courtney,9
S05975,Ronald,14
S05976,Patrick,15
S05977,Cody,9
S05978,Mitchell,8
S05979,Brandon,4
S05980,Corey,17
S05981,Willie,10
S05982,Alan,12
S05983,Mark,1
S05984,Charles,13
S05985,Samuel,2
S05986,Philip,3
S05987,Jacob,9
S05988,Roy,8
S05989,Colleen,7
S05990,Victoria,20
S05991,Brittney,3
S05992,Charles,6
S05993,Michael,20
S05994,Mark,14
S05995,John,12
S05996,Kelli,6
S05997,Rebecca,17
S05998,Janice,10
S05999,Mary,8
S06000,Michael,13
S06001,Daniel,16
S06002,Tammy,17
S06003,Lisa,20
S06004,Brandon,11
S06005,Donald,5
S06006,Karen,6
S06007,Grant,15
S06008,Kimberly,7
S06009,Jacob,19
S06010,Marissa,7
S06011,Brian,13
S06012,Steven,15
S06013,Sandra,12
S06014,Brittany,4
S06015,Sharon,16
S06016,Jesse,7
S06017,Lindsey,1
S06018,Thomas,2
S06019,Brandon,10
S06020,Allison,1
S06021,Richard,3
S06022,Richard,3
S06023,Dana,11
S06024,Brenda,14
S06025,Jason,4
S06026,Ricky,9
S06027,Danielle,8
S06028,Maria,20
S06029,Barbara,10
S06030,Jennifer,10
S06031,Steven,2
S06032,Clinton,2
S06033,David,4
S06034,William,5
S06035,Brenda,7
S06036,John,7
S06037,Erik,9
S06038,Cynthia,7
S06039,Barbara,19
S06040,George,11
S06041,Courtney,17
S06042,Jacob,15
S06043,Cassandra,10
S06044,Arthur,2
S06045,Kelli,20
S06046,Brittney,17
S06047,Katelyn,5
S06048,Eric,19
S06049,Sharon,12
S06050,Michael,1
S06051,Katherine,5
S06052,Kimberly,18
S06053,Rachel,4
S06054,Stephanie,1
S06055,Kelly,5
S06056,James,1
S06057,Adam,19
S06058,Erica,18
S06059,Derek,9
S06060,George,18
S06061,Gina,12
S06062,Carla,1
S06063,Barbara,17
S06064,Carolyn,14
S06065,Robert,2
S06066,Evan,14
S06067,Kristin,3
S06068,Laura,8
S06069,Christine,8
S06070,Troy,15
S06071,Edward,1
S06072,Alexandra,8
S06073,Eric,15
S06074,Anna,9
S06075,Chloe,16
S06076,Thomas,5
S06077,Stephen,16
S06078,Jamie,4
S06079,Michael,17
S06080,Elizabeth,5
S06081,Karen,13
S06082,Nicholas,14
S06083,Jillian,19
S06084,Richard,3
S06085,Candice,14
S06086,Nancy,3
S06087,Sharon,15
S06088,Christian,3
S06089,Michelle,5
S06090,Jay,7
S06091,Johnny,20
S06092,Todd,8
S06093,Cindy,12
S06094,Joshua,12
S06095,Mitchell,1
S06096,Adam,5
S06097,Thomas,1
S06098,Brandon,13
S06099,Steven,13
S06100,Christopher,3
S06101,Martha,18
S06102,Heidi,19
S06103,Jacqueline,18
S06104,Christy,13
S06105,Blake,5
S06106,Sharon,15
S06107,Brad,1
S06108,Ryan,1
S06109,Lori,18
S06110,Carrie,4
S06111,Anthony,12
S06112,Sarah,12
S06113,Tammy,12
S06114,Thomas,2
S06115,Kimberly,1
S06116,Justin,17
S06117,Danielle,19
S06118,Vickie,12
S06119,Andrea,10
S06120,Amber,1
S06121,Jennifer,5
S06122,Lauren,17
S06123,Michael,10
S06124,Anthony,5
S06125,Megan,3
S06126,Matthew,6
S06127,Jason,8
S06128,Jessica,19
S06129,Paul,20
S06130,William,6
S06131,Thomas,17
S06132,Shannon,11
S06133,Christine,14
S06134,Daniel,14
S06135,Patrick,18
S06136,Nicholas,1
S06137,Erika,6
S06138,Danielle,9
S06139,Douglas,4
S06140,Patrick,18
S06141,Shannon,15
S06142,Todd,11
S06143,Michael,10
S06144,Jacob,7
S06145,Karen,10
S06146,Brooke,2
S06147,Amanda,1
S06148,Thomas,14
S06149,Daniel,5
S06150,Linda,1
S06151,Jeffery,10
S06152,Christopher,10
S06153,Jacob,20
S06154,Laura,13
S06155,Gregg,13
S06156,Robert,20
S06157,Andrea,20
S06158,Deborah,16
S06159,Michael,17
S06160,Susan,13
S06161,Leslie,15
S06162,Lucas,15
S06163,Jeffrey,15
S06164,Tara,6
S06165,Amanda,18
S06166,Jack,14
S06167,Billy,6
S06168,Patricia,19
S06169,Carmen,1
S06170,Linda,13
S06171,Holly,20
S06172,Andrew,20
S06173,Diana,6
S06174,Audrey,10
S06175,Annette,12
S06176,Gregory,7
S06177,Daniel,15
S06178,Jessica,16
S06179,Amanda,1
S06180,Benjamin,3
S06181,Jessica,11
S06182,Amanda,5
S06183,Courtney,19
S06184,Susan,5
S06185,Amy,14
S06186,Scott,1
S06187,Brooke,1
S06188,Melissa,12
S06189,Jason,10
S06190,Rebecca,1
S06191,Austin,14
S06192,Carolyn,20
S06193,Donald,12
S06194,Ryan,2
S06195,Kyle,7
S06196,Kimberly,12
S06197,Melanie,16
S06198,Amanda,15
S06199,Elizabeth,20
S06200,John,1
S06201,Frances,9
S06202,Mary,3
S06203,Alexander,11
S06204,Kimberly,17
S06205,Brandy,1
S06206,Marc,11
S06207,Elizabeth,10
S06208,Vincent,16
S06209,Jeremy,11
S06210,Jennifer,6
S06211,John,5
S06212,Taylor,14
S06213,Brett,14
S06214,Sandy,6
S06215,Chad,9
S06216,Christopher,6
S06217,Victoria,18
S06218,Jenna,16
S06219,Kurt,9
S06220,Michael,2
S06221,Lisa,20
S06222,Brandon,15
S06223,Mark,13
S06224,Marisa,12
S06225,Austin,16
S06226,Caitlin,19
S06227,Emily,11
S06228,Melissa,5
S06229,Zachary,20
S06230,Laura,13
S06231,Stephanie,16
S06232,Erik,6
S06233,Christopher,2
S06234,Thomas,14
S06235,Heather,4
S06236,Julie,16
S06237,Patricia,10
S06238,Rebecca,12
S06239,Karen,3
S06240,Eric,13
S06241,Michael,6
S06242,Hannah,15
S06243,Dorothy,8
S06244,Taylor,5
S06245,Stephanie,18
S06246,Debra,16
S06247,Peter,16
S06248,April,11
S06249,Jennifer,18
S06250,Michael,8
S06251,Jacqueline,9
S06252,Henry,1
S06253,Michael,19
S06254,Frank,16
S06255,Jacob,19
S06256,Jerry,3
S06257,Ryan,10
S06258,Norma,11
S06259,Tammie,19
S06260,Haley,13
S06261,Diane,1
S06262,Savannah,15
S06263,Steve,1
S06264,Meghan,6
S06265,Nancy,9
S06266,Patricia,7
S06267,Cheryl,14
S06268,Tina,2
S06269,Corey,11
S06270,Brooke,19
S06271,Eric,15
S06272,Jose,15
S06273,Richard,18
S06274,Benjamin,15
S06275,Jaclyn,16
S06276,Patricia,3
S06277,Edgar,19
S06278,Thomas,1
S06279,Steven,9
S06280,Ana,6
S06281,Brian,4
S06282,Cynthia,11
S06283,Christine,2
S06284,Bailey,15
S06285,Chase,7
S06286,Joseph,12
S06287,Jeffery,5
S06288,Darlene,20
S06289,Victoria,1
S06290,Anthony,20
S06291,Michael,15
S06292,Kevin,13
S06293,Brett,16
S06294,Alicia,18
S06295,Brenda,15
S06296,Mary,16
S06297,Taylor,15
S06298,Debra,19
S06299,Christine,18
S06300,Peter,11
S06301,Scott,14
S06302,John,2
S06303,Trevor,5
S06304,Jessica,12
S06305,Robert,17
S06306,Jenny,16
S06307,Ryan,4
S06308,Juan,6
S06309,Samuel,14
S06310,Elizabeth,5
S06311,Angela,7
S06312,Jacqueline,7
S06313,Robert,18
S06314,Peter,4
S06315,Juan,9
S06316,Joanna,8
S06317,Tracy,15
S06318,Angel,9
S06319,David,18
S06320,Matthew,3
S06321,Joshua,10
S06322,Fernando,19
S06323,Sylvia,8
S06324,Helen,10
S06325,Jessica,11
S06326,Stephanie,6
S06327,Darrell,19
S06328,Jacob,9
S06329,Michael,4
S06330,Jason,20
S06331,Renee,10
S06332,Kimberly,9
S06333,Sara,2
S06334,Aaron,3
S06335,Amber,5
S06336,Ashley,5
S06337,Calvin,11
S06338,Michael,12
S06339,Dana,10
S06340,Ashley,7
S06341,Patricia,16
S06342,Christina,5
S06343,Lisa,11
S06344,Lisa,10
S06345,Christopher,19
S06346,Benjamin,13
S06347,Kevin,7
S06348,Katrina,3
S06349,Kyle,5
S06350,Kara,17
S06351,Troy,17
S06352,Melissa,6
S06353,Matthew,20
S06354,Michelle,1
S06355,Teresa,13
S06356,Dan,8
S06357,Barbara,11
S06358,Thomas,14
S06359,Joshua,8
S06360,Christina,18
S06361,Marcus,12
S06362,Charles,8
S06363,Ruth,17
S06364,Jesse,11
S06365,Tyler,4
S06366,Kayla,18
S06367,John,18
S06368,Penny,5
S06369,Lisa,2
S06370,Charles,2
S06371,Jennifer,19
S06372,Manuel,3
S06373,Sandra,12
S06374,Donald,17
S06375,Richard,9
S06376,Yvonne,14
S06377,Wendy,10
S06378,Amanda,1
S06379,Mark,5
S06380,Brittany,20
S06381,Gregory,5
S06382,Joseph,9
S06383,Sara,9
S06384,Amanda,5
S06385,Steven,15
S06386,Nicholas,12
S06387,Sheena,14
S06388,Lori,17
S06389,Darren,14
S06390,Denise,17
S06391,James,8
S06392,Nathan,5
S06393,Leslie,17
S06394,Ashley,11
S06395,David,3
S06396,William,7
S06397,Victoria,19
S06398,Brandon,10
S06399,Nicholas,11
S06400,Lawrence,11
S06401,Jessica,19
S06402,Michael,15
S06403,Jacob,18
S06404,Patricia,9
S06405,Stephanie,6
S06406,Andrew,7
S06407,Randy,12
S06408,Andrew,16
S06409,Nicole,2
S06410,Rhonda,12
S06411,Patrick,16
S06412,Jodi,14
S06413,Justin,16
S06414,Eric,13
S06415,Douglas,16
S06416,Anthony,4
S06417,Sarah,8
S06418,Jennifer,20
S06419,Alan,3
S06420,Cheryl,2
S06421,John,1
S06422,Lisa,10
S06423,Zachary,3
S06424,Samuel,14
S06425,Evan,6
S06426,Jeffrey,10
S06427,Brittany,6
S06428,Kaitlyn,12
S06429,Kevin,7
S06430,Nicole,10
S06431,Gina,13
S06432,Dominique,8
S06433,Sally,5
S06434,Diane,11
S06435,Christopher,18
S06436,Robert,8
S06437,Haley,1
S06438,Carl,11
S06439,Ryan,18
S06440,Carol,17
S06441,Corey,11
S06442,Lisa,3
S06443,Christopher,1
S06444,Danielle,5
S06445,Antonio,12
S06446,Thomas,17
S06447,Nicholas,3
S06448,Patricia,19
S06449,Bonnie,3
S06450,Richard,8
S06451,Christina,10
S06452,Eric,11
S06453,Rickey,18
S06454,Eric,12
S06455,Daniel,2
S06456,Jerry,2
S06457,Brian,11
S06458,Douglas,11
S06459,Deanna,7
S06460,Kenneth,9
S06461,Larry,8
S06462,Marie,3
S06463,Sarah,9
S06464,Kathy,11
S06465,Dustin,4
S06466,Patrick,15
S06467,Ashley,5
S06468,Javier,15
S06469,Jacqueline,3
S06470,Catherine,17
S06471,Mark,1
S06472,Kimberly,18
S06473,Leslie,14
S06474,Jennifer,17
S06475,Stephen,14
S06476,Parker,7
S06477,Samuel,18
S06478,Margaret,7
S06479,Kathryn,13
S06480,Xavier,7
S06481,Kimberly,10
S06482,Eric,5
S06483,Christina,13
S06484,Nathan,12
S06485,Matthew,13
S06486,Joseph,12
S06487,Heather,5
S06488,Sharon,18
S06489,William,5
S06490,Teresa,10
S06491,Justin,1
S06492,Cody,8
S06493,Fernando,3
S06494,Eduardo,1
S06495,Sean,20
S06496,Charles,17
S06497,Daniel,14
S06498,Christopher,18
S06499,Leah,6
S06500,Christopher,10
S06501,Jamie,12
S06502,David,13
S06503,Brandy,4
S06504,Brian,9
S06505,Paul,7
S06506,Robert,6
S06507,Shelby,4
S06508,Karen,1
S06509,Nicole,14
S06510,Shawna,18
S06511,Maurice,4
S06512,Thomas,18
S06513,Jennifer,15
S06514,Chelsey,6
S06515,Chelsea,19
S06516,Carla,17
S06517,Dalton,2
S06518,Lindsay,7
S06519,Susan,19
S06520,Andrew,10
S06521,Donna,16
S06522,Darrell,3
S06523,Sandra,18
S06524,Megan,12
S06525,Joshua,20
S06526,Dawn,14
S06527,Austin,17
S06528,Natalie,4
S06529,Cathy,17
S06530,Lindsay,9
S06531,Shawn,19
S06532,Richard,15
S06533,Theresa,9
S06534,Jesse,18
S06535,Kelly,18
S06536,Jonathan,1
S06537,Kathleen,9
S06538,Dana,4
S06539,Michael,19
S06540,Amy,10
S06541,Daniel,4
S06542,Adam,2
S06543,Annette,5
S06544,Matthew,7
S06545,Daniel,15
S06546,Melissa,6
S06547,Kristin,13
S06548,Danielle,15
S06549,Gary,4
S06550,Autumn,11
S06551,Brett,14
S06552,Shelby,8
S06553,Sarah,1
S06554,Matthew,9
S06555,Kevin,2
S06556,James,10
S06557,Henry,12
S06558,Daniel,7
S06559,Ryan,17
S06560,Richard,12
S06561,Timothy,11
S06562,Brittany,9
S06563,Matthew,20
S06564,Rachel,10
S06565,Corey,16
S06566,Carlos,8
S06567,Gabriela,9
S06568,Angela,8
S06569,Ashley,15
S06570,Andrew,3
S06571,Brittany,3
S06572,John,11
S06573,Brian,13
S06574,Christopher,1
S06575,Trevor,14
S06576,Vicki,2
S06577,Julie,2
S06578,Lisa,13
S06579,Kenneth,4
S06580,Kayla,14
S06581,Ryan,6
S06582,Kelli,14
S06583,Mathew,1
S06584,Jason,2
S06585,Tamara,9
S06586,Michael,18
S06587,James,12
S06588,Sandra,1
S06589,Dana,5
S06590,Anne,20
S06591,Trevor,18
S06592,James,12
S06593,Justin,11
S06594,Steven,6
S06595,Ryan,16
S06596,Erica,19
S06597,Donald,15
S06598,Brent,5
S06599,Jose,18
S06600,Lisa,7
S06601,Ann,9
S06602,Timothy,5
S06603,Tara,17
S06604,Jay,14
S06605,Jamie,2
S06606,Taylor,10
S06607,Christopher,15
S06608,Chelsea,9
S06609,Brian,13
S06610,Elizabeth,11
S06611,Michael,2
S06612,Theresa,6
S06613,Jessica,10
S06614,Shelby,9
S06615,Andrew,15
S06616,Jennifer,18
S06617,Ryan,2
S06618,Luis,18
S06619,Bradley,18
S06620,Joseph,18
S06621,Kenneth,1
S06622,John,6
S06623,Jacob,18
S06624,Courtney,6
S06625,Thomas,16
S06626,Brian,18
S06627,Melvin,14
S06628,Bradley,13
S06629,Craig,8
S06630,Robert,3
S06631,Julian,9
S06632,Christopher,14
S06633,Jennifer,16
S06634,Roger,10
S06635,Michael,19
S06636,Jeanette,3
S06637,Robert,14
S06638,Crystal,12
S06639,Melissa,17
S06640,Lisa,4
S06641,Monique,11
S06642,Kara,19
S06643,Kayla,7
S06644,Nicholas,2
S06645,Brett,12
S06646,Lisa,19
S06647,Robyn,8
S06648,Craig,16
S06649,Jennifer,17
S06650,Jennifer,19
S06651,Daniel,10
S06652,Frederick,3
S06653,Jeffrey,7
S06654,Bridget,4
S06655,Gary,17
S06656,Shirley,18
S06657,Wyatt,11
S06658,Isaiah,3
S06659,Nicole,2
S06660,Christine,10
S06661,Daniel,8
S06662,Olivia,12
S06663,Joseph,13
S06664,Lisa,3
S06665,Jeremy,1
S06666,Mary,12
S06667,Gregory,13
S06668,Matthew,2
S06669,Kimberly,17
S06670,Clifford,15
S06671,Betty,4
S06672,Wanda,20
S06673,Vickie,1
S06674,Brian,1
S06675,Heather,13
S06676,Elizabeth,14
S06677,Nancy,13
S06678,Manuel,4
S06679,Teresa,18
S06680,Elijah,9
S06681,Richard,2
S06682,Anita,17
S06683,Hannah,1
S06684,David,5
S06685,Colleen,19
S06686,Joseph,20
S06687,Jeanette,5
S06688,Sarah,12
S06689,James,16
S06690,Marie,20
S06691,Brian,12
S06692,Catherine,5
S06693,Scott,19
S06694,Sheena,8
S06695,Linda,12
S06696,Matthew,12
S06697,Ana,18
S06698,James,4
S06699,Kathryn,4
S06700,Connie,10
S06701,Nathaniel,1
S06702,Amy,13
S06703,Stacy,14
S06704,Janet,11
S06705,Cynthia,6
S06706,David,14
S06707,Tyler,20
S06708,Joseph,3
S06709,Monica,5
S06710,Kathy,17
S06711,Kristen,16
S06712,Raymond,20
S06713,Diane,15
S06714,Victor,5
S06715,Janice,13
S06716,Philip,1
S06717,Laurie,17
S06718,Jonathan,15
S06719,Roberto,15
S06720,Ariana,12
S06721,Jeffrey,6
S06722,Joseph,5
S06723,Stephanie,4
S06724,Jacob,12
S06725,John,18
S06726,Stephen,9
S06727,Kevin,11
S06728,Jon,8
S06729,Jennifer,14
S06730,Dawn,2
S06731,Joan,19
S06732,Sandra,13
S06733,Marcus,14
S06734,Robert,1
S06735,Dawn,18
S06736,Daniel,18
S06737,Angela,10
S06738,Jerry,6
S06739,Patrick,5
S06740,Matthew,4
S06741,James,7
S06742,Jenny,13
S06743,Juan,20
S06744,Catherine,15
S06745,Cassandra,19
S06746,Jennifer,11
S06747,Vincent,5
S06748,Joan,5
S06749,James,3
S06750,Marcia,20
S06751,Kent,3
S06752,Brenda,2
S06753,Peggy,5
S06754,John,11
S06755,Donald,6
S06756,Janice,2
S06757,Matthew,3
S06758,Rachel,19
S06759,Melissa,18
S06760,Danny,2
S06761,Amber,14
S06762,Kevin,11
S06763,Andrew,8
S06764,Chad,6
S06765,William,14
S06766,Kristen,8
S06767,Erika,8
S06768,David,13
S06769,Carlos,18
S06770,Christian,12
S06771,Kara,15
S06772,Amanda,7
S06773,Shelley,8
S06774,Kari,20
S06775,Tony,10
S06776,Taylor,13
S06777,Joshua,20
S06778,Ashley,6
S06779,Lisa,10
S06780,James,18
S06781,Richard,15
S06782,Drew,5
S06783,Bruce,2
S06784,Mallory,16
S06785,Gwendolyn,4
S06786,Clifford,8
S06787,Christopher,18
S06788,Eric,12
S06789,Thomas,13
S06790,Christy,12
S06791,Jerry,14
S06792,Laura,8
S06793,Brian,1
S06794,Randall,3
S06795,Erin,14
S06796,Russell,18
S06797,Deborah,18
S06798,Mackenzie,16
S06799,David,1
S06800,Stephen,4
S06801,Lucas,10
S06802,Lacey,4
S06803,Kevin,8
S06804,Laura,4
S06805,David,5
S06806,Ronald,18
S06807,Jeremy,12
S06808,Ronald,17
S06809,Sara,14
S06810,Emily,20
S06811,Taylor,20
S06812,Jasmine,1
S06813,Bradley,4
S06814,Mary,12
S06815,Robert,1
S06816,Amanda,14
S06817,Ronald,7
S06818,Jeff,6
S06819,Jacob,11
S06820,Kristen,12
S06821,Larry,4
S06822,Holly,13
S06823,John,8
S06824,David,10
S06825,David,7
S06826,Jennifer,1
S06827,Andrea,12
S06828,Brandy,18
S06829,Natalie,13
S06830,Sarah,14
S06831,Mary,15
S06832,Jennifer,2
S06833,Zachary,10
S06834,Brittany,13
S06835,Jacob,14
S06836,Karen,15
S06837,Alec,9
S06838,John,1
S06839,Melissa,3
S06840,Daniel,1
S06841,Pamela,19
S06842,Angela,7
S06843,Laura,11
S06844,David,12
S06845,Kiara,15
S06846,Frederick,1
S06847,Louis,7
S06848,Tony,20
S06849,Melissa,13
S06850,Theodore,4
S06851,John,10
S06852,Andrea,5
S06853,Kimberly,15
S06854,Anthony,6
S06855,Timothy,18
S06856,David,10
S06857,Johnny,3
S06858,Courtney,11
S06859,Dale,18
S06860,Patricia,5
S06861,Allison,2
S06862,Yolanda,15
S06863,Todd,7
S06864,Nicole,19
S06865,Timothy,1
S06866,Allison,12
S06867,Matthew,19
S06868,Dorothy,5
S06869,Heather,11
S06870,Bobby,11
S06871,Jeffrey,9
S06872,James,2
S06873,Lisa,1
S06874,Susan,9
S06875,Lori,18
S06876,Steven,14
S06877,Julie,15
S06878,Joshua,15
S06879,Peter,4
S06880,Haley,5
S06881,Angela,3
S06882,Tina,12
S06883,Angela,17
S06884,Joyce,16
S06885,Rachel,7
S06886,Vanessa,9
S06887,Craig,19
S06888,Kevin,19
S06889,Megan,15
S06890,Michael,19
S06891,Timothy,4
S06892,Jason,11
S06893,Patricia,10
S06894,Lisa,10
S06895,Lisa,14
S06896,Kenneth,18
S06897,Leslie,16
S06898,Nicholas,8
S06899,Brian,15
S06900,Robert,12
S06901,James,13
S06902,Glenn,18
S06903,Jeff,18
S06904,Eric,1
S06905,Jessica,18
S06906,Ashley,3
S06907,Bailey,10
S06908,Sherry,7
S06909,Lauren,14
S06910,Anthony,2
S06911,Emma,7
S06912,Maria,18
S06913,Michelle,7
S06914,Janet,11
S06915,Mathew,12
S06916,Kurt,11
S06917,Alexandria,17
S06918,Dustin,13
S06919,David,7
S06920,Nicole,12
S06921,Nicholas,14
S06922,John,12
S06923,Craig,8
S06924,Maria,12
S06925,James,8
S06926,Ryan,13
S06927,Kristi,18
S06928,Heather,13
S06929,Laura,16
S06930,Curtis,11
S06931,Michael,15
S06932,Patricia,17
S06933,Rita,12
S06934,Kristina,6
S06935,Daniel,16
S06936,Helen,2
S06937,William,9
S06938,Carlos,7
S06939,Dana,6
S06940,Christopher,11
S06941,Jack,19
S06942,Marie,5
S06943,Brandon,16
S06944,James,12
S06945,Beverly,7
S06946,Jason,2
S06947,Denise,2
S06948,Annette,4
S06949,Karen,3
S06950,Ryan,7
S06951,Charles,16
S06952,Tracy,20
S06953,Kenneth,18
S06954,Christine,15
S06955,David,11
S06956,Phillip,2
S06957,Dennis,9
S06958,Elizabeth,11
S06959,Jennifer,6
S06960,Marissa,4
S06961,Steven,1
S06962,Misty,12
S06963,Matthew,16
S06964,Brian,3
S06965,Douglas,1
S06966,Anthony,12
S06967,Felicia,5
S06968,David,20
S06969,Jake,20
S06970,Michael,8
S06971,Gabriel,13
S06972,Ashley,18
S06973,Eric,11
S06974,Christopher,12
S06975,Courtney,6
S06976,Frank,14
S06977,Tiffany,18
S06978,Amy,19
S06979,Janet,17
S06980,Tina,15
S06981,Katie,16
S06982,Amanda,12
S06983,Erica,5
S06984,Antonio,12
S06985,Barbara,6
S06986,Keith,18
S06987,Elizabeth,8
S06988,Sarah,2
S06989,Gary,20
S06990,Jonathan,13
S06991,Kevin,12
S06992,Andrea,15
S06993,Lynn,20
S06994,Ann,7
S06995,Anthony,5
S06996,Joseph,11
S06997,Brianna,8
S06998,Veronica,9
S06999,Kimberly,10
S07000,Kristina,3
S07001,Desiree,17
S07002,Rebecca,2
S07003,Taylor,9
S07004,Deanna,20
S07005,David,3
S07006,Lori,1
S07007,Andrew,10
S07008,Luke,15
S07009,Sandra,11
S07010,Jonathan,10
S07011,Cassandra,19
S07012,Derek,2
S07013,Steven,15
S07014,Jenna,10
S07015,Aaron,5
S07016,John,8
S07017,Anita,9
S07018,Ashley,14
S07019,Thomas,19
S07020,Laurie,16
S07021,Brandy,4
S07022,Carl,17
S07023,Thomas,10
S07024,Sara,6
S07025,Pamela,14
S07026,Anthony,13
S07027,Gabriela,6
S07028,Stephanie,1
S07029,Kimberly,8
S07030,Deborah,10
S07031,Stacy,7
S07032,Heather,17
S07033,Donna,5
S07034,Tracey,18
S07035,Casey,9
S07036,John,8
S07037,Ashley,9
S07038,Sara,20
S07039,Andrew,9
S07040,Ebony,8
S07041,Tyler,17
S07042,Wesley,14
S07043,Michael,1
S07044,Brian,19
S07045,Jerry,15
S07046,Theresa,2
S07047,Tyler,12
S07048,Sandra,12
S07049,Bradley,3
S07050,Kyle,5
S07051,Connie,18
S07052,Jonathan,3
S07053,Mathew,19
S07054,Chad,9
S07055,Jonathan,7
S07056,Leah,14
S07057,Jennifer,10
S07058,Robert,18
S07059,Andrew,15
S07060,Allen,1
S07061,Andrew,15
S07062,Logan,11
S07063,Robert,16
S07064,Stephen,15
S07065,Harold,19
S07066,Latoya,18
S07067,Vanessa,10
S07068,Marilyn,17
S07069,Jonathan,12
S07070,Nicolas,2
S07071,Bridget,15
S07072,Edward,4
S07073,Brandon,19
S07074,Melissa,6
S07075,Shannon,11
S07076,Douglas,11
S07077,Preston,18
S07078,Amber,18
S07079,Matthew,2
S07080,Jon,16
S07081,Frank,1
S07082,Roger,7
S07083,Michelle,1
S07084,Megan,10
S07085,Richard,11
S07086,Nancy,2
S07087,Andrea,17
S07088,Elizabeth,15
S07089,Nicole,14
S07090,Jason,13
S07091,Robert,18
S07092,John,14
S07093,Shawn,16
S07094,Reginald,8
S07095,Kenneth,12
S07096,Kevin,2
S07097,Jordan,12
S07098,Amanda,8
S07099,Molly,12
S07100,Megan,13
S07101,Brittany,9
S07102,Melissa,6
S07103,David,1
S07104,Traci,9
S07105,Steve,4
S07106,Adrienne,13
S07107,Mason,6
S07108,Brianna,8
S07109,Ryan,18
S07110,Kathleen,7
S07111,Mark,9
S07112,Randy,4
S07113,Pamela,6
S07114,Ronald,15
S07115,William,16
S07116,Lisa,6
S07117,Andrew,12
S07118,Matthew,13
S07119,Jeffrey,9
S07120,Jay,2
S07121,Steve,8
S07122,Amy,16
S07123,James,7
S07124,Margaret,5
S07125,Jorge,16
S07126,Christopher,5
S07127,Anne,10
S07128,Kathryn,4
S07129,Kayla,1
S07130,Toni,19
S07131,Anthony,16
S07132,Natasha,2
S07133,Allison,9
S07134,Molly,20
S07135,Daniel,12
S07136,Cynthia,18
S07137,Sean,4
S07138,Linda,17
S07139,Angela,18
S07140,Eric,12
S07141,Jim,17
S07142,Michelle,1
S07143,William,18
S07144,Justin,16
S07145,Candace,10
S07146,Paul,16
S07147,Mark,7
S07148,Alyssa,5
S07149,Sharon,15
S07150,Joshua,5
S07151,Robert,19
S07152,Melanie,19
S07153,Trevor,11
S07154,David,2
S07155,Megan,20
S07156,Steven,8
S07157,Jaime,5
S07158,Andrea,15
S07159,Selena,8
S07160,Steven,2
S07161,Hannah,7
S07162,Brandon,6
S07163,David,12
S07164,Dennis,11
S07165,Gina,3
S07166,Jacqueline,15
S07167,Matthew,7
S07168,Timothy,18
S07169,Kyle,7
S07170,Emily,19
S07171,Anthony,4
S07172,Diamond,12
S07173,Jeremy,10
S07174,Alan,4
S07175,Sean,6
S07176,David,9
S07177,Brad,12
S07178,Frank,10
S07179,Jay,8
S07180,Richard,8
S07181,Yolanda,9
S07182,Jeffrey,16
S07183,Rebecca,19
S07184,Heidi,20
S07185,Mark,15
S07186,April,10
S07187,Cameron,11
S07188,Andrew,11
S07189,John,7
S07190,Kimberly,16
S07191,Cynthia,14
S07192,Matthew,16
S07193,Sarah,13
S07194,Taylor,5
S07195,Robert,13
S07196,Linda,7
S07197,Robert,18
S07198,Randy,15
S07199,Troy,1
S07200,Caleb,8
S07201,Marissa,4
S07202,Mark,4
S07203,Courtney,19
S07204,Keith,6
S07205,Laura,8
S07206,Zoe,7
S07207,Robert,5
S07208,Nicholas,19
S07209,Patrick,1
S07210,John,3
S07211,Elizabeth,18
S07212,Jacob,9
S07213,Julie,2
S07214,Robert,10
S07215,Wendy,1
S07216,Gilbert,1
S07217,Sharon,8
S07218,Tom,19
S07219,Cheryl,16
S07220,Blake,8
S07221,Anthony,17
S07222,Garrett,17
S07223,Timothy,14
S07224,Ellen,2
S07225,Kara,7
S07226,Jonathan,14
S07227,Rachel,13
S07228,Christina,5
S07229,James,7
S07230,Christina,19
S07231,Samantha,20
S07232,Michael,7
S07233,Taylor,16
S07234,Mark,9
S07235,John,20
S07236,Shawn,20
S07237,Scott,9
S07238,Garrett,19
S07239,Kari,8
S07240,Juan,4
S07241,Ryan,17
S07242,Beth,13
S07243,Rebecca,10
S07244,Joshua,9
S07245,Bailey,15
S07246,Kristy,10
S07247,Teresa,11
S07248,Christopher,15
S07249,Joan,15
S07250,Andre,20
S07251,Rachel,14
S07252,Sara,20
S07253,Courtney,14
S07254,William,20
S07255,Amy,18
S07256,Nancy,17
S07257,April,1
S07258,Nicholas,9
S07259,Brittany,8
S07260,Matthew,15
S07261,Bryan,11
S07262,Courtney,20
S07263,Mark,1
S07264,Gregory,16
S07265,Daniel,1
S07266,Kevin,2
S07267,Donald,15
S07268,Jessica,4
S07269,Kevin,3
S07270,Ryan,3
S07271,Grace,3
S07272,Joshua,20
S07273,Kathy,9
S07274,Jeffrey,19
S07275,Louis,14
S07276,Jeffrey,8
S07277,Daniel,7
S07278,Corey,5
S07279,Brian,8
S07280,Patricia,13
S07281,Isabel,2
S07282,Grace,12
S07283,Kevin,2
S07284,Alan,17
S07285,Jay,13
S07286,Joseph,10
S07287,Patrick,8
S07288,Zachary,5
S07289,Charles,8
S07290,Emily,8
S07291,Randy,14
S07292,Melissa,9
S07293,Amy,15
S07294,Paul,8
S07295,Kaylee,13
S07296,Daniel,2
S07297,Sherri,18
S07298,Rachel,8
S07299,David,7
S07300,Kevin,19
S07301,Zachary,16
S07302,Deborah,17
S07303,James,8
S07304,Stephen,12
S07305,Melissa,19
S07306,Brian,5
S07307,Amber,7
S07308,Michelle,5
S07309,Brooke,2
S07310,Catherine,16
S07311,Frederick,17
S07312,David,17
S07313,James,10
S07314,Melissa,1
S07315,Brandon,1
S07316,Jimmy,7
S07317,Edward,19
S07318,Barbara,7
S07319,Tim,5
S07320,Daniel,19
S07321,Candace,7
S07322,Larry,14
S07323,Nathan,3
S07324,William,15
S07325,Deborah,6
S07326,Sherri,10
S07327,Anthony,11
S07328,Philip,12
S07329,Tanya,6
S07330,Nicole,6
S07331,Alexander,7
S07332,David,14
S07333,Susan,4
S07334,Christopher,10
S07335,Michael,17
S07336,James,8
S07337,Heather,16
S07338,Veronica,2
S07339,Paul,17
S07340,Dennis,16
S07341,Sandra,18
S07342,Logan,16
S07343,Nicole,17
S07344,Michael,16
S07345,John,9
S07346,Marissa,6
S07347,Elizabeth,6
S07348,Gregory,13
S07349,Vanessa,3
S07350,Kevin,10
S07351,Ann,7
S07352,Jessica,8
S07353,Shawn,9
S07354,Megan,11
S07355,Maria,3
S07356,Courtney,5
S07357,Richard,9
S07358,Amanda,7
S07359,Cassandra,2
S07360,Melanie,18
S07361,Chad,16
S07362,Samantha,1
S07363,Tyler,14
S07364,Kevin,16
S07365,Bradley,11
S07366,Karen,1
S07367,Jerome,12
S07368,Sean,11
S07369,Tammy,17
S07370,Willie,18
S07371,Linda,12
S07372,Daniel,17
S07373,Rachel,3
S07374,Henry,20
S07375,Amanda,9
S07376,Joseph,13
S07377,Nathan,20
S07378,Linda,18
S07379,Michael,7
S07380,Sharon,14
S07381,Alicia,5
S07382,Sarah,11
S07383,Timothy,7
S07384,Barbara,2
S07385,Jason,12
S07386,Paul,9
S07387,Collin,8
S07388,Jeremiah,12
S07389,Austin,17
S07390,William,15
S07391,Sarah,12
S07392,Christine,12
S07393,Erin,14
S07394,Tammy,13
S07395,Ruth,6
S07396,Kristen,4
S07397,Bethany,11
S07398,Laura,4
S07399,Matthew,3
S07400,Robert,14
S07401,Ryan,9
S07402,Rebecca,13
S07403,Kenneth,13
S07404,Amanda,6
S07405,Aaron,17
S07406,Kimberly,8
S07407,Billy,20
S07408,Haley,10
S07409,Sarah,9
S07410,Sean,2
S07411,Jeffery,2
S07412,Kendra,13
S07413,Nicholas,20
S07414,Carrie,8
S07415,Michael,18
S07416,Kimberly,3
S07417,Kayla,13
S07418,Lisa,18
S07419,Sean,6
S07420,William,11
S07421,Lori,15
S07422,Gary,15
S07423,Mary,3
S07424,Whitney,12
S07425,Paul,5
S07426,Benjamin,9
S07427,Jenna,9
S07428,Lawrence,11
S07429,Tonya,5
S07430,Rebecca,18
S07431,Stanley,3
S07432,Shelly,18
S07433,Hector,13
S07434,Erik,12
S07435,Brian,3
S07436,Benjamin,8
S07437,Robert,13
S07438,James,10
S07439,Jeremy,16
S07440,Ryan,12
S07441,Jennifer,10
S07442,Alexis,1
S07443,Johnny,15
S07444,Lisa,12
S07445,Brett,2
S07446,Angela,2
S07447,Gina,7
S07448,Bradley,10
S07449,Kelly,3
S07450,Jason,11
S07451,Darren,15
S07452,Matthew,3
S07453,Devon,3
S07454,Julie,12
S07455,Jason,14
S07456,Scott,4
S07457,Grant,17
S07458,Andrew,18
S07459,Frank,16
S07460,Amber,19
S07461,Antonio,7
S07462,Savannah,4
S07463,Brandon,14
S07464,Penny,16
S07465,Albert,9
S07466,Michael,17
S07467,Todd,17
S07468,Glenn,2
S07469,Holly,8
S07470,Steven,8
S07471,Kenneth,14
S07472,Kathryn,2
S07473,Jason,7
S07474,Anthony,15
S07475,Nancy,2
S07476,David,11
S07477,Cathy,12
S07478,Cheryl,17
S07479,Bradley,12
S07480,Kristina,14
S07481,Gloria,2
S07482,Devon,16
S07483,Vanessa,19
S07484,Vanessa,6
S07485,Kimberly,19
S07486,Robert,8
S07487,Brandi,17
S07488,Misty,5
S07489,Cynthia,16
S07490,Thomas,16
S07491,Samuel,11
S07492,Misty,20
S07493,Ronald,1
S07494,Dustin,15
S07495,Hayden,17
S07496,David,13
S07497,Samuel,4
S07498,Todd,15
S07499,Kathleen,6
S07500,Craig,19
S07501,Jose,4
S07502,Aaron,16
S07503,Robert,8
S07504,Mary,13
S07505,Joshua,9
S07506,Nicole,12
S07507,Margaret,4
S07508,Trevor,18
S07509,Peter,6
S07510,Scott,8
S07511,Mario,8
S07512,Karen,8
S07513,John,15
S07514,Dakota,12
S07515,Laura,19
S07516,Tina,14
S07517,Claudia,2
S07518,Renee,4
S07519,Michael,14
S07520,Mary,14
S07521,David,5
S07522,Brandon,18
S07523,Dakota,3
S07524,Timothy,1
S07525,Caitlin,13
S07526,Jessica,12
S07527,Steven,14
S07528,Nancy,19
S07529,Riley,5
S07530,Terri,15
S07531,Noah,15
S07532,Brian,10
S07533,Nicole,7
S07534,Melissa,8
S07535,Laura,18
S07536,Edwin,18
S07537,Connie,12
S07538,James,17
S07539,Danielle,2
S07540,Stacie,9
S07541,Susan,12
S07542,David,10
S07543,Keith,6
S07544,Peggy,11
S07545,Daniel,10
S07546,Kathy,6
S07547,Samantha,10
S07548,Amanda,13
S07549,Sandra,11
S07550,Joshua,1
S07551,Lori,18
S07552,Linda,9
S07553,Todd,19
S07554,Christina,8
S07555,Heather,3
S07556,Tracy,11
S07557,Sarah,6
S07558,Michael,10
S07559,Clifford,3
S07560,Susan,2
S07561,Jonathon,18
S07562,Cheryl,15
S07563,Julia,18
S07564,Hailey,20
S07565,Mark,13
S07566,Michael,10
S07567,Rachel,13
S07568,Paul,11
S07569,Amber,5
S07570,Nicholas,5
S07571,Tamara,11
S07572,Brian,19
S07573,Jill,10
S07574,Jeremy,19
S07575,Edward,17
S07576,Bradley,19
S07577,Kayla,17
S07578,William,18
S07579,Rodney,5
S07580,Michael,17
S07581,Kathryn,9
S07582,Matthew,8
S07583,Jessica,3
S07584,Michelle,18
S07585,Mary,20
S07586,David,20
S07587,Jeanette,19
S07588,Jo,15
S07589,Stephanie,7
S07590,Mallory,6
S07591,Jenny,2
S07592,William,12
S07593,Mathew,7
S07594,Stephen,1
S07595,Alexandria,19
S07596,Sylvia,12
S07597,Tyler,1
S07598,David,5
S07599,Edgar,4
S07600,Adam,12
S07601,Michael,16
S07602,Brittany,2
S07603,Gary,15
S07604,Jason,13
S07605,Michael,11
S07606,Brittany,17
S07607,Jamie,5
S07608,William,13
S07609,Allison,6
S07610,Richard,17
S07611,Karen,15
S07612,Brittany,8
S07613,David,18
S07614,William,6
S07615,Thomas,5
S07616,Daniel,6
S07617,Tracy,3
S07618,Holly,19
S07619,William,7
S07620,William,20
S07621,Tina,2
S07622,Caleb,13
S07623,Amy,13
S07624,Amber,14
S07625,Yvette,14
S07626,Alexandra,10
S07627,Courtney,15
S07628,Laura,8
S07629,David,12
S07630,Ryan,20
S07631,Gina,10
S07632,Susan,19
S07633,Paula,12
S07634,John,11
S07635,Jason,15
S07636,Tonya,7
S07637,Crystal,11
S07638,Bryan,20
S07639,Bryan,16
S07640,Christina,1
S07641,Scott,19
S07642,Shannon,6
S07643,Kyle,12
S07644,Alyssa,13
S07645,Greg,18
S07646,Robin,17
S07647,Scott,15
S07648,Michael,19
S07649,David,11
S07650,Melissa,1
S07651,Julie,18
S07652,Melanie,12
S07653,Frances,4
S07654,Michael,3
S07655,Andrea,1
S07656,Antonio,19
S07657,Jessica,6
S07658,Christopher,3
S07659,Shawn,4
S07660,Erin,3
S07661,Lisa,3
S07662,Cynthia,3
S07663,Gina,3
S07664,Andrea,5
S07665,David,1
S07666,Sandra,17
S07667,Lori,16
S07668,Alex,19
S07669,Shannon,7
S07670,Jennifer,16
S07671,Nina,7
S07672,Scott,16
S07673,Peter,12
S07674,Thomas,10
S07675,Chloe,20
S07676,Calvin,20
S07677,Crystal,12
S07678,Sue,17
S07679,Drew,7
S07680,Victoria,16
S07681,Dana,18
S07682,Christian,17
S07683,Kimberly,3
S07684,Latoya,2
S07685,Nicholas,7
S07686,Michael,9
S07687,Patrick,7
S07688,Melanie,15
S07689,Cindy,8
S07690,Peter,19
S07691,Jennifer,18
S07692,John,4
S07693,David,6
S07694,Ryan,17
S07695,William,6
S07696,Thomas,18
S07697,Brian,16
S07698,Cynthia,17
S07699,Maria,1
S07700,Amber,9
S07701,Elizabeth,1
S07702,Paul,17
S07703,Jennifer,6
S07704,Timothy,13
S07705,Whitney,15
S07706,Mary,18
S07707,Jeffrey,18
S07708,Sara,8
S07709,Daniel,13
S07710,Robert,5
S07711,Lauren,8
S07712,John,6
S07713,Aaron,4
S07714,Brianna,11
S07715,Tony,19
S07716,Kristin,2
S07717,Paula,10
S07718,Ann,5
S07719,Bianca,6
S07720,Thomas,5
S07721,Heather,1
S07722,Brandon,3
S07723,Breanna,13
S07724,Julie,7
S07725,Pamela,7
S07726,Jeremy,7
S07727,Christine,8
S07728,Michael,16
S07729,Robert,16
S07730,Margaret,8
S07731,Jonathan,16
S07732,Craig,9
S07733,Joseph,16
S07734,Beth,9
S07735,Monica,9
S07736,Tyler,17
S07737,Anthony,16
S07738,Nicole,9
S07739,John,16
S07740,Brian,12
S07741,Zoe,17
S07742,Jason,12
S07743,Charlene,18
S07744,Eric,6
S07745,Kyle,12
S07746,Eric,4
S07747,Tyler,17
S07748,Michelle,1
S07749,Linda,11
S07750,Rose,7
S07751,Kimberly,6
S07752,Johnathan,7
S07753,Stephen,2
S07754,Ebony,8
S07755,Raymond,1
S07756,Robert,7
S07757,Traci,7
S07758,Allison,12
S07759,Mark,15
S07760,Terrence,5
S07761,Robin,10
S07762,Andrew,17
S07763,Bryan,16
S07764,Tanya,5
S07765,Renee,3
S07766,Brandon,13
S07767,James,14
S07768,Kimberly,15
S07769,Joshua,20
S07770,Christine,10
S07771,Billy,17
S07772,Charles,8
S07773,Craig,7
S07774,Erika,18
S07775,Teresa,20
S07776,Kurt,8
S07777,Heidi,11
S07778,Kelly,13
S07779,Mark,11
S07780,Joshua,4
S07781,Suzanne,19
S07782,Darrell,9
S07783,Jack,16
S07784,Samantha,17
S07785,Andrea,20
S07786,Michelle,1
S07787,Kelsey,9
S07788,Alex,15
S07789,Keith,4
S07790,Abigail,15
S07791,Nicholas,18
S07792,Jessica,6
S07793,Edward,5
S07794,Sabrina,6
S07795,Amanda,13
S07796,Tony,16
S07797,Aaron,5
S07798,Steven,14
S07799,Phillip,14
S07800,Brian,2
S07801,Anthony,10
S07802,Cole,8
S07803,Jennifer,11
S07804,Amy,10
S07805,Jonathan,15
S07806,Emily,16
S07807,John,2
S07808,Christian,1
S07809,Kelly,4
S07810,Joshua,5
S07811,Danny,7
S07812,Daniel,16
S07813,Carrie,17
S07814,Sara,8
S07815,Diana,6
S07816,Joshua,17
S07817,Jeremy,5
S07818,Mark,10
S07819,Hayley,5
S07820,Shannon,3
S07821,Benjamin,13
S07822,Crystal,12
S07823,Scott,6
S07824,Karen,1
S07825,Deborah,2
S07826,Eduardo,8
S07827,Darrell,8
S07828,Erin,13
S07829,Benjamin,3
S07830,Katherine,5
S07831,Clifford,20
S07832,Douglas,14
S07833,Alexander,14
S07834,Brian,9
S07835,Robert,18
S07836,Noah,7
S07837,Mary,6
S07838,Nancy,9
S07839,Scott,18
S07840,Chad,7
S07841,Mary,4
S07842,Nathan,15
S07843,Sandra,6
S07844,Joel,5
S07845,Tyler,1
S07846,Gina,3
S07847,Natalie,18
S07848,Linda,10
S07849,Sylvia,11
S07850,Ryan,13
S07851,Robin,19
S07852,Kerri,1
S07853,Amber,4
S07854,Hunter,18
S07855,Tiffany,5
S07856,Sarah,2
S07857,Anthony,4
S07858,Michael,8
S07859,Alice,17
S07860,Elizabeth,3
S07861,Cindy,5
S07862,Michael,19
S07863,George,9
S07864,Keith,17
S07865,Randy,12
S07866,Alex,18
S07867,Roger,17
S07868,Courtney,9
S07869,Patrick,11
S07870,Jared,15
S07871,Cheryl,14
S07872,Lori,16
S07873,Rebecca,16
S07874,Cindy,11
S07875,Kristin,4
S07876,Arthur,5
S07877,Matthew,11
S07878,Morgan,12
S07879,Sarah,6
S07880,Andrew,9
S07881,Jennifer,19
S07882,Patricia,1
S07883,Edward,7
S07884,Eric,12
S07885,Brandi,16
S07886,Adam,7
S07887,Tina,19
S07888,Tyler,9
S07889,Lauren,3
S07890,Mary,9
S07891,Natasha,13
S07892,Barry,13
S07893,Derek,19
S07894,Heidi,6
S07895,Theresa,20
S07896,Phillip,14
S07897,Melissa,8
S07898,Matthew,14
S07899,Alicia,1
S07900,Jennifer,3
S07901,Alicia,10
S07902,Kevin,15
S07903,Brandon,15
S07904,Jeff,6
S07905,Calvin,12
S07906,Colleen,19
S07907,Ryan,3
S07908,Ashlee,9
S07909,John,17
S07910,Tina,9
S07911,Brett,13
S07912,Brian,19
S07913,Travis,14
S07914,Evan,19
S07915,Gregory,15
S07916,Vincent,11
S07917,Melissa,12
S07918,Adrian,13
S07919,Jeffrey,10
S07920,Ruben,15
S07921,Donald,20
S07922,James,16
S07923,Lisa,13
S07924,Taylor,15
S07925,Donald,11
S07926,Tammy,14
S07927,Kenneth,10
S07928,Jared,12
S07929,Daniel,1
S07930,Ernest,15
S07931,Susan,18
S07932,Veronica,8
S07933,Brian,7
S07934,Kathy,8
S07935,Andre,7
S07936,Lacey,19
S07937,Eric,7
S07938,Nicholas,14
S07939,Troy,20
S07940,Matthew,11
S07941,Curtis,20
S07942,Travis,19
S07943,Melissa,17
S07944,Matthew,14
S07945,Samantha,12
S07946,Clinton,10
S07947,Darrell,4
S07948,Kara,16
S07949,Robert,1
S07950,James,16
S07951,Casey,18
S07952,Wanda,6
S07953,James,17
S07954,Darlene,1
S07955,Luis,4
S07956,Katherine,15
S07957,Victoria,5
S07958,Eric,17
S07959,Dylan,11
S07960,Kimberly,13
S07961,Ashley,17
S07962,Ricky,10
S07963,Ricky,11
S07964,Daniel,8
S07965,John,6
S07966,Danielle,19
S07967,Lisa,6
S07968,Eric,1
S07969,Elizabeth,9
S07970,Emma,3
S07971,Daniel,18
S07972,Morgan,18
S07973,Brandi,2
S07974,Justin,1
S07975,David,14
S07976,Susan,20
S07977,Aaron,12
S07978,Jacqueline,12
S07979,Jesse,15
S07980,Michael,11
S07981,Samantha,4
S07982,Melissa,3
S07983,Briana,15
S07984,Tracy,9
S07985,Kimberly,18
S07986,Joyce,12
S07987,Clayton,7
S07988,Lonnie,15
S07989,Matthew,14
S07990,Erin,5
S07991,Hunter,3
S07992,Natasha,17
S07993,Jennifer,11
S07994,Karen,10
S07995,Jeffrey,15
S07996,Adam,15
S07997,James,19
S07998,Nichole,13
S07999,Brittany,12
S08000,Rose,5
S08001,Teresa,10
S08002,Mario,12
S08003,Andre,2
S08004,Trevor,12
S08005,David,9
S08006,Marissa,14
S08007,Jessica,17
S08008,Robert,17
S08009,Jason,11
S08010,Mario,9
S08011,Rodney,8
S08012,Ann,11
S08013,April,20
S08014,William,8
S08015,Denise,20
S08016,Kevin,9
S08017,James,5
S08018,Francis,9
S08019,Ashley,5
S08020,Jeremy,18
S08021,Natalie,16
S08022,Joshua,16
S08023,Barbara,10
S08024,Andrew,2
S08025,Rachael,4
S08026,Anthony,4
S08027,Jeffrey,19
S08028,Rebecca,13
S08029,Candice,14
S08030,Cynthia,9
S08031,Trevor,18
S08032,Paula,12
S08033,Christopher,16
S08034,Shannon,14
S08035,Travis,8
S08036,Monica,19
S08037,Anna,2
S08038,John,11
S08039,Jennifer,2
S08040,Cynthia,19
S08041,Henry,4
S08042,Shannon,6
S08043,Megan,10
S08044,Leah,20
S08045,Victoria,8
S08046,Laura,19
S08047,Paul,5
S08048,Karla,20
S08049,Brooke,15
S08050,Ashley,3
S08051,Ariel,9
S08052,Edward,20
S08053,Leah,12
S08054,Loretta,15
S08055,Angela,14
S08056,Jasmine,6
S08057,Carla,17
S08058,Antonio,9
S08059,Amy,16
S08060,Joan,8
S08061,Samantha,11
S08062,Kayla,11
S08063,Benjamin,8
S08064,Edward,10
S08065,Eileen,12
S08066,Joel,7
S08067,Christopher,11
S08068,Michelle,12
S08069,Craig,5
S08070,Melissa,19
S08071,Elizabeth,15
S08072,Joseph,19
S08073,Joanne,6
S08074,Joy,5
S08075,James,12
S08076,Heather,13
S08077,Lisa,5
S08078,Samuel,1
S08079,Michelle,18
S08080,Andrew,7
S08081,Andrew,2
S08082,Gavin,12
S08083,Richard,11
S08084,Adam,15
S08085,Miguel,6
S08086,Matthew,1
S08087,Nicholas,17
S08088,Jeremy,2
S08089,Sharon,8
S08090,Bradley,17
S08091,David,9
S08092,Robert,20
S08093,Jessica,3
S08094,Ralph,20
S08095,Taylor,10
S08096,Jonathan,9
S08097,Leslie,16
S08098,Wanda,3
S08099,Tyler,18
S08100,Andrea,20
S08101,Sherry,2
S08102,Tyler,13
S08103,Deanna,8
S08104,Susan,13
S08105,Mary,11
S08106,James,16
S08107,Alice,13
S08108,Michael,13
S08109,Meredith,6
S08110,Brianna,7
S08111,Guy,9
S08112,Rebecca,2
S08113,Lucas,13
S08114,Victoria,10
S08115,Linda,9
S08116,Mary,13
S08117,Latoya,10
S08118,Mark,8
S08119,Nicholas,16
S08120,Robin,18
S08121,Kimberly,3
S08122,Reginald,4
S08123,Alexis,6
S08124,Kristen,16
S08125,David,4
S08126,Brenda,13
S08127,Kevin,11
S08128,Erin,16
S08129,Debra,5
S08130,Nicholas,8
S08131,Holly,13
S08132,Jennifer,1
S08133,Brittany,2
S08134,Sally,11
S08135,Matthew,18
S08136,Steven,6
S08137,Tara,14
S08138,Mitchell,2
S08139,Barry,6
S08140,Matthew,3
S08141,Holly,6
S08142,Christopher,8
S08143,Nicole,16
S08144,Steven,7
S08145,Nicole,13
S08146,Rebecca,16
S08147,Rebecca,1
S08148,Judith,4
S08149,Lauren,13
S08150,Jason,4
S08151,Alyssa,20
S08152,Shannon,18
S08153,Janet,1
S08154,Jennifer,9
S08155,Tina,14
S08156,Deanna,7
S08157,Jeremy,13
S08158,Kathleen,8
S08159,Kellie,11
S08160,James,3
S08161,Ronald,19
S08162,Vincent,14
S08163,Rachel,18
S08164,Ashley,11
S08165,Tracy,3
S08166,Andrea,9
S08167,David,3
S08168,Linda,15
S08169,Veronica,10
S08170,Greg,8
S08171,Lisa,19
S08172,Tiffany,4
S08173,Sarah,8
S08174,Jessica,15
S08175,Timothy,19
S08176,David,11
S08177,Elizabeth,7
S08178,Thomas,13
S08179,Lisa,10
S08180,Edward,17
S08181,Nicholas,10
S08182,Daniel,19
S08183,Blake,14
S08184,Ashley,19
S08185,Shane,20
S08186,Harold,13
S08187,Mary,4
S08188,Evelyn,9
S08189,Karen,14
S08190,Joshua,14
S08191,Kevin,14
S08192,Carol,17
S08193,Jill,1
S08194,Elizabeth,15
S08195,Anna,10
S08196,Christopher,19
S08197,John,1
S08198,Walter,13
S08199,Chad,16
S08200,Cheryl,10
S08201,Jeremy,11
S08202,Teresa,4
S08203,Frederick,19
S08204,Dalton,11
S08205,Christine,9
S08206,Joy,13
S08207,Stacey,16
S08208,Julie,10
S08209,Kelly,9
S08210,Jessica,3
S08211,Jamie,7
S08212,Amanda,7
S08213,Kelly,2
S08214,Erica,14
S08215,Angela,8
S08216,Jacob,14
S08217,Sean,18
S08218,Kevin,4
S08219,Amanda,19
S08220,Howard,19
S08221,Patricia,8
S08222,Jeffrey,14
S08223,Timothy,8
S08224,Jose,12
S08225,Chelsea,7
S08226,Timothy,11
S08227,Matthew,14
S08228,Michael,16
S08229,Catherine,13
S08230,Amy,17
S08231,Nichole,19
S08232,Elizabeth,7
S08233,Andrew,15
S08234,Richard,10
S08235,Veronica,7
S08236,Angela,4
S08237,Charlotte,4
S08238,Donald,19
S08239,Jason,12
S08240,John,5
S08241,Amy,9
S08242,Colleen,20
S08243,Laura,18
S08244,Michael,5
S08245,Cindy,1
S08246,Stacy,4
S08247,Ashley,14
S08248,Jose,14
S08249,Shelly,7
S08250,Debra,17
S08251,Brenda,6
S08252,Monica,8
S08253,James,1
S08254,Joanna,5
S08255,Holly,15
S08256,Philip,10
S08257,Eric,18
S08258,Sierra,2
S08259,Julia,8
S08260,Ryan,11
S08261,Mike,1
S08262,Elizabeth,5
S08263,Sharon,16
S08264,Kim,14
S08265,Stacy,14
S08266,Adrian,7
S08267,Daniel,8
S08268,Michael,20
S08269,Tina,11
S08270,Amy,8
S08271,Kyle,19
S08272,Phillip,9
S08273,Monica,10
S08274,Alicia,7
S08275,Paul,13
S08276,James,16
S08277,Emily,3
S08278,Brittany,7
S08279,Patrick,6
S08280,Cheryl,3
S08281,Jose,2
S08282,Sabrina,10
S08283,Brandon,6
S08284,Mark,8
S08285,Benjamin,12
S08286,Nicole,16
S08287,Robert,11
S08288,Lisa,8
S08289,Timothy,17
S08290,Bill,4
S08291,Melissa,18
S08292,Brittany,7
S08293,Angel,4
S08294,Nicholas,12
S08295,Jonathan,19
S08296,James,7
S08297,Matthew,19
S08298,Nathaniel,1
S08299,Samuel,5
S08300,Bethany,16
S08301,Ryan,19
S08302,Brianna,19
S08303,Christian,20
S08304,Danielle,3
S08305,Brian,12
S08306,Steven,8
S08307,Deanna,15
S08308,John,16
S08309,Joseph,8
S08310,Dawn,5
S08311,Ryan,14
S08312,Dawn,11
S08313,Monica,8
S08314,Hannah,15
S08315,Alexandra,12
S08316,Luke,12
S08317,Jessica,7
S08318,Corey,13
S08319,Adriana,3
S08320,Priscilla,17
S08321,Wendy,20
S08322,Joshua,18
S08323,Kevin,4
S08324,Curtis,10
S08325,Diana,12
S08326,Tammy,19
S08327,James,9
S08328,Tara,6
S08329,David,17
S08330,Anthony,10
S08331,Rebekah,1
S08332,Sherry,20
S08333,Ronald,3
S08334,Nicole,12
S08335,Ronald,13
S08336,Erica,17
S08337,Colleen,11
S08338,Allen,7
S08339,Larry,12
S08340,Amber,5
S08341,Tracy,5
S08342,Edgar,4
S08343,Zachary,3
S08344,Sean,1
S08345,Vincent,7
S08346,Melody,15
S08347,Sharon,6
S08348,Michael,2
S08349,Morgan,15
S08350,Rebecca,17
S08351,Corey,17
S08352,Vincent,7
S08353,Andre,6
S08354,Vernon,5
S08355,Michael,7
S08356,Melissa,11
S08357,Lynn,3
S08358,Taylor,14
S08359,Kenneth,9
S08360,Cheryl,20
S08361,Alicia,13
S08362,Lindsay,2
S08363,Jessica,19
S08364,David,9
S08365,Amy,18
S08366,Joseph,14
S08367,Wendy,9
S08368,Jermaine,19
S08369,Russell,6
S08370,Thomas,14
S08371,Jennifer,13
S08372,Tiffany,2
S08373,Heather,1
S08374,Sarah,11
S08375,Michael,10
S08376,Gina,5
S08377,Kristen,2
S08378,Melissa,8
S08379,Richard,11
S08380,Patrick,7
S08381,Joseph,7
S08382,Loretta,12
S08383,Darryl,4
S08384,Karen,12
S08385,Steven,15
S08386,Brittany,4
S08387,Paul,10
S08388,Emily,12
S08389,Willie,20
S08390,Jean,19
S08391,Karen,10
S08392,Mallory,10
S08393,David,12
S08394,Nathaniel,9
S08395,Kristopher,20
S08396,Karen,4
S08397,Timothy,7
S08398,Daniel,20
S08399,Ebony,3
S08400,Christina,7
S08401,John,17
S08402,Jeffery,5
S08403,Stephen,17
S08404,Marvin,12
S08405,Katelyn,20
S08406,Brian,14
S08407,Emily,5
S08408,Carrie,19
S08409,Vincent,15
S08410,Joanna,17
S08411,John,19
S08412,Edward,4
S08413,David,5
S08414,Scott,5
S08415,Timothy,11
S08416,Stephanie,19
S08417,Ian,15
S08418,Alexander,15
S08419,Jennifer,15
S08420,Matthew,16
S08421,Carrie,13
S08422,Ashley,18
S08423,Shari,3
S08424,David,20
S08425,Joseph,6
S08426,Peter,10
S08427,Melissa,5
S08428,Elizabeth,13
S08429,Joseph,2
S08430,Elizabeth,7
S08431,Kelly,18
S08432,Rachel,16
S08433,Jackie,17
S08434,Jack,20
S08435,Jodi,1
S08436,Thomas,18
S08437,Jesse,17
S08438,Veronica,10
S08439,Laurie,1
S08440,Jeffrey,13
S08441,Lawrence,11
S08442,Ariel,2
S08443,Sheila,20
S08444,Norma,5
S08445,Shane,7
S08446,Katie,12
S08447,Taylor,15
S08448,Danielle,20
S08449,Michael,11
S08450,Kim,6
S08451,Anthony,5
S08452,Lynn,18
S08453,Christina,10
S08454,Laurie,19
S08455,Lori,8
S08456,Shaun,1
S08457,Jacqueline,15
S08458,Ryan,2
S08459,John,2
S08460,Miguel,17
S08461,Christine,16
S08462,Heidi,12
S08463,Russell,6
S08464,Joshua,11
S08465,Cynthia,8
S08466,Thomas,1
S08467,Anthony,1
S08468,Kyle,10
S08469,Amy,6
S08470,Christopher,9
S08471,Dylan,15
S08472,James,2
S08473,Bobby,4
S08474,Leslie,11
S08475,Christine,1
S08476,Michelle,16
S08477,Michael,17
S08478,Christopher,9
S08479,Wendy,6
S08480,Jeff,11
S08481,Jason,12
S08482,Jonathan,19
S08483,Samantha,13
S08484,Heather,20
S08485,Misty,6
S08486,Samantha,7
S08487,Emily,18
S08488,Sherri,9
S08489,John,3
S08490,Eduardo,8
S08491,Lisa,18
S08492,Mary,19
S08493,Casey,4
S08494,Courtney,14
S08495,Steven,8
S08496,Richard,8
S08497,Sarah,15
S08498,Susan,14
S08499,Karen,1
S08500,Carrie,5
S08501,David,4
S08502,Elizabeth,19
S08503,Timothy,13
S08504,Nicholas,10
S08505,Matthew,3
S08506,Emily,16
S08507,Yolanda,12
S08508,Eric,9
S08509,Valerie,1
S08510,Connie,13
S08511,Allison,19
S08512,Tammy,7
S08513,Margaret,14
S08514,Elizabeth,14
S08515,Rachel,5
S08516,Heidi,5
S08517,Makayla,14
S08518,Melanie,7
S08519,Anne,1
S08520,Brianna,18
S08521,Melinda,5
S08522,Claire,16
S08523,Lisa,1
S08524,Angela,13
S08525,Ariana,6
S08526,Ian,2
S08527,Anthony,11
S08528,Carolyn,12
S08529,Chad,6
S08530,Anthony,10
S08531,Kelly,14
S08532,Kristi,18
S08533,Charles,20
S08534,Christine,10
S08535,Amber,12
S08536,Thomas,12
S08537,Cody,17
S08538,Ashley,9
S08539,Joseph,9
S08540,Shannon,13
S08541,Jacob,20
S08542,Jessica,14
S08543,Kimberly,19
S08544,Shane,13
S08545,Caitlin,20
S08546,Jeremy,12
S08547,John,1
S08548,Rebecca,15
S08549,Matthew,9
S08550,Jeffrey,20
S08551,Michael,18
S08552,Abigail,20
S08553,Desiree,5
S08554,Robert,11
S08555,Tim,9
S08556,Andrew,13
S08557,Brandon,14
S08558,Stacy,10
S08559,Alicia,9
S08560,Erica,8
S08561,Randy,7
S08562,Sandra,12
S08563,Sharon,1
S08564,Danielle,7
S08565,Matthew,6
S08566,Linda,4
S08567,John,16
S08568,Michael,11
S08569,Angela,10
S08570,Vanessa,3
S08571,Brandon,16
S08572,Kaylee,20
S08573,Anthony,2
S08574,Hunter,2
S08575,Laura,13
S08576,Michael,4
S08577,Austin,20
S08578,Evelyn,2
S08579,Katrina,3
S08580,Lydia,5
S08581,Darren,12
S08582,Brian,17
S08583,Melissa,4
S08584,Jessica,17
S08585,Timothy,3
S08586,Scott,4
S08587,Maxwell,15
S08588,Anthony,9
S08589,Kenneth,18
S08590,Dawn,19
S08591,Justin,19
S08592,John,11
S08593,Michael,6
S08594,Ryan,13
S08595,Ralph,4
S08596,Joshua,11
S08597,Joshua,8
S08598,Tamara,1
S08599,Joel,17
S08600,James,19
S08601,Kenneth,16
S08602,Natalie,13
S08603,Stacy,16
S08604,Tiffany,10
S08605,Jake,13
S08606,Anna,3
S08607,Nathan,19
S08608,Kenneth,15
S08609,April,10
S08610,Joshua,7
S08611,David,10
S08612,Rachel,5
S08613,Devon,9
S08614,James,9
S08615,Joel,11
S08616,William,19
S08617,Christie,3
S08618,David,8
S08619,Michael,9
S08620,Jennifer,8
S08621,Richard,2
S08622,Rachel,16
S08623,Steven,11
S08624,Anne,17
S08625,Shawn,2
S08626,Daisy,2
S08627,Sharon,15
S08628,Emily,16
S08629,Kyle,15
S08630,Derek,3
S08631,Kendra,18
S08632,Lindsey,17
S08633,Brittany,1
S08634,Marc,19
S08635,Christina,18
S08636,Cody,2
S08637,Thomas,18
S08638,Christina,9
S08639,Taylor,7
S08640,Matthew,18
S08641,Frank,16
S08642,Paul,18
S08643,Michael,6
S08644,Brenda,11
S08645,Michael,8
S08646,Rebecca,12
S08647,Madison,15
S08648,William,9
S08649,Bryce,10
S08650,Logan,11
S08651,Nicholas,3
S08652,Joseph,5
S08653,Claudia,8
S08654,David,6
S08655,Jesse,10
S08656,Veronica,20
S08657,Emily,7
S08658,Rachel,19
S08659,April,13
S08660,Jessica,13
S08661,Walter,5
S08662,Victoria,5
S08663,Angela,11
S08664,Brandi,2
S08665,James,7
S08666,Jesse,3
S08667,Kelly,3
S08668,Stephanie,6
S08669,Ryan,17
S08670,Mark,5
S08671,Mark,15
S08672,Deborah,8
S08673,Jessica,15
S08674,Jason,13
S08675,Steven,8
S08676,Kathy,20
S08677,Kathy,15
S08678,Joshua,14
S08679,John,13
S08680,Jeremy,2
S08681,Jacqueline,4
S08682,Melissa,10
S08683,Kimberly,19
S08684,Rebecca,1
S08685,Luis,4
S08686,Gina,12
S08687,Richard,14
S08688,Manuel,7
S08689,Crystal,15
S08690,Renee,16
S08691,Ryan,17
S08692,Lisa,19
S08693,Jane,14
S08694,Ronald,20
S08695,Eric,9
S08696,Thomas,14
S08697,Sandra,2
S08698,Zachary,11
S08699,Alexander,16
S08700,Michelle,20
S08701,Nicole,17
S08702,Michael,13
S08703,Mark,15
S08704,Joseph,12
S08705,Gregory,20
S08706,Jonathan,12
S08707,John,17
S08708,Caitlin,15
S08709,Anthony,8
S08710,Jaime,12
S08711,Rhonda,15
S08712,Nancy,19
S08713,Joanne,19
S08714,Joshua,17
S08715,Adam,13
S08716,Brittany,19
S08717,Lisa,12
S08718,Jamie,7
S08719,Christopher,3
S08720,Emily,2
S08721,Theresa,1
S08722,Nathan,11
S08723,Andrew,5
S08724,Stephen,11
S08725,Nathan,18
S08726,Alexis,5
S08727,Ashley,15
S08728,Monica,11
S08729,Benjamin,6
S08730,Matthew,11
S08731,Austin,13
S08732,Lisa,19
S08733,Jo,2
S08734,David,8
S08735,Kevin,18
S08736,Cindy,1
S08737,Kimberly,14
S08738,Jeremy,14
S08739,Joseph,2
S08740,Richard,15
S08741,Kenneth,18
S08742,Andrea,10
S08743,James,13
S08744,Taylor,6
S08745,Valerie,13
S08746,Taylor,19
S08747,Laura,4
S08748,Heather,20
S08749,Douglas,9
S08750,Jason,5
S08751,Shawn,14
S08752,Corey,2
S08753,Scott,13
S08754,Tiffany,6
S08755,Phillip,13
S08756,Stephen,18
S08757,Jennifer,19
S08758,John,19
S08759,Autumn,8
S08760,Lisa,19
S08761,Cameron,15
S08762,Gabrielle,9
S08763,David,10
S08764,Kim,18
S08765,Amy,20
S08766,Tonya,1
S08767,Benjamin,1
S08768,Stephanie,20
S08769,Russell,9
S08770,Bruce,15
S08771,Travis,10
S08772,Christopher,1
S08773,Scott,14
S08774,Larry,3
S08775,Gabrielle,20
S08776,Amanda,4
S08777,Sonya,9
S08778,Sandra,11
S08779,Tiffany,9
S08780,Alexandra,2
S08781,Leslie,11
S08782,Gina,20
S08783,James,4
S08784,Pamela,8
S08785,Angela,19
S08786,Robin,4
S08787,Jeffrey,16
S08788,Nathaniel,11
S08789,Matthew,7
S08790,Michael,12
S08791,Christopher,8
S08792,John,19
S08793,Matthew,2
S08794,Terry,9
S08795,Mary,8
S08796,Veronica,3
S08797,Jamie,19
S08798,Cynthia,10
S08799,Shelly,3
S08800,Oscar,11
S08801,William,3
S08802,Paul,12
S08803,Thomas,4
S08804,Timothy,14
S08805,Karen,10
S08806,Donna,17
S08807,Travis,1
S08808,Ashley,16
S08809,Claudia,6
S08810,Megan,14
S08811,Richard,14
S08812,Jeffrey,13
S08813,Ashley,11
S08814,Tiffany,2
S08815,Ashley,1
S08816,Anna,11
S08817,Nicholas,16
S08818,Daniel,15
S08819,Derek,6
S08820,Joel,14
S08821,Janet,19
S08822,Tamara,18
S08823,Karl,19
S08824,Heather,1
S08825,Michael,7
S08826,Stephanie,6
S08827,Jeffrey,2
S08828,Caitlin,9
S08829,Steven,12
S08830,Hunter,16
S08831,Adrian,4
S08832,Sarah,19
S08833,Kevin,19
S08834,Matthew,18
S08835,Michael,2
S08836,Mathew,17
S08837,Amy,3
S08838,Lauren,18
S08839,Harold,7
S08840,Michael,9
S08841,Alan,11
S08842,Kathleen,15
S08843,Pamela,15
S08844,Ricardo,16
S08845,Connie,10
S08846,Scott,20
S08847,Brian,20
S08848,Geoffrey,5
S08849,Kristin,14
S08850,Kimberly,12
S08851,Heather,16
S08852,Amy,8
S08853,Lisa,17
S08854,Melanie,5
S08855,Victor,8
S08856,Laura,7
S08857,Amy,1
S08858,Cory,5
S08859,Kristen,7
S08860,Lisa,19
S08861,Johnathan,1
S08862,Casey,20
S08863,Chad,13
S08864,Denise,12
S08865,Diana,17
S08866,Jerry,2
S08867,Chris,19
S08868,Timothy,1
S08869,Ashley,9
S08870,Nathan,12
S08871,Tina,12
S08872,Heather,6
S08873,Erica,7
S08874,Phillip,3
S08875,Jacob,5
S08876,Michelle,11
S08877,Sabrina,13
S08878,Robert,3
S08879,Jorge,15
S08880,David,9
S08881,Stacy,14
S08882,Nathan,2
S08883,Julie,7
S08884,Bethany,4
S08885,Jennifer,5
S08886,Patrick,19
S08887,Alexandria,1
S08888,Kristen,2
S08889,Nicole,20
S08890,Kelli,5
S08891,Natalie,4
S08892,Jessica,2
S08893,Benjamin,1
S08894,Jennifer,16
S08895,Alan,7
S08896,Tricia,11
S08897,Brittany,2
S08898,Kelly,18
S08899,Margaret,9
S08900,Anthony,2
S08901,Rhonda,17
S08902,Matthew,10
S08903,Heather,1
S08904,John,6
S08905,Christine,11
S08906,Michael,4
S08907,Margaret,3
S08908,Bridget,11
S08909,Brittany,1
S08910,Russell,3
S08911,Mckenzie,15
S08912,Thomas,12
S08913,Brian,9
S08914,Tiffany,9
S08915,Lisa,13
S08916,Patricia,3
S08917,Diana,2
S08918,Raymond,2
S08919,Crystal,11
S08920,Robert,3
S08921,Joseph,5
S08922,Stephen,2
S08923,Christie,11
S08924,Caleb,16
S08925,Amy,2
S08926,Jonathan,10
S08927,Anthony,6
S08928,Cheryl,15
S08929,Duane,10
S08930,Ricardo,20
S08931,Charles,14
S08932,Sherry,16
S08933,Heather,14
S08934,Tami,9
S08935,Brian,17
S08936,Yolanda,13
S08937,Curtis,10
S08938,Christina,18
S08939,Virginia,7
S08940,Zachary,12
S08941,Richard,12
S08942,Brandon,4
S08943,Mario,4
S08944,Stephen,15
S08945,Tiffany,13
S08946,Ian,2
S08947,Allen,16
S08948,Shawn,9
S08949,Lisa,3
S08950,Ronald,17
S08951,Jackie,3
S08952,Emily,13
S08953,Kirsten,5
S08954,Aaron,4
S08955,Joe,11
S08956,David,14
S08957,Edward,11
S08958,Don,17
S08959,Andrea,17
S08960,Amy,5
S08961,Courtney,5
S08962,Adam,6
S08963,Todd,1
S08964,Mary,9
S08965,Scott,18
S08966,Leslie,9
S08967,Jeremy,9
S08968,Joseph,14
S08969,Nicole,4
S08970,Barry,11
S08971,Lauren,14
S08972,Brianna,11
S08973,Eric,18
S08974,Jason,7
S08975,Gregory,9
S08976,Donna,1
S08977,Duane,20
S08978,Wesley,13
S08979,Anthony,6
S08980,William,7
S08981,Colleen,2
S08982,James,6
S08983,Gina,19
S08984,Jeffrey,1
S08985,Jessica,6
S08986,Robert,10
S08987,Grace,3
S08988,Barbara,5
S08989,Shane,11
S08990,Patrick,20
S08991,Corey,2
S08992,Stephanie,16
S08993,John,8
S08994,Tami,1
S08995,Zachary,7
S08996,Scott,13
S08997,Chelsea,12
S08998,Troy,1
S08999,Kimberly,17
S09000,Dawn,16
S09001,William,2
S09002,Dana,6
S09003,Charles,20
S09004,Chad,12
S09005,Dana,11
S09006,Maria,17
S09007,Thomas,1
S09008,Tracy,6
S09009,Mary,13
S09010,Sandra,10
S09011,Cassandra,16
S09012,Johnny,7
S09013,Joseph,12
S09014,Matthew,5
S09015,Vanessa,1
S09016,Paula,11
S09017,James,11
S09018,Julie,12
S09019,Brian,1
S09020,Kari,6
S09021,Jason,2
S09022,Tonya,18
S09023,Laurie,8
S09024,Leah,19
S09025,Lisa,17
S09026,Christina,14
S09027,Ryan,1
S09028,Miguel,17
S09029,Angelica,12
S09030,Christopher,2
S09031,Jason,20
S09032,Joseph,16
S09033,Alexander,19
S09034,Daniel,19
S09035,Megan,7
S09036,Johnny,12
S09037,Taylor,9
S09038,Jessica,5
S09039,Jeffrey,17
S09040,Nancy,20
S09041,Patricia,20
S09042,Omar,6
S09043,Jeffrey,6
S09044,Jason,5
S09045,Maureen,8
S09046,Brian,14
S09047,Isaac,13
S09048,Debbie,12
S09049,Stephen,5
S09050,James,2
S09051,Joel,11
S09052,Keith,17
S09053,John,14
S09054,Connor,7
S09055,Ian,9
S09056,Harold,2
S09057,Kimberly,5
S09058,Tracy,12
S09059,Kelsey,15
S09060,Alexis,20
S09061,Michelle,1
S09062,Lori,15
S09063,Christopher,16
S09064,Katie,17
S09065,Erin,6
S09066,Vanessa,4
S09067,Christopher,17
S09068,Tonya,20
S09069,Melissa,15
S09070,Keith,16
S09071,Christopher,5
S09072,Jesus,13
S09073,Sheila,8
S09074,Brian,5
S09075,Glenn,6
S09076,Scott,1
S09077,Charles,19
S09078,Kenneth,18
S09079,April,15
S09080,Tina,5
S09081,Sarah,6
S09082,Jessica,8
S09083,Pamela,3
S09084,Jenna,5
S09085,Cindy,2
S09086,David,15
S09087,Jennifer,4
S09088,Dawn,14
S09089,Roy,12
S09090,Judith,10
S09091,Sara,6
S09092,Valerie,17
S09093,Christine,17
S09094,Morgan,15
S09095,David,10
S09096,Jennifer,16
S09097,Angela,12
S09098,Jason,15
S09099,Michael,5
S09100,Molly,9
S09101,David,8
S09102,Richard,5
S09103,David,3
S09104,Andrew,5
S09105,Sheri,11
S09106,Brenda,18
S09107,Kristina,2
S09108,Darlene,1
S09109,Gary,9
S09110,Felicia,5
S09111,Donald,17
S09112,Joseph,18
S09113,Timothy,19
S09114,Jesse,18
S09115,Cory,6
S09116,Jennifer,19
S09117,Evan,7
S09118,Micheal,5
S09119,Kristin,20
S09120,Andrew,11
S09121,Bruce,19
S09122,Paul,10
S09123,Danielle,8
S09124,Jamie,9
S09125,Lori,7
S09126,Tiffany,19
S09127,Michael,10
S09128,Oscar,19
S09129,Mary,16
S09130,Dennis,3
S09131,Charles,18
S09132,Kimberly,20
S09133,Krystal,4
S09134,Sydney,18
S09135,William,19
S09136,Chad,5
S09137,Guy,6
S09138,Kelsey,17
S09139,Kayla,3
S09140,Patrick,20
S09141,Shawn,16
S09142,Jennifer,20
S09143,Shannon,16
S09144,Kimberly,7
S09145,Rebecca,1
S09146,Barbara,14
S09147,Kenneth,17
S09148,Rita,10
S09149,Robert,8
S09150,Angela,1
S09151,Ashley,2
S09152,Benjamin,2
S09153,Tammy,15
S09154,Erica,10
S09155,Michelle,1
S09156,Wendy,12
S09157,Melvin,20
S09158,Bradley,17
S09159,Matthew,16
S09160,Jennifer,8
S09161,Robert,5
S09162,Alexander,17
S09163,Patrick,18
S09164,Evan,5
S09165,Daniel,12
S09166,William,13
S09167,William,2
S09168,Steven,12
S09169,Darrell,19
S09170,Julie,15
S09171,Michelle,18
S09172,Carolyn,13
S09173,Gregory,7
S09174,Beth,17
S09175,Jonathan,13
S09176,Taylor,20
S09177,Tamara,8
S09178,Caitlyn,1
S09179,Curtis,1
S09180,Linda,1
S09181,Brad,20
S09182,Rachel,16
S09183,David,16
S09184,Marc,8
S09185,Charles,14
S09186,Alexander,9
S09187,Shannon,10
S09188,Haley,14
S09189,Sarah,6
S09190,Laura,13
S09191,Justin,15
S09192,Brandon,12
S09193,Ryan,12
S09194,Katie,12
S09195,Michael,19
S09196,Tammy,20
S09197,Taylor,5
S09198,Kristen,9
S09199,Nicole,2
S09200,James,1
S09201,Bryan,6
S09202,Mark,6
S09203,Ronald,6
S09204,Juan,5
S09205,Richard,14
S09206,Dana,11
S09207,Jennifer,17
S09208,William,10
S09209,Pamela,11
S09210,Joseph,19
S09211,Kimberly,12
S09212,Cynthia,8
S09213,Michelle,12
S09214,Debra,3
S09215,Danny,3
S09216,John,4
S09217,Robert,6
S09218,Vincent,8
S09219,Jeffrey,2
S09220,Laurie,17
S09221,Sandra,17
S09222,Benjamin,8
S09223,Susan,14
S09224,Scott,1
S09225,Lisa,12
S09226,Jason,17
S09227,Theresa,16
S09228,Edward,20
S09229,Michelle,19
S09230,Nicole,3
S09231,Matthew,18
S09232,Michael,7
S09233,Eric,19
S09234,Jesus,6
S09235,Lee,7
S09236,Marcus,7
S09237,Nancy,16
S09238,Benjamin,19
S09239,Joshua,12
S09240,Christopher,5
S09241,Hunter,1
S09242,Meghan,3
S09243,Sherri,11
S09244,Reginald,18
S09245,David,10
S09246,Keith,16
S09247,Susan,10
S09248,Patrick,1
S09249,Kenneth,15
S09250,Joshua,20
S09251,Elizabeth,3
S09252,Dylan,13
S09253,Tina,15
S09254,Jason,17
S09255,Richard,12
S09256,Jessica,11
S09257,Danielle,15
S09258,Martin,1
S09259,Christopher,4
S09260,Mark,2
S09261,Regina,4
S09262,Wendy,2
S09263,Lauren,17
S09264,Abigail,3
S09265,Ricky,19
S09266,Joseph,4
S09267,Dennis,12
S09268,Amanda,2
S09269,Anna,18
S09270,Philip,13
S09271,Rebecca,11
S09272,Tammy,8
S09273,Michael,20
S09274,Blake,6
S09275,Rebecca,16
S09276,Nicole,2
S09277,Mario,13
S09278,James,10
S09279,Andrea,7
S09280,Elizabeth,2
S09281,Debra,8
S09282,Mary,9
S09283,Ralph,11
S09284,Wendy,20
S09285,Shelly,17
S09286,Thomas,5
S09287,Paul,19
S09288,Catherine,1
S09289,Curtis,8
S09290,Joseph,4
S09291,Robert,11
S09292,Albert,7
S09293,Curtis,5
S09294,Paula,3
S09295,Elizabeth,4
S09296,Donald,17
S09297,Veronica,2
S09298,Cynthia,2
S09299,Angela,12
S09300,Gregory,13
S09301,Jackie,18
S09302,Breanna,13
S09303,Thomas,5
S09304,Justin,17
S09305,Nicole,15
S09306,Christopher,16
S09307,Benjamin,13
S09308,Ricardo,12
S09309,Anita,10
S09310,Lisa,1
S09311,Eric,18
S09312,Manuel,6
S09313,Teresa,6
S09314,Dennis,4
S09315,Raymond,1
S09316,Ashley,2
S09317,Gregory,16
S09318,Kimberly,5
S09319,James,12
S09320,Michael,6
S09321,Michelle,18
S09322,Jeffrey,20
S09323,Paul,9
S09324,Amy,19
S09325,Zachary,4
S09326,Kenneth,13
S09327,Jenny,6
S09328,Diane,19
S09329,Gregory,2
S09330,Marcus,10
S09331,Gerald,2
S09332,Ryan,4
S09333,April,4
S09334,Sean,13
S09335,Steven,20
S09336,Ryan,1
S09337,Elizabeth,18
S09338,Joseph,11
S09339,Erica,5
S09340,Daniel,15
S09341,Marissa,7
S09342,Cynthia,6
S09343,Jacob,10
S09344,Jennifer,9
S09345,Tom,8
S09346,Matthew,3
S09347,Dylan,13
S09348,Michael,14
S09349,Elizabeth,6
S09350,Daniel,5
S09351,Melissa,15
S09352,Erin,19
S09353,Tammie,9
S09354,Rodney,6
S09355,Brian,11
S09356,Jose,4
S09357,Ricky,19
S09358,Ashley,20
S09359,Valerie,1
S09360,Samantha,20
S09361,Sarah,8
S09362,Michael,1
S09363,Brian,20
S09364,Debra,4
S09365,Rick,6
S09366,Angela,9
S09367,Hailey,12
S09368,Jessica,11
S09369,Maria,13
S09370,Oscar,5
S09371,Brandy,14
S09372,James,6
S09373,Erica,1
S09374,Shelly,20
S09375,Shannon,16
S09376,Christopher,14
S09377,Ashley,18
S09378,Martha,3
S09379,Jacob,9
S09380,William,17
S09381,Caitlin,8
S09382,Joel,2
S09383,Michael,13
S09384,Patrick,8
S09385,Randy,17
S09386,Autumn,7
S09387,Kimberly,6
S09388,Angela,20
S09389,Jennifer,20
S09390,Arthur,14
S09391,Sarah,16
S09392,Jonathan,3
S09393,William,14
S09394,Jeffrey,17
S09395,Laura,4
S09396,Christy,10
S09397,Nicholas,6
S09398,Natalie,1
S09399,Steven,6
S09400,Thomas,11
S09401,Samuel,5
S09402,James,20
S09403,Tammie,16
S09404,Jeffrey,8
S09405,Todd,7
S09406,Jennifer,10
S09407,Diana,5
S09408,Miranda,2
S09409,Ashley,17
S09410,George,2
S09411,Terri,15
S09412,Whitney,5
S09413,Matthew,2
S09414,Jo,7
S09415,Daniel,11
S09416,Debbie,17
S09417,James,5
S09418,Kevin,14
S09419,Elizabeth,11
S09420,Gabriella,12
S09421,Erica,16
S09422,Joseph,6
S09423,Melissa,10
S09424,Tyler,17
S09425,Carlos,5
S09426,Lance,15
S09427,Kelly,13
S09428,Ronald,9
S09429,Kristin,13
S09430,Brandy,18
S09431,Kenneth,14
S09432,Brandon,18
S09433,Martha,15
S09434,Brian,5
S09435,Brett,14
S09436,Jennifer,4
S09437,Benjamin,14
S09438,Richard,7
S09439,Victoria,5
S09440,Harold,10
S09441,Stephanie,14
S09442,Brian,9
S09443,Shirley,19
S09444,Crystal,7
S09445,Kristen,5
S09446,William,17
S09447,Karen,12
S09448,Scott,11
S09449,Jamie,5
S09450,Sean,1
S09451,Kevin,19
S09452,Andrea,8
S09453,Roberto,9
S09454,Keith,3
S09455,Travis,7
S09456,Shane,8
S09457,Cory,15
S09458,Laura,19
S09459,Michael,4
S09460,Ian,10
S09461,Rebecca,19
S09462,Eddie,2
S09463,Matthew,7
S09464,Tamara,10
S09465,Mario,16
S09466,Sarah,8
S09467,John,19
S09468,Matthew,15
S09469,Matthew,11
S09470,Rachel,18
S09471,Ashley,12
S09472,Cindy,14
S09473,Judith,11
S09474,Deanna,17
S09475,Harry,18
S09476,Kathleen,7
S09477,Michelle,12
S09478,Matthew,3
S09479,James,10
S09480,Stephanie,3
S09481,Kimberly,16
S09482,Rose,19
S09483,Michael,5
S09484,Debra,8
S09485,Rhonda,19
S09486,Kayla,10
S09487,Vanessa,5
S09488,Lydia,11
S09489,William,11
S09490,Paula,6
S09491,Sarah,14
S09492,Regina,5
S09493,Jason,17
S09494,Elizabeth,3
S09495,James,13
S09496,Denise,4
S09497,Erica,7
S09498,Maria,16
S09499,James,16
S09500,Rebecca,2
S09501,Jenna,5
S09502,Jennifer,4
S09503,Daniel,6
S09504,Tracey,16
S09505,Mary,4
S09506,Timothy,20
S09507,Tanner,11
S09508,Tyler,17
S09509,Janice,16
S09510,Samuel,12
S09511,Kelly,5
S09512,Bethany,15
S09513,Brittany,11
S09514,Larry,14
S09515,Angela,19
S09516,Jason,5
S09517,Amanda,11
S09518,Allison,20
S09519,Bryan,14
S09520,Robert,5
S09521,Jamie,11
S09522,Christopher,16
S09523,Monica,3
S09524,Angela,16
S09525,Frank,11
S09526,Robert,3
S09527,Shawn,3
S09528,Haley,9
S09529,Heather,14
S09530,Jeffrey,14
S09531,Dylan,13
S09532,Shannon,6
S09533,Gloria,19
S09534,Christina,19
S09535,Meredith,12
S09536,Douglas,3
S09537,Darrell,5
S09538,Patrick,19
S09539,Kathy,9
S09540,Angelica,2
S09541,Mike,6
S09542,Donald,3
S09543,Justin,11
S09544,Diana,1
S09545,Cynthia,3
S09546,Christina,11
S09547,Katelyn,1
S09548,David,5
S09549,Cassandra,9
S09550,Aaron,3
S09551,Catherine,6
S09552,Yolanda,2
S09553,Norma,11
S09554,Michael,13
S09555,Eric,15
S09556,Brooke,17
S09557,Rachel,4
S09558,Brittany,12
S09559,Brian,8
S09560,Mark,13
S09561,Christina,20
S09562,Jeffrey,7
S09563,Jodi,12
S09564,Tiffany,16
S09565,Michael,1
S09566,Tina,7
S09567,Jessica,4
S09568,Brian,19
S09569,Heather,19
S09570,Mathew,1
S09571,Juan,13
S09572,Susan,4
S09573,Rachel,12
S09574,Craig,5
S09575,Alexis,11
S09576,David,19
S09577,John,17
S09578,Eric,13
S09579,Jeffery,14
S09580,Roy,5
S09581,Kathleen,18
S09582,Phyllis,18
S09583,Margaret,12
S09584,Jonathan,5
S09585,Whitney,1
S09586,Alan,20
S09587,Deborah,14
S09588,Anne,9
S09589,Mike,13
S09590,Tonya,18
S09591,Suzanne,11
S09592,John,12
S09593,Jacob,19
S09594,Jake,19
S09595,Kaitlin,16
S09596,Victor,8
S09597,Donna,7
S09598,Carlos,7
S09599,Natasha,16
S09600,Nathan,4
S09601,Troy,2
S09602,Cole,12
S09603,Leslie,15
S09604,Kellie,19
S09605,Joel,1
S09606,Alexander,5
S09607,Charles,17
S09608,Veronica,5
S09609,John,15
S09610,Joseph,15
S09611,Karen,15
S09612,Samantha,6
S09613,Robert,3
S09614,Claudia,12
S09615,Samuel,6
S09616,Nicholas,5
S09617,James,15
S09618,Judith,7
S09619,Stephanie,3
S09620,Kelly,4
S09621,Amber,12
S09622,Michele,11
S09623,David,14
S09624,Dillon,11
S09625,Christina,3
S09626,Kristine,19
S09627,Karen,1
S09628,Luis,10
S09629,Kimberly,11
S09630,William,1
S09631,Joseph,4
S09632,Todd,18
S09633,Cody,16
S09634,Kayla,13
S09635,Charles,2
S09636,Thomas,5
S09637,Eric,4
S09638,Crystal,2
S09639,Zachary,18
S09640,Charles,2
S09641,Michelle,15
S09642,April,17
S09643,Brandon,14
S09644,Juan,14
S09645,Kimberly,16
S09646,Brian,14
S09647,Mariah,9
S09648,Mark,9
S09649,Jonathan,12
S09650,Chad,7
S09651,Rebecca,5
S09652,Cassandra,2
S09653,Lisa,16
S09654,Susan,4
S09655,Jeremiah,17
S09656,Bonnie,20
S09657,Paul,4
S09658,Gregory,6
S09659,Jerry,16
S09660,Jennifer,20
S09661,Jorge,20
S09662,Michael,8
S09663,Samantha,4
S09664,Christopher,6
S09665,Anita,1
S09666,Roger,14
S09667,Margaret,19
S09668,Sarah,4
S09669,Jack,16
S09670,Brenda,9
S09671,Dakota,8
S09672,Sandra,7
S09673,Michelle,14
S09674,Jennifer,16
S09675,Jessica,10
S09676,Teresa,9
S09677,Gabriela,12
S09678,Brenda,3
S09679,Courtney,12
S09680,Lauren,9
S09681,Jeffrey,13
S09682,Brittany,16
S09683,Christopher,13
S09684,Christopher,18
S09685,Tracy,2
S09686,James,9
S09687,Courtney,6
S09688,Robert,20
S09689,Richard,2
S09690,Trevor,15
S09691,Jamie,6
S09692,Matthew,2
S09693,Heather,16
S09694,Amy,13
S09695,Richard,18
S09696,Scott,12
S09697,Daniel,16
S09698,Loretta,17
S09699,Jason,7
S09700,Brian,4
S09701,Andrew,18
S09702,Dennis,9
S09703,Andrew,13
S09704,Scott,20
S09705,Rebecca,20
S09706,Stacy,12
S09707,Troy,2
S09708,Susan,10
S09709,Kent,18
S09710,Kenneth,3
S09711,Margaret,11
S09712,Emily,5
S09713,Taylor,16
S09714,Kathryn,13
S09715,Sonya,20
S09716,John,18
S09717,Sara,8
S09718,Christina,3
S09719,Rachel,20
S09720,Carrie,1
S09721,Linda,2
S09722,Michael,11
S09723,Janet,4
S09724,Patrick,11
S09725,Michelle,12
S09726,Matthew,17
S09727,Amanda,14
S09728,Randall,14
S09729,Erica,12
S09730,Vanessa,19
S09731,Michael,19
S09732,Jerry,16
S09733,Anthony,2
S09734,April,9
S09735,Andrea,16
S09736,Ricky,11
S09737,Frank,15
S09738,Michael,20
S09739,Marcus,1
S09740,Sarah,18
S09741,Megan,3
S09742,Jason,2
S09743,Samuel,2
S09744,John,6
S09745,Mark,3
S09746,Julia,4
S09747,Cynthia,20
S09748,Raymond,18
S09749,Chris,14
S09750,Mary,2
S09751,Duane,2
S09752,Pamela,1
S09753,Matthew,5
S09754,Mary,17
S09755,Ashley,12
S09756,Dustin,3
S09757,Joan,10
S09758,Kevin,18
S09759,Gary,20
S09760,Ronnie,11
S09761,Jesse,11
S09762,Christina,15
S09763,Cheryl,18
S09764,Debra,5
S09765,Lynn,8
S09766,Anthony,1
S09767,Kristin,17
S09768,Juan,10
S09769,Scott,19
S09770,Derek,17
S09771,Miranda,2
S09772,Laurie,13
S09773,Juan,17
S09774,Riley,1
S09775,Brian,5
S09776,Pamela,19
S09777,Miguel,19
S09778,Cynthia,18
S09779,Amanda,13
S09780,Terri,7
S09781,Bruce,9
S09782,Jennifer,11
S09783,Jordan,5
S09784,Amanda,15
S09785,Dawn,16
S09786,Christopher,18
S09787,Michael,5
S09788,Edward,1
S09789,Katherine,16
S09790,William,6
S09791,Karl,3
S09792,Kimberly,10
S09793,Joseph,6
S09794,Lindsey,3
S09795,Angela,13
S09796,Bradley,12
S09797,Marcus,11
S09798,Jason,4
S09799,Benjamin,17
S09800,Sean,2
S09801,Keith,17
S09802,Vincent,5
S09803,Julie,19
S09804,Bradley,11
S09805,Max,3
S09806,Brenda,9
S09807,Cody,18
S09808,Austin,20
S09809,Anna,4
S09810,Curtis,3
S09811,Howard,12
S09812,Mary,13
S09813,Erin,13
S09814,Cameron,9
S09815,Samantha,14
S09816,Susan,13
S09817,Douglas,1
S09818,Samantha,10
S09819,Anna,9
S09820,Jessica,19
S09821,Joshua,8
S09822,Alex,2
S09823,Amy,9
S09824,James,11
S09825,Amanda,13
S09826,Robert,19
S09827,Bernard,7
S09828,Amy,6
S09829,Kelly,17
S09830,Thomas,6
S09831,Erin,5
S09832,Tina,11
S09833,Christine,1
S09834,Tom,5
S09835,Rhonda,17
S09836,Ryan,8
S09837,Tyler,6
S09838,Stephanie,2
S09839,Jo,10
S09840,Christopher,1
S09841,Michael,3
S09842,Patricia,12
S09843,Timothy,13
S09844,Courtney,15
S09845,Jacob,9
S09846,Cynthia,7
S09847,Brenda,10
S09848,Hunter,15
S09849,Angela,15
S09850,Heidi,2
S09851,Sarah,10
S09852,Raymond,12
S09853,Natalie,8
S09854,Emily,5
S09855,Bryan,16
S09856,Cathy,5
S09857,Nicole,13
S09858,Jason,8
S09859,Briana,19
S09860,James,11
S09861,Matthew,18
S09862,Diane,13
S09863,Norma,9
S09864,James,4
S09865,Maria,11
S09866,Meghan,6
S09867,Jennifer,17
S09868,Christine,6
S09869,Veronica,4
S09870,Debbie,14
S09871,Heidi,1
S09872,Brenda,15
S09873,Roger,2
S09874,Adrian,2
S09875,Matthew,12
S09876,Monica,18
S09877,Susan,2
S09878,Marissa,17
S09879,Felicia,17
S09880,Alec,18
S09881,Matthew,19
S09882,Jerry,20
S09883,Jennifer,13
S09884,Samantha,20
S09885,Dawn,11
S09886,Jeremy,19
S09887,Bobby,3
S09888,Susan,17
S09889,Monica,4
S09890,Teresa,5
S09891,Shannon,18
S09892,Jessica,18
S09893,Steven,10
S09894,Dustin,11
S09895,Leslie,8
S09896,Steven,16
S09897,David,15
S09898,Brian,19
S09899,Daniel,16
S09900,Christina,1
S09901,Brady,10
S09902,April,10
S09903,Veronica,17
S09904,Robert,18
S09905,Tony,8
S09906,Angelica,3
S09907,Jose,13
S09908,Jennifer,3
S09909,Brittany,6
S09910,Joshua,2
S09911,Christine,4
S09912,Kevin,2
S09913,Ashley,12
S09914,Samantha,7
S09915,Rick,11
S09916,Tiffany,9
S09917,Anthony,6
S09918,Christina,2
S09919,Cynthia,8
S09920,Eric,8
S09921,Katherine,13
S09922,Lori,12
S09923,Julia,17
S09924,Karen,14
S09925,David,19
S09926,Martin,17
S09927,Sarah,12
S09928,Sergio,16
S09929,Ryan,9
S09930,Samantha,3
S09931,Jacob,15
S09932,Drew,15
S09933,Heidi,11
S09934,Melissa,3
S09935,William,11
S09936,Samantha,18
S09937,Gabriel,17
S09938,Gary,13
S09939,Kristen,1
S09940,Amy,7
S09941,Tamara,14
S09942,Angela,15
S09943,Amy,8
S09944,Michele,11
S09945,Kayla,19
S09946,Paul,9
S09947,Amanda,2
S09948,Dawn,13
S09949,Melanie,6
S09950,Bryan,19
S09951,Kathryn,18
S09952,Monique,9
S09953,Heather,4
S09954,Brenda,2
S09955,Christopher,7
S09956,Rebecca,16
S09957,Brian,15
S09958,Matthew,6
S09959,Nathan,12
S09960,Brooke,14
S09961,Audrey,12
S09962,Daniel,7
S09963,Ronald,17
S09964,Sandra,1
S09965,Victoria,4
S09966,Patrick,19
S09967,Heather,14
S09968,James,11
S09969,Brandon,12
S09970,Raymond,11
S09971,Oscar,19
S09972,Rachel,12
S09973,Annette,2
S09974,Jo,17
S09975,Laura,6
S09976,Amy,18
S09977,Kevin,18
S09978,Damon,6
S09979,Donna,20
S09980,Brian,4
S09981,Michael,6
S09982,Danielle,8
S09983,Marissa,6
S09984,Kevin,8
S09985,Cassandra,4
S09986,Regina,19
S09987,Ronnie,20
S09988,Gregory,6
S09989,Timothy,15
S09990,Christopher,10
S09991,Jennifer,18
S09992,Linda,19
S09993,Stephen,7
S09994,Justin,4
S09995,Timothy,7
S09996,Mark,13
S09997,William,1
S09998,Douglas,17
S09999,Barbara,10
S10000,Angel,4
